jurisdiction,folded_token,restored_token,share
vn,nhien,nhiên,1.0000
vn,sach,sách,0.9224
vn,onuoc,ởnước,1.0000
vn,nong,nông,0.9403
vn,chuoco,chủởcơ,1.0000
vn,phia,phía,1.0000
vn,tylephieu,tỷlệphiếu,1.0000
vn,phutang,phủtặng,1.0000
vn,nhiem,nhiệm,0.9849
vn,hung,hùng,0.9125
vn,giu,giữ,1.0000
vn,sac,sắc,0.9661
vn,hehuu,hệhữu,1.0000
vn,quo,quố,1.0000
vn,binghihuu,bịnghỉhưu,1.0000
vn,diep,điệp,1.0000
vn,nenep,nềnếp,1.0000
vn,xeng,xèng,1.0000
vn,phieu,phiếu,1.0000
vn,vuon,vườn,1.0000
vn,ngheda,nghệđã,1.0000
vn,dola,đôla,1.0000
vn,dean,đềán,1.0000
vn,khieu,khiếu,0.9979
vn,bgddt,bgdđt,1.0000
vn,chuky,chữký,1.0000
vn,nuc,nục,1.0000
vn,chiec,chiếc,1.0000
vn,sam,sắm,0.9918
vn,nhuc,nhục,1.0000
vn,suhoac,sựhoặc,1.0000
vn,rui,rủi,1.0000
vn,cuu,cứu,0.9770
vn,phay,phẩy,0.9062
vn,omot,ởmột,1.0000
vn,vat,vật,0.9980
vn,lon,lớn,0.9765
vn,ta,tả,0.9498
vn,bikyluat,bịkỷluật,1.0000
vn,phuong,phương,0.9817
vn,cophan,cổphần,1.0000
vn,lu,lũ,0.9278
vn,bldtbxh,blđtbxh,1.0000
vn,trat,trật,0.9987
vn,rua,rửa,1.0000
vn,nghihuu,nghỉhưu,1.0000
vn,quasang,quảsáng,1.0000
vn,cuc,cục,0.9555
vn,vetruoc,vềtrước,1.0000
vn,thekhong,thểkhông,1.0000
vn,tieng,tiếng,0.9912
vn,san,sản,0.9843
vn,hehop,hệhợp,1.0000
vn,thechap,thểchấp,1.0000
vn,diem,điểm,0.9979
vn,buoi,buổi,1.0000
vn,trucac,trừcác,1.0000
vn,menh,mệnh,1.0000
vn,so59,số59,1.0000
vn,000d,000đ,1.0000
vn,lop,lớp,0.9934
vn,ketungay,kểtừngày,1.0000
vn,sieu,siêu,1.0000
vn,tungay,từngày,1.0000
vn,hiep,hiệp,0.9815
vn,tudo,tựdo,1.0000
vn,nap,nạp,0.9535
vn,sudung,sửdụng,1.0000
vn,dovemoi,độvềmọi,1.0000
vn,xto,xtơ,1.0000
vn,du10,đủ10,1.0000
vn,trom,trộm,1.0000
vn,tetai,tếtại,1.0000
vn,trich,trích,0.9975
vn,denghicua,đềnghịcủa,1.0000
vn,bun,bùn,1.0000
vn,denghitang,đềnghịtặng,1.0000
vn,thehoan,thểhoàn,1.0000
vn,hoac,hoặc,1.0000
vn,phi,phí,0.9066
vn,vutochuc,vụtổchức,1.0000
vn,thang,tháng,0.9811
vn,soat,soát,0.9994
vn,chup,chụp,1.0000
vn,phoi,phối,0.9837
vn,lui,lùi,1.0000
vn,thuoc,thuộc,0.9678
vn,lut,lụt,0.9853
vn,lit,lít,1.0000
vn,hoso,hồsơ,0.9988
vn,nghin,nghìn,1.0000
vn,quytin,quỹtín,1.0000
vn,lech,lệch,1.0000
vn,ha,hạ,0.9411
vn,vudang,vụđảng,1.0000
vn,bodoi,bộđội,1.0000
vn,tucua,tửcủa,1.0000
vn,khanang,khảnăng,1.0000
vn,chitieu,chỉtiêu,1.0000
vn,boda,bộđã,1.0000
vn,thuyet,thuyết,1.0000
vn,bkhdt,bkhđt,0.9375
vn,duoi,dưới,0.9909
vn,nguon,nguồn,0.9785
vn,vikem,vịkèm,1.0000
vn,denghithong,đềnghịthống,1.0000
vn,ruou,rượu,1.0000
vn,tocao,tốcáo,1.0000
vn,cheo,chéo,1.0000
vn,vico,vịcó,1.0000
vn,dim,dìm,1.0000
vn,teduoc,tếđược,1.0000
vn,vigui,vịgửi,1.0000
vn,hanh,hành,0.9891
vn,suat,suất,0.9963
vn,hoc,học,0.9987
vn,ngung,ngừng,0.9567
vn,uop,ướp,1.0000
vn,khop,khớp,1.0000
vn,giup,giúp,1.0000
vn,mieng,miếng,0.9703
vn,dvcnt,đvcnt,0.9928
vn,tim,tìm,0.9722
vn,so06,số06,1.0000
vn,kip,kịp,0.9985
vn,denghilap,đềnghịlập,1.0000
vn,denghianh,đềnghịanh,1.0000
vn,lich,lịch,0.9952
vn,kenh,kênh,0.9833
vn,tokhai,tờkhai,1.0000
vn,dieu,điều,0.9997
vn,nghi,nghị,0.9747
vn,chuong,chương,0.9933
vn,gach,gạch,1.0000
vn,thelao,thểlao,1.0000
vn,chenh,chênh,1.0000
vn,hep,hẹp,1.0000
vn,xuc,xúc,1.0000
vn,sec,séc,1.0000
vn,triet,triệt,1.0000
vn,phocua,phốcủa,1.0000
vn,tu05,từ05,1.0000
vn,vuc,vực,0.9994
vn,kem,kèm,0.9698
vn,nui,núi,1.0000
vn,quaxet,quảxét,1.0000
vn,viet,việt,0.9443
vn,botrinh,bộtrình,1.0000
vn,so02,số02,1.0000
vn,catruong,cảtrường,1.0000
vn,tunam,từnăm,1.0000
vn,phunuoc,phủnước,1.0000
vn,xuly,xửlý,1.0000
vn,lap,lập,0.9072
vn,khuyet,khuyết,1.0000
vn,vong,vòng,0.9052
vn,dexuat,đềxuất,1.0000
vn,hen,hẹn,0.9718
vn,trinh,trình,0.9979
vn,dh,đh,0.9442
vn,hop,hợp,0.9729
vn,bixuly,bịxửlý,1.0000
vn,quydinh,quyđịnh,1.0000
vn,xep,xếp,1.0000
vn,hogia,hộgia,1.0000
vn,quaap,quảáp,1.0000
vn,ngon,ngôn,0.9712
vn,bodoan,bộđoàn,1.0000
vn,don,đơn,0.9788
vn,duyet,duyệt,1.0000
vn,nghethuat,nghệthuật,1.0000
vn,tieu,tiêu,0.9728
vn,vubuu,vụbưu,1.0000
vn,quabophieu,quảbỏphiếu,1.0000
vn,som,sớm,1.0000
vn,qd,qđ,0.9668
vn,kham,khám,0.9704
vn,uu,ưu,0.9994
vn,denghidanh,đềnghịdanh,1.0000
vn,khich,khích,1.0000
vn,tgd,tgđ,1.0000
vn,uot,ướt,1.0000
vn,sot,sót,0.9893
vn,ldtbxh,lđtbxh,1.0000
vn,so98,số98,1.0000
vn,du15,đủ15,1.0000
vn,chat,chất,0.9427
vn,kiet,kiệt,1.0000
vn,quachinh,quảchính,1.0000
vn,kykhang,kỳkháng,1.0000
vn,lanh,lãnh,0.9123
vn,trithiet,trịthiết,1.0000
vn,so01,số01,1.0000
vn,nac,nặc,0.9091
vn,chedobao,chếđộbáo,1.0000
vn,trac,trắc,0.9881
vn,luat,luật,1.0000
vn,so11,số11,1.0000
vn,trutheo,trữtheo,1.0000
vn,lay,lấy,0.9894
vn,phuoc,phước,1.0000
vn,vtd,vtđ,1.0000
vn,trieu,triệu,0.9945
vn,but,bút,1.0000
vn,so09,số09,1.0000
vn,chuc,chức,0.9991
vn,tep,tệp,0.9952
vn,mang,mạng,0.9372
vn,cua,của,0.9930
vn,vuhoac,vụhoặc,1.0000
vn,he,hệ,0.9988
vn,xui,xúi,1.0000
vn,doai,đoái,1.0000
vn,viquyet,vịquyết,1.0000
vn,tuu,tựu,0.9667
vn,bonghiep,bỏnghiệp,1.0000
vn,thesuy,thểsuy,1.0000
vn,veviec,vềviệc,1.0000
vn,cothi,cờthi,1.0000
vn,vua,vừa,0.9850
vn,om,ốm,1.0000
vn,dun,đun,0.9861
vn,may,máy,0.9431
vn,dochuyen,độchuyên,1.0000
vn,vetu,vềtư,1.0000
vn,detai,đềtài,1.0000
vn,xam,xâm,0.9752
vn,ki,kí,0.9650
vn,vot,vớt,0.9982
vn,cova,cốvà,1.0000
vn,trivung,trịvững,1.0000
vn,botruoc,bộtrước,1.0000
vn,suot,suốt,1.0000
vn,thiep,thiệp,1.0000
vn,hue,huế,0.9250
vn,phudo,phủdo,1.0000
vn,son,sơn,0.9806
vn,guong,gương,0.9834
vn,vevat,vềvật,1.0000
vn,nay,này,0.9949
vn,loai,loại,0.9677
vn,giac,giác,1.0000
vn,met,mét,1.0000
vn,uc,úc,0.9000
vn,xu,xử,0.9894
vn,khuon,khuôn,0.9518
vn,mep,mép,1.0000
vn,vihoac,vịhoặc,1.0000
vn,xuat,xuất,0.9968
vn,ketruoc,kềtrước,1.0000
vn,hethong,hệthống,1.0000
vn,ngoc,ngọc,1.0000
vn,hec,héc,1.0000
vn,sohoac,sởhoặc,1.0000
vn,chuan,chuẩn,1.0000
vn,khach,khách,1.0000
vn,tap,tập,0.9435
vn,chidao,chỉđạo,1.0000
vn,giugin,giữgìn,1.0000
vn,ngheo,nghèo,1.0000
vn,thiec,thiếc,1.0000
vn,chot,chốt,1.0000
vn,so151,số151,1.0000
vn,vitruoc,vịtrước,1.0000
vn,linh,lĩnh,0.9386
vn,phot,phốt,1.0000
vn,luot,lượt,1.0000
vn,khuc,khúc,1.0000
vn,decong,đềcông,1.0000
vn,cac,các,0.9999
vn,thuyen,thuyền,0.9505
vn,tao,tạo,0.9982
vn,thenguoi,thểngười,1.0000
vn,thon,thôn,0.9785
vn,phang,phẳng,1.0000
vn,gin,gìn,1.0000
vn,vecong,vềcông,1.0000
vn,chuoi,chuỗi,0.9916
vn,tukhi,từkhi,1.0000
vn,yet,yết,1.0000
vn,giua,giữa,0.9968
vn,detruy,đểtruy,1.0000
vn,vithuc,vịthực,1.0000
vn,bodexuat,bộđềxuất,1.0000
vn,va,và,0.9990
vn,buong,buồng,0.9697
vn,giai,giải,0.9303
vn,nhiet,nhiệt,1.0000
vn,hochi,hồchí,1.0000
vn,si,sĩ,0.9976
vn,kehoach,kếhoạch,0.9231
vn,nguyen,nguyên,0.9085
vn,khep,khép,1.0000
vn,xuyen,xuyên,1.0000
vn,kiem,kiểm,0.9609
vn,rat,rất,1.0000
vn,chiu,chịu,1.0000
vn,bokiem,bộkiểm,1.0000
vn,nghidinh,nghịđịnh,1.0000
vn,thethuoc,thểthuộc,1.0000
vn,nhuong,nhượng,0.9828
vn,nghicap,nghịcấp,1.0000
vn,thoi,thời,0.9868
vn,sunghiep,sựnghiệp,1.0000
vn,dephoi,đểphối,1.0000
vn,mao,mạo,1.0000
vn,thuat,thuật,0.9979
vn,nhuom,nhuộm,1.0000
vn,gao,gạo,0.9091
vn,phep,phép,1.0000
vn,ung,ứng,0.9956
vn,yen,yên,1.0000
vn,ren,rèn,0.9394
vn,rao,rào,0.9655
vn,xac,xác,1.0000
vn,lun,lún,0.9615
vn,botu,bộtư,1.0000
vn,nan,nạn,0.9734
vn,goc,gốc,0.9277
vn,bndp,bnđp,0.9655
vn,xuan,xuân,1.0000
vn,khong,không,0.9970
vn,ngau,ngẫu,1.0000
vn,rut,rút,1.0000
vn,vao,vào,1.0000
vn,luu,lưu,0.9633
vn,kha,khả,0.9767
vn,mem,mềm,0.9993
vn,hang,hàng,0.9195
vn,nuoi,nuôi,1.0000
vn,ngua,ngừa,0.9739
vn,qdxl,qđxl,1.0000
vn,nganh,ngành,1.0000
vn,tren,trên,0.9997
vn,lac,lạc,0.9949
vn,tu02,từ02,1.0000
vn,bihy,bịhy,1.0000
vn,suc,sức,0.9715
vn,soan,soạn,1.0000
vn,thutuc,thủtục,1.0000
vn,trolen,trởlên,1.0000
vn,cuop,cướp,1.0000
vn,huynh,huỳnh,0.9167
vn,nhay,nhạy,0.9115
vn,theguong,thểgương,1.0000
vn,gui,gửi,1.0000
vn,oto,ôtô,1.0000
vn,1den,1đến,1.0000
vn,tuthien,từthiện,1.0000
vn,het,hết,0.9972
vn,bico,bịcơ,1.0000
vn,thunhat,thứnhất,1.0000
vn,hat,hạt,0.9983
vn,so10,số10,1.0000
vn,pha,phá,0.9450
vn,viva,vịvà,1.0000
vn,tui,túi,1.0000
vn,viec,việc,1.0000
vn,so13,số13,1.0000
vn,tuoc,tước,0.9957
vn,tochuc,tổchức,1.0000
vn,nghieng,nghiêng,1.0000
vn,pyrit,pyrít,1.0000
vn,gop,góp,0.9777
vn,dexet,đểxét,1.0000
vn,buyt,buýt,1.0000
vn,toquoc,tổquốc,1.0000
vn,keu,kêu,1.0000
vn,bongan,bộngân,1.0000
vn,ria,rịa,1.0000
vn,noluc,nỗlực,1.0000
vn,tu90,từ90,1.0000
vn,rap,ráp,0.9667
vn,vuan,vụán,1.0000
vn,vetoquoc,vệtổquốc,1.0000
vn,quen,quên,0.9836
vn,tau,tàu,0.9103
vn,dinh,định,0.9833
vn,hach,hạch,0.9990
vn,thuan,thuận,0.9747
vn,luyen,luyện,1.0000
vn,cong,công,0.9131
vn,hinh,hình,0.9990
vn,chau,châu,0.9176
vn,vudecac,vụđểcác,1.0000
vn,chiet,chiết,1.0000
vn,dia,địa,0.9869
vn,doat,đoạt,1.0000
vn,ran,rắn,0.9412
vn,thep,thép,0.9778
vn,thac,thác,0.9943
vn,theda,thểđã,1.0000
vn,trach,trách,0.9999
vn,tiet,tiết,0.9967
vn,bieu,biểu,0.9650
vn,hoai,hoại,0.9984
vn,xang,xăng,1.0000
vn,chutruong,chủtrương,1.0000
vn,denghi,đềnghị,1.0000
vn,so04,số04,1.0000
vn,chutich,chủtịch,1.0000
vn,tenan,tệnạn,1.0000
vn,la,là,0.9869
vn,suon,sườn,1.0000
vn,tuthuc,tựthực,1.0000
vn,khang,kháng,0.9159
vn,ly,lý,0.9965
vn,bokhoa,bộkhoa,1.0000
vn,nganhang,ngânhàng,1.0000
vn,vutruong,vụtrưởng,1.0000
vn,luy,lũy,0.9651
vn,trusoco,trụsởcơ,1.0000
vn,phien,phiên,0.9557
vn,quyet,quyết,0.9996
vn,huyen,huyện,0.9894
vn,nghethong,nghệthông,1.0000
vn,bithanh,bịthành,1.0000
vn,hac,hắc,1.0000
vn,kyniem,kỷniệm,1.0000
vn,trogiup,trợgiúp,1.0000
vn,hoat,hoạt,0.9999
vn,nghicua,nghịcủa,1.0000
vn,socac,sốcác,1.0000
vn,du20,đủ20,1.0000
vn,truot,trượt,1.0000
vn,bau,bầu,0.9970
vn,cuket,cứkết,1.0000
vn,xoi,xói,0.9615
vn,che,chế,0.9529
vn,bu,bù,0.9902
vn,gieng,giếng,0.9674
vn,denghiveviec,đềnghịvềviệc,1.0000
vn,benh,bệnh,0.9984
vn,thoat,thoát,1.0000
vn,duoc,được,0.9988
vn,uoc,ước,0.9982
vn,ngap,ngập,1.0000
vn,ten,tên,0.9581
vn,botham,bộtham,1.0000
vn,venh,vênh,1.0000
vn,thetrong,thểtrong,1.0000
vn,cum,cụm,0.9991
vn,mytruoc,mỹtrước,1.0000
vn,cang,cảng,0.9420
vn,mau,mẫu,0.9278
vn,photruc,phốtrực,1.0000
vn,chim,chìm,0.9935
vn,khao,khảo,1.0000
vn,rai,rãi,0.9091
vn,cudi,cửđi,1.0000
vn,mun,mùn,1.0000
vn,vechedothong,vềchếđộthông,1.0000
vn,me,mẹ,0.9265
vn,ghep,ghép,1.0000
vn,quet,quét,1.0000
vn,cuoi,cuối,0.9916
vn,so05,số05,1.0000
vn,huu,hữu,0.9597
vn,nhua,nhựa,1.0000
vn,vinoi,vịnơi,1.0000
vn,dxpa,đxpa,1.0000
vn,loan,loạn,0.9355
vn,uiong,ứiông,0.9167
vn,ngan,ngân,0.9725
vn,tong,tổng,0.9942
vn,tach,tách,1.0000
vn,quathuc,quảthực,1.0000
vn,luoc,lược,0.9975
vn,thung,thùng,0.9804
vn,khanh,khánh,1.0000
vn,tiem,tiềm,0.9052
vn,truyen,truyền,0.9989
vn,nien,niên,1.0000
vn,dutieu,đủtiêu,1.0000
vn,vukhac,vụkhác,1.0000
vn,mach,mạch,1.0000
vn,chanh,chánh,0.9990
vn,so152,số152,1.0000
vn,xach,xách,1.0000
vn,ptd,ptđ,1.0000
vn,hoan,hoàn,0.9536
vn,rung,rừng,0.9853
vn,hdnd,hđnd,1.0000
vn,gac,gác,0.9474
vn,von,vốn,0.9975
vn,vun,vụn,0.9815
vn,denghiduoc,đềnghịđược,1.0000
vn,kythuat,kỹthuật,1.0000
vn,chedothong,chếđộthông,1.0000
vn,nghiep,nghiệp,0.9995
vn,vuchien,vụchiến,1.0000
vn,thekhac,thểkhác,1.0000
vn,thehetre,thếhệtrẻ,1.0000
vn,nhieu,nhiều,0.9182
vn,hiem,hiểm,0.9675
vn,quatrong,quảtrong,1.0000
vn,deb,đểb,1.0000
vn,lenh,lệnh,0.9996
vn,ttdt,ttđt,0.9935
vn,hu,hư,0.9776
vn,khia,khía,1.0000
vn,han,hạn,0.9937
vn,my,mỹ,0.9788
vn,quoc,quốc,0.9994
vn,checua,chếcủa,1.0000
vn,kin,kín,1.0000
vn,btdt,btđt,1.0000
vn,kecaca,kểcảcá,1.0000
vn,vengan,vềngân,1.0000
vn,luon,luôn,1.0000
vn,tridac,trịđặc,1.0000
vn,quacao,quảcao,1.0000
vn,ep,ép,1.0000
vn,suoi,suối,1.0000
vn,nhe,nhẹ,1.0000
vn,thuy,thủy,0.9311
vn,chunghia,chủnghĩa,1.0000
vn,phe,phê,0.9856
vn,vitrinh,vịtrình,1.0000
vn,so197,số197,1.0000
vn,khoan,khoản,0.9731
vn,phudenghi,phủđềnghị,1.0000
vn,ich,ích,0.9993
vn,luoi,lưới,0.9916
vn,so08,số08,1.0000
vn,dotinh,đỡtinh,1.0000
vn,nghehoac,nghệhoặc,1.0000
vn,suma,sựmà,1.0000
vn,tucho,tửcho,1.0000
vn,trot,trọt,1.0000
vn,nai,nại,0.9745
vn,dut,dứt,0.9914
vn,deu,đều,1.0000
vn,theduoc,thểđược,1.0000
vn,kyluat,kỷluật,0.9890
vn,ang,ăng,0.9659
vn,trien,triển,0.9999
vn,xau,xấu,0.9835
vn,phai,phải,0.9827
vn,ngu,ngữ,0.9308
vn,sohoso,sốhồsơ,1.0000
vn,uy,ủy,0.9248
vn,nhanuoc,nhànước,1.0000
vn,chao,chào,0.9797
vn,theco,thểcó,1.0000
vn,nguoc,ngược,0.9896
vn,uom,ươm,1.0000
vn,quyen,quyền,0.9981
vn,vuchung,vụchứng,1.0000
vn,chiem,chiếm,0.9785
vn,hecong,hệcông,1.0000
vn,hoach,hoạch,0.9986
vn,liet,liệt,1.0000
vn,tu80,từ80,1.0000
vn,hien,hiện,0.9888
vn,buu,bưu,0.9995
vn,truat,truất,1.0000
vn,heso2,hệsố2,1.0000
vn,denghixet,đềnghịxét,1.0000
vn,nha,nhà,0.9977
vn,buon,buôn,1.0000
vn,giet,giết,1.0000
vn,mieu,miêu,1.0000
vn,ruot,ruột,1.0000
vn,nguong,ngưỡng,1.0000
vn,tomoi,tốmới,1.0000
vn,suphat,sựphát,1.0000
vn,tu25,từ25,1.0000
vn,nat,nát,1.0000
vn,giuc,giục,1.0000
vn,tdt,tđt,1.0000
vn,sy,sỹ,0.9856
vn,gay,gây,0.9957
vn,khuyen,khuyến,0.9943
vn,dich,dịch,0.9174
vn,vuot,vượt,1.0000
vn,chien,chiến,1.0000
vn,cuthecua,cụthểcủa,1.0000
vn,chep,chép,1.0000
vn,xay,xây,0.9411
vn,uong,ương,0.9926
vn,loat,loạt,1.0000
vn,nghia,nghĩa,0.9998
vn,hum,hùm,1.0000
vn,so12,số12,1.0000
vn,chin,chín,1.0000
vn,doa,dọa,0.9538
vn,nhin,nhìn,0.9545
vn,ngay,ngày,0.9507
vn,hedoi,hệđối,1.0000
vn,keo,kéo,0.9667
vn,dedo,đềdo,1.0000
vn,bam,băm,0.9125
vn,giay,giấy,0.9934
vn,phut,phút,1.0000
vn,phau,phẫu,1.0000
vn,chinh,chính,0.9084
vn,botai,bốtại,0.9831
vn,thelon,thểlớn,1.0000
vn,gap,gặp,0.9164
vn,sodao,sởđào,1.0000
vn,xet,xét,1.0000
vn,thutruong,thủtrưởng,1.0000
vn,ket,kết,0.9982
vn,suu,sưu,1.0000
vn,them,thêm,0.9917
vn,thedat,thểđạt,1.0000
vn,so46,số46,1.0000
vn,mai,mại,0.9758
vn,truoc,trước,0.9992
vn,sothanh,sốthành,1.0000
vn,kan,kạn,1.0000
vn,thetieu,thểtiêu,1.0000
vn,tuc,tục,0.9760
vn,phac,phác,1.0000
vn,bophan,bộphận,1.0000
vn,mot,một,0.9997
vn,chuquyen,chủquyền,1.0000
vn,sua,sửa,0.9980
vn,muu,mưu,0.9982
vn,nen,nền,0.9534
vn,tu3,từ3,1.0000
vn,velai,vềlại,1.0000
vn,nhap,nhập,0.9989
vn,chet,chết,1.0000
vn,nop,nộp,0.9998
vn,thetrung,thểtrung,1.0000
vn,vui,vùi,0.9479
vn,lam,làm,0.9480
vn,tot,tốt,1.0000
vn,thutuong,thủtướng,1.0000
vn,nhom,nhóm,0.9582
vn,mcdt,mcđt,1.0000
vn,nuoc,nước,0.9987
vn,beday,bềdày,1.0000
vn,gom,gồm,0.9949
vn,banh,bánh,0.9655
vn,tiep,tiếp,0.9995
vn,hau,hậu,0.9919
vn,it,ít,0.9856
vn,rieng,riêng,1.0000
vn,vqquan,vqquân,1.0000
vn,totrinh,tờtrình,1.0000
vn,tu10,từ10,1.0000
vn,sanh,sánh,0.9722
vn,diet,diệt,1.0000
vn,denghicap,đềnghịcấp,1.0000
vn,sonhung,sốnhững,1.0000
vn,ttdtlnh,ttđtlnh,1.0000
vn,nghien,nghiên,0.9508
vn,vithuoc,vịthuộc,1.0000
vn,khien,khiển,0.9572
vn,tue,tuệ,1.0000
vn,thich,thích,1.0000
vn,venang,vềnăng,1.0000
vn,chong,chống,0.9187
vn,nguoi,người,0.9988
vn,nghemoi,nghệmới,1.0000
vn,bocong,bộcông,1.0000
vn,so03,số03,1.0000
vn,mam,mầm,0.9375
vn,cuthe,cụthể,1.0000
vn,nhanh,nhánh,0.9654
vn,odia,ởđịa,1.0000
vn,vilien,vịliên,1.0000
vn,denghikhen,đềnghịkhen,1.0000
vn,vu,vụ,0.9840
vn,tet,tết,1.0000
vn,cach,cách,0.9981
vn,bep,bếp,1.0000
vn,phuluc,phụlục,1.0000
vn,gioi,giới,0.9909
vn,ben,bên,0.9668
vn,bld,blđ,1.0000
vn,den,đến,0.9881
vn,viphai,vịphải,1.0000
vn,quava,quảvà,1.0000
vn,phap,pháp,0.9999
vn,venguoi,vềngười,1.0000
vn,tuat,tuất,1.0000
vn,detang,đểtặng,1.0000
vn,vuduoc,vụđược,1.0000
vn,chap,chấp,0.9995
vn,giau,giấu,0.9329
vn,so25,số25,1.0000
vn,nhuan,nhuận,1.0000
vn,ngach,ngạch,0.9925
vn,nd,nđ,0.9993
vn,ap,áp,0.9967
vn,voi,với,0.9982
vn,le,lệ,0.9508
vn,ac,ác,0.9375
vn,thedan,thểdẫn,1.0000
vn,lieu,liệu,0.9962
vn,len,lên,0.9953
vn,dvcntt,đvcntt,0.9868
vn,vitang,vịtặng,1.0000
vn,denghicong,đềnghịcông,1.0000
vn,0 chua,0 chưa,0.9744
vn,0 cua,0 của,0.9444
vn,0 den,0 đến,1.0000
vn,0 do,0 độ,0.9888
vn,0 doi,0 đối,0.9615
vn,0 dung,0 dụng,1.0000
vn,0 hien,0 hiện,1.0000
vn,0 hoc,0 học,1.0000
vn,0 kem,0 kém,1.0000
vn,0 khong,0 không,1.0000
vn,0 loai,0 loại,1.0000
vn,0 thanh,0 thành,1.0000
vn,0 truong,0 trường,0.9967
vn,00 ca,00 cá,1.0000
vn,00 loai,00 loại,1.0000
vn,00 may,00 máy,1.0000
vn,00 mo,00 mô,1.0000
vn,00 phut,00 phút,1.0000
vn,000 dola,000 đôla,1.0000
vn,000 dong,000 đồng,1.0000
vn,000 muoi,000 mười,1.0000
vn,000 nam,000 năm,1.0000
vn,000 nguoi,000 người,1.0000
vn,000 so,000 số,1.0000
vn,000 ty,000 tỷ,1.0000
vn,000198 duoc,000198 được,1.0000
vn,000198 thu,000198 thủ,1.0000
vn,000207 phuc,000207 phục,1.0000
vn,000207 thutuc,000207 thủtục,1.0000
vn,000213 thutuc,000213 thủtục,1.0000
vn,001453 duoc,001453 được,1.0000
vn,001453 thutuc,001453 thủtục,1.0000
vn,001469 thutuc,001469 thủtục,1.0000
vn,001482 thutuc,001482 thủtục,1.0000
vn,001484 thutuc,001484 thủtục,1.0000
vn,001497 thutuc,001497 thủtục,1.0000
vn,001506 thutuc,001506 thủtục,1.0000
vn,001512 thutuc,001512 thủtục,1.0000
vn,001519 thutuc,001519 thủtục,1.0000
vn,001527 thutuc,001527 thủtục,1.0000
vn,001532 thutuc,001532 thủtục,1.0000
vn,001538 thutuc,001538 thủtục,1.0000
vn,001538 trinh,001538 trình,1.0000
vn,01 ban,01 bản,0.9686
vn,01 bao,01 báo,1.0000
vn,01 bo,01 bộ,1.0000
vn,01 chu,01 chữ,0.9333
vn,01 chuyen,01 chuyên,0.9000
vn,01 cua,01 của,0.9545
vn,01 de,01 đề,1.0000
vn,01 den,01 đến,1.0000
vn,01 dk,01 đk,0.9615
vn,01 doi,01 đối,1.0000
vn,01 don,01 đơn,1.0000
vn,01 duong,01 đường,1.0000
vn,01 giay,01 giấy,1.0000
vn,01 lan,01 lần,0.9834
vn,01 ma,01 mã,1.0000
vn,01 mau,01 mẫu,1.0000
vn,01 mot,01 một,1.0000
vn,01 nam,01 năm,1.0000
vn,01 ngay,01 ngày,1.0000
vn,01 nguoi,01 người,1.0000
vn,01 phu,01 phụ,1.0000
vn,01 qdxl,01 qđxl,1.0000
vn,01 thang,01 tháng,1.0000
vn,01 thanh,01 thành,1.0000
vn,01 va,01 và,1.0000
vn,01b tai,01b tại,1.0000
vn,01c tai,01c tại,1.0000
vn,02 bao,02 báo,0.9932
vn,02 bo,02 bộ,1.0000
vn,02 cua,02 của,1.0000
vn,02 detai,02 đềtài,1.0000
vn,02 diem,02 điểm,1.0000
vn,02 dk,02 đk,0.9565
vn,02 don,02 đơn,1.0000
vn,02 gio,02 giờ,1.0000
vn,02 ky,02 ký,0.9412
vn,02 lan,02 lần,1.0000
vn,02 nam,02 năm,1.0000
vn,02 ngay,02 ngày,1.0000
vn,02 nhom,02 nhóm,1.0000
vn,02 phu,02 phụ,1.0000
vn,02 sang,02 sáng,1.0000
vn,02 so,02 số,1.0000
vn,02 tai,02 tại,1.0000
vn,02 thang,02 tháng,1.0000
vn,02 thanh,02 thành,1.0000
vn,02 tinh,02 tỉnh,1.0000
vn,02 tro,02 trở,1.0000
vn,02 uy,02 ủy,0.9091
vn,02a tai,02a tại,1.0000
vn,02b tai,02b tại,1.0000
vn,03 lan,03 lần,1.0000
vn,03 nam,03 năm,1.0000
vn,03 ngay,03 ngày,1.0000
vn,03 phu,03 phụ,1.0000
vn,03 so,03 số,1.0000
vn,03 tai,03 tại,1.0000
vn,03 thang,03 tháng,1.0000
vn,03 thanh,03 thành,1.0000
vn,03 tuyen,03 tuyến,1.0000
vn,04 bo,04 bộ,0.9375
vn,04 bon,04 bốn,1.0000
vn,04 dxpa,04 đxpa,1.0000
vn,04 muc,04 mức,1.0000
vn,04 nam,04 năm,1.0000
vn,04 ngay,04 ngày,1.0000
vn,04 tai,04 tại,0.9524
vn,04 thang,04 tháng,1.0000
vn,05 cua,05 của,1.0000
vn,05 nam,05 năm,1.0000
vn,05 ngay,05 ngày,1.0000
vn,05 nguoi,05 người,1.0000
vn,05 phu,05 phụ,1.0000
vn,05 phut,05 phút,1.0000
vn,05 tai,05 tại,0.9796
vn,05 thang,05 tháng,1.0000
vn,05 thanh,05 thành,1.0000
vn,05 thue,05 thuê,1.0000
vn,06 bo,06 bộ,1.0000
vn,06 nam,06 năm,1.0000
vn,06 nhom,06 nhóm,1.0000
vn,06 sau,06 sáu,1.0000
vn,06 tai,06 tại,1.0000
vn,06 thang,06 tháng,1.0000
vn,06 tuoi,06 tuổi,1.0000
vn,07 bay,07 bảy,1.0000
vn,07 hoac,07 hoặc,1.0000
vn,07 nam,07 năm,1.0000
vn,07 ngay,07 ngày,1.0000
vn,07 phu,07 phụ,1.0000
vn,07 tai,07 tại,1.0000
vn,07 thang,07 tháng,1.0000
vn,07 thanh,07 thành,1.0000
vn,08 chu,08 chữ,1.0000
vn,08 gio,08 giờ,1.0000
vn,08 ngay,08 ngày,1.0000
vn,08 tai,08 tại,1.0000
vn,08 thang,08 tháng,1.0000
vn,09 cho,09 chỗ,1.0000
vn,09 phu,09 phụ,1.0000
vn,09 so,09 số,1.0000
vn,09 tai,09 tại,1.0000
vn,09 thang,09 tháng,1.0000
vn,09 thanh,09 thành,1.0000
vn,1 bai,1 bãi,0.9750
vn,1 ben,1 bên,0.9844
vn,1 bien,1 biện,0.9474
vn,1 bieu,1 biểu,1.0000
vn,1 ca,1 cá,1.0000
vn,1 cac,1 các,1.0000
vn,1 canh,1 cảnh,1.0000
vn,1 cham,1 chậm,1.0000
vn,1 chanh,1 chánh,1.0000
vn,1 chap,1 chấp,1.0000
vn,1 chien,1 chiến,1.0000
vn,1 chinh,1 chính,0.9778
vn,1 chiu,1 chịu,1.0000
vn,1 chuan,1 chuẩn,1.0000
vn,1 chuc,1 chức,1.0000
vn,1 chung,1 chứng,0.9545
vn,1 chuong,1 chương,1.0000
vn,1 cua,1 của,0.9937
vn,1 cuc,1 cục,1.0000
vn,1 da,1 đã,0.9412
vn,1 dai,1 đại,1.0000
vn,1 dam,1 đảm,1.0000
vn,1 den,1 đến,1.0000
vn,1 denghiveviec,1 đềnghịvềviệc,1.0000
vn,1 dich,1 dịch,0.9773
vn,1 diem,1 điểm,1.0000
vn,1 dien,1 diện,0.9167
vn,1 dieu,1 điều,1.0000
vn,1 doi,1 đối,0.9838
vn,1 don,1 đơn,1.0000
vn,1 duoc,1 được,1.0000
vn,1 gia,1 giá,0.9655
vn,1 giai,1 giải,0.9412
vn,1 giam,1 giám,0.9714
vn,1 giay,1 giấy,0.9667
vn,1 gui,1 gửi,1.0000
vn,1 hanh,1 hành,1.0000
vn,1 he,1 hệ,1.0000
vn,1 het,1 hết,1.0000
vn,1 hinh,1 hình,1.0000
vn,1 hoac,1 hoặc,1.0000
vn,1 hoat,1 hoạt,1.0000
vn,1 hoc,1 học,1.0000
vn,1 hoi,1 hội,1.0000
vn,1 hop,1 hợp,0.9756
vn,1 huong,1 hướng,0.9737
vn,1 kem,1 kèm,0.9444
vn,1 ket,1 kết,1.0000
vn,1 khach,1 khách,1.0000
vn,1 khoa,1 khóa,0.9167
vn,1 khoan,1 khoản,0.9973
vn,1 khong,1 không,0.9767
vn,1 kiem,1 kiểm,1.0000
vn,1 la,1 là,0.9828
vn,1 lan,1 lần,1.0000
vn,1 lap,1 lập,1.0000
vn,1 lien,1 liên,1.0000
vn,1 loai,1 loại,0.9565
vn,1 luat,1 luật,1.0000
vn,1 luoc,1 lược,1.0000
vn,1 mang,1 mạng,1.0000
vn,1 mot,1 một,1.0000
vn,1 nam,1 năm,0.9778
vn,1 ngan,1 ngân,0.9939
vn,1 nghi,1 nghị,1.0000
vn,1 nguoi,1 người,0.9910
vn,1 nguon,1 nguồn,0.9388
vn,1 nguyen,1 nguyên,0.9796
vn,1 nha,1 nhà,1.0000
vn,1 nhiem,1 nhiệm,1.0000
vn,1 nhom,1 nhóm,0.9091
vn,1 nhu,1 như,0.9961
vn,1 nhung,1 những,0.9459
vn,1 noi,1 nội,0.9866
vn,1 ong,1 ông,1.0000
vn,1 phai,1 phải,1.0000
vn,1 pham,1 phạm,1.0000
vn,1 phap,1 pháp,1.0000
vn,1 phat,1 phạt,0.9826
vn,1 phe,1 phê,1.0000
vn,1 phoi,1 phối,1.0000
vn,1 phong,1 phòng,1.0000
vn,1 phuong,1 phương,1.0000
vn,1 quan,1 quản,0.9333
vn,1 quet,1 quét,1.0000
vn,1 quyen,1 quyền,1.0000
vn,1 quyet,1 quyết,1.0000
vn,1 ra,1 rà,0.9375
vn,1 san,1 sản,0.9697
vn,1 sua,1 sửa,1.0000
vn,1 tai,1 tài,0.9276
vn,1 tap,1 tập,0.9286
vn,1 tat,1 tất,1.0000
vn,1 ten,1 tên,0.9679
vn,1 thang,1 tháng,0.9697
vn,1 thiet,1 thiết,0.9423
vn,1 thoa,1 thỏa,0.9474
vn,1 thoi,1 thời,0.9787
vn,1 thong,1 thông,0.9235
vn,1 thuat,1 thuật,1.0000
vn,1 thuc,1 thực,0.9844
vn,1 thutuc,1 thủtục,1.0000
vn,1 tiep,1 tiếp,1.0000
vn,1 tieu,1 tiêu,1.0000
vn,1 to,1 tổ,0.9848
vn,1 toa,1 tòa,0.9231
vn,1 toan,1 toàn,1.0000
vn,1 tong,1 tổng,1.0000
vn,1 trach,1 trách,1.0000
vn,1 tren,1 trên,1.0000
vn,1 trinh,1 trình,1.0000
vn,1 truc,1 trực,0.9286
vn,1 truoc,1 trước,1.0000
vn,1 truong,1 trường,0.9420
vn,1 tuan,1 tuân,0.9714
vn,1 ty,1 tỷ,1.0000
vn,1 ung,1 ứng,1.0000
vn,1 uy,1 ủy,0.9600
vn,1 va,1 và,1.0000
vn,1 van,1 văn,0.9000
vn,1 ve,1 về,1.0000
vn,1 viec,1 việc,1.0000
vn,1 von,1 vốn,1.0000
vn,1 vu,1 vụ,0.9773
vn,1 xac,1 xác,1.0000
vn,1 xay,1 xây,1.0000
vn,1 xu,1 xử,1.0000
vn,1 yeu,1 yêu,0.9889
vn,10 cac,10 các,1.0000
vn,10 cong,10 công,0.9375
vn,10 cua,10 của,0.9907
vn,10 den,10 đến,1.0000
vn,10 diem,10 điểm,1.0000
vn,10 dieu,10 điều,1.0000
vn,10 doi,10 đối,1.0000
vn,10 duoc,10 được,1.0000
vn,10 giam,10 giám,1.0000
vn,10 hanh,10 hành,1.0000
vn,10 he,10 hệ,1.0000
vn,10 hieu,10 hiệu,1.0000
vn,10 hinh,10 hình,1.0000
vn,10 hoi,10 hội,1.0000
vn,10 ke,10 kế,1.0000
vn,10 kiem,10 kiểm,1.0000
vn,10 ky,10 ký,1.0000
vn,10 la,10 là,0.9839
vn,10 lap,10 lập,0.9583
vn,10 loai,10 loại,1.0000
vn,10 luat,10 luật,1.0000
vn,10 muoi,10 mười,1.0000
vn,10 nam,10 năm,0.9845
vn,10 ngay,10 ngày,0.9914
vn,10 nghi,10 nghị,1.0000
vn,10 nghia,10 nghĩa,1.0000
vn,10 nguoi,10 người,1.0000
vn,10 nhiem,10 nhiệm,1.0000
vn,10 nhu,10 như,1.0000
vn,10 noi,10 nội,0.9545
vn,10 phuong,10 phương,1.0000
vn,10 quan,10 quản,1.0000
vn,10 quyen,10 quyền,1.0000
vn,10 quyet,10 quyết,1.0000
vn,10 su,10 sử,0.9000
vn,10 sua,10 sửa,1.0000
vn,10 tham,10 thẩm,1.0000
vn,10 thang,10 tháng,1.0000
vn,10 thiet,10 thiết,1.0000
vn,10 thoi,10 thời,1.0000
vn,10 thong,10 thông,1.0000
vn,10 thuc,10 thực,1.0000
vn,10 to,10 tổ,1.0000
vn,10 tong,10 tổng,1.0000
vn,10 trach,10 trách,1.0000
vn,10 trieu,10 triệu,1.0000
vn,10 trinh,10 trình,1.0000
vn,10 tro,10 trở,0.9375
vn,10 truong,10 trường,1.0000
vn,10 ty,10 tỷ,1.0000
vn,10 va,10 và,1.0000
vn,10 vao,10 vào,1.0000
vn,10 ve,10 về,1.0000
vn,10 viec,10 việc,1.0000
vn,10 von,10 vốn,1.0000
vn,10 xac,10 xác,1.0000
vn,10 xu,10 xử,1.0000
vn,100 diem,100 điểm,1.0000
vn,100 dieu,100 điều,0.9091
vn,100 gia,100 giá,1.0000
vn,100 thong,100 thông,1.0000
vn,100 trieu,100 triệu,1.0000
vn,100 tro,100 trở,1.0000
vn,100 ty,100 tỷ,1.0000
vn,100 von,100 vốn,1.0000
vn,101 va,101 và,1.0000
vn,102 cac,102 các,1.0000
vn,103 cac,103 các,1.0000
vn,103 khoan,103 khoản,1.0000
vn,104 cac,104 các,1.0000
vn,104 dieu,104 điều,1.0000
vn,105 dieu,105 điều,1.0000
vn,106 cac,106 các,1.0000
vn,106 khoan,106 khoản,1.0000
vn,106 luat,106 luật,1.0000
vn,107 khoan,107 khoản,1.0000
vn,107 tham,107 thẩm,1.0000
vn,108 cac,108 các,1.0000
vn,109 khoan,109 khoản,1.0000
vn,11 cac,11 các,1.0000
vn,11 chu,11 chủ,0.9167
vn,11 cong,11 công,0.9524
vn,11 cua,11 của,1.0000
vn,11 diem,11 điểm,1.0000
vn,11 dieu,11 điều,1.0000
vn,11 dinh,11 định,1.0000
vn,11 dk,11 đk,1.0000
vn,11 doc,11 đốc,1.0000
vn,11 doi,11 đối,1.0000
vn,11 giam,11 giám,1.0000
vn,11 han,11 hạn,1.0000
vn,11 hieu,11 hiệu,1.0000
vn,11 hoat,11 hoạt,1.0000
vn,11 khoan,11 khoản,0.9412
vn,11 lap,11 lập,0.9444
vn,11 nam,11 năm,0.9891
vn,11 nghi,11 nghị,1.0000
vn,11 nghia,11 nghĩa,1.0000
vn,11 nguyen,11 nguyên,1.0000
vn,11 nhiem,11 nhiệm,1.0000
vn,11 nhu,11 như,1.0000
vn,11 noi,11 nội,0.9444
vn,11 phu,11 phụ,1.0000
vn,11 phuong,11 phương,1.0000
vn,11 quan,11 quản,0.9811
vn,11 quyen,11 quyền,1.0000
vn,11 quyet,11 quyết,1.0000
vn,11 sua,11 sửa,1.0000
vn,11 tam,11 tạm,1.0000
vn,11 thang,11 tháng,1.0000
vn,11 thong,11 thông,0.9828
vn,11 thuc,11 thực,1.0000
vn,11 to,11 tổ,1.0000
vn,11 trach,11 trách,1.0000
vn,11 trinh,11 trình,1.0000
vn,11 va,11 và,1.0000
vn,11 viec,11 việc,1.0000
vn,11 xac,11 xác,1.0000
vn,11 xay,11 xây,1.0000
vn,11 xu,11 xử,1.0000
vn,11 yeu,11 yêu,1.0000
vn,112 dieu,112 điều,1.0000
vn,113 nghi,113 nghị,1.0000
vn,116 tham,116 thẩm,1.0000
vn,12 bai,12 bãi,1.0000
vn,12 cac,12 các,1.0000
vn,12 cham,12 chậm,1.0000
vn,12 chinh,12 chính,1.0000
vn,12 chuyen,12 chuyển,1.0000
vn,12 co,12 cơ,0.9000
vn,12 cua,12 của,1.0000
vn,12 diem,12 điểm,1.0000
vn,12 dieu,12 điều,1.0000
vn,12 doi,12 đối,1.0000
vn,12 duoc,12 được,1.0000
vn,12 giai,12 giải,1.0000
vn,12 gio,12 giờ,1.0000
vn,12 giu,12 giữ,1.0000
vn,12 hanh,12 hành,1.0000
vn,12 hieu,12 hiệu,1.0000
vn,12 hinh,12 hình,1.0000
vn,12 hoat,12 hoạt,1.0000
vn,12 hop,12 hợp,1.0000
vn,12 ke,12 kế,1.0000
vn,12 khoan,12 khoản,1.0000
vn,12 kiem,12 kiểm,1.0000
vn,12 luat,12 luật,1.0000
vn,12 luu,12 lưu,1.0000
vn,12 mo,12 mở,0.9524
vn,12 muoi,12 mười,1.0000
vn,12 nam,12 năm,1.0000
vn,12 nghi,12 nghị,1.0000
vn,12 nghia,12 nghĩa,1.0000
vn,12 nhu,12 như,1.0000
vn,12 noi,12 nội,1.0000
vn,12 pham,12 phạm,1.0000
vn,12 phoi,12 phối,1.0000
vn,12 phuong,12 phương,1.0000
vn,12 quan,12 quản,1.0000
vn,12 quyen,12 quyền,1.0000
vn,12 so,12 số,0.9474
vn,12 su,12 sử,1.0000
vn,12 sua,12 sửa,1.0000
vn,12 tai,12 tại,0.9841
vn,12 thang,12 tháng,1.0000
vn,12 thong,12 thông,0.9286
vn,12 tiep,12 tiếp,1.0000
vn,12 to,12 tổ,1.0000
vn,12 trach,12 trách,1.0000
vn,12 trinh,12 trình,1.0000
vn,12 truong,12 trường,1.0000
vn,12 va,12 và,1.0000
vn,12 xac,12 xác,1.0000
vn,12 yeu,12 yêu,1.0000
vn,120 ngay,120 ngày,1.0000
vn,120 phan,120 phân,1.0000
vn,125 luat,125 luật,1.0000
vn,125 tro,125 trở,1.0000
vn,125 vao,125 vào,1.0000
vn,126 dieu,126 điều,1.0000
vn,126 luat,126 luật,1.0000
vn,127 nghi,127 nghị,1.0000
vn,12854 cong,12854 công,1.0000
vn,13 bai,13 bãi,1.0000
vn,13 bang,13 bảng,1.0000
vn,13 cac,13 các,1.0000
vn,13 chuyen,13 chuyển,1.0000
vn,13 co,13 cơ,1.0000
vn,13 cua,13 của,1.0000
vn,13 cuket,13 cứkết,1.0000
vn,13 dao,13 đạo,1.0000
vn,13 diem,13 điểm,1.0000
vn,13 dieu,13 điều,1.0000
vn,13 khoan,13 khoản,1.0000
vn,13 kiem,13 kiểm,1.0000
vn,13 mau,13 mẫu,0.9412
vn,13 nghi,13 nghị,1.0000
vn,13 nghia,13 nghĩa,1.0000
vn,13 nghiep,13 nghiệp,1.0000
vn,13 nhu,13 như,1.0000
vn,13 noi,13 nội,0.9800
vn,13 quan,13 quản,1.0000
vn,13 quyen,13 quyền,1.0000
vn,13 sua,13 sửa,1.0000
vn,13 thang,13 tháng,1.0000
vn,13 thoa,13 thỏa,1.0000
vn,13 thong,13 thông,1.0000
vn,13 tieu,13 tiêu,0.9091
vn,13 to,13 tổ,1.0000
vn,13 trach,13 trách,1.0000
vn,13 trinh,13 trình,1.0000
vn,13 va,13 và,1.0000
vn,13 xu,13 xử,1.0000
vn,135 luat,135 luật,1.0000
vn,136 cua,136 của,1.0000
vn,136 luat,136 luật,1.0000
vn,137 cua,137 của,1.0000
vn,139 cua,139 của,1.0000
vn,14 cac,14 các,1.0000
vn,14 cap,14 cấp,0.9655
vn,14 chuyen,14 chuyển,1.0000
vn,14 cua,14 của,1.0000
vn,14 dao,14 đạo,1.0000
vn,14 dat,14 đặt,1.0000
vn,14 dich,14 dịch,1.0000
vn,14 diem,14 điểm,1.0000
vn,14 dieu,14 điều,1.0000
vn,14 doi,14 đối,1.0000
vn,14 duoc,14 được,0.9286
vn,14 giai,14 giải,1.0000
vn,14 hieu,14 hiệu,1.0000
vn,14 hoat,14 hoạt,1.0000
vn,14 khoan,14 khoản,1.0000
vn,14 kieu,14 kiểu,1.0000
vn,14 luat,14 luật,1.0000
vn,14 ngan,14 ngân,1.0000
vn,14 nghi,14 nghị,1.0000
vn,14 nhiem,14 nhiệm,1.0000
vn,14 nhu,14 như,1.0000
vn,14 noi,14 nội,1.0000
vn,14 quan,14 quản,0.9815
vn,14 quyen,14 quyền,1.0000
vn,14 su,14 sử,0.9444
vn,14 sua,14 sửa,1.0000
vn,14 tai,14 tại,0.9000
vn,14 tham,14 thẩm,1.0000
vn,14 thang,14 tháng,1.0000
vn,14 thong,14 thông,1.0000
vn,14 thue,14 thuê,0.9565
vn,14 to,14 tổ,1.0000
vn,14 trach,14 trách,1.0000
vn,14 trinh,14 trình,1.0000
vn,14 tuoi,14 tuổi,1.0000
vn,14 va,14 và,1.0000
vn,14 xac,14 xác,1.0000
vn,14 xu,14 xử,1.0000
vn,14 yeu,14 yêu,1.0000
vn,140 cua,140 của,1.0000
vn,141 cua,141 của,1.0000
vn,149 cua,149 của,1.0000
vn,15 bao,15 báo,0.9259
vn,15 cac,15 các,1.0000
vn,15 cach,15 cách,1.0000
vn,15 che,15 chế,1.0000
vn,15 chuyen,15 chuyển,1.0000
vn,15 cua,15 của,1.0000
vn,15 dang,15 đăng,1.0000
vn,15 den,15 đến,1.0000
vn,15 diem,15 điểm,1.0000
vn,15 dieu,15 điều,1.0000
vn,15 duoc,15 được,1.0000
vn,15 gio,15 giờ,1.0000
vn,15 hanh,15 hành,1.0000
vn,15 hieu,15 hiệu,1.0000
vn,15 hoat,15 hoạt,1.0000
vn,15 luat,15 luật,1.0000
vn,15 nam,15 năm,1.0000
vn,15 ngay,15 ngày,0.9948
vn,15 nghi,15 nghị,1.0000
vn,15 nghia,15 nghĩa,1.0000
vn,15 nhiem,15 nhiệm,1.0000
vn,15 nhu,15 như,1.0000
vn,15 phong,15 phòng,1.0000
vn,15 phuong,15 phương,1.0000
vn,15 phut,15 phút,1.0000
vn,15 quan,15 quản,1.0000
vn,15 quyen,15 quyền,1.0000
vn,15 sua,15 sửa,1.0000
vn,15 thang,15 tháng,1.0000
vn,15 thong,15 thông,1.0000
vn,15 to,15 tổ,1.0000
vn,15 tong,15 tổng,1.0000
vn,15 trach,15 trách,1.0000
vn,15 trinh,15 trình,1.0000
vn,15 tuoi,15 tuổi,1.0000
vn,15 va,15 và,1.0000
vn,15 xac,15 xác,1.0000
vn,15 xu,15 xử,1.0000
vn,15 yeu,15 yêu,1.0000
vn,150 la,150 là,1.0000
vn,152 cua,152 của,1.0000
vn,16 cac,16 các,1.0000
vn,16 chuyen,16 chuyển,1.0000
vn,16 co,16 cơ,1.0000
vn,16 cong,16 công,1.0000
vn,16 cua,16 của,1.0000
vn,16 diem,16 điểm,1.0000
vn,16 dieu,16 điều,1.0000
vn,16 doi,16 đối,1.0000
vn,16 du,16 dữ,1.0000
vn,16 gia,16 giá,1.0000
vn,16 gio,16 giờ,1.0000
vn,16 han,16 hạn,1.0000
vn,16 hieu,16 hiệu,1.0000
vn,16 hoi,16 hội,1.0000
vn,16 nghi,16 nghị,1.0000
vn,16 nhu,16 như,1.0000
vn,16 pham,16 phạm,1.0000
vn,16 phong,16 phòng,1.0000
vn,16 quan,16 quản,1.0000
vn,16 quyen,16 quyền,1.0000
vn,16 quyet,16 quyết,1.0000
vn,16 su,16 sử,1.0000
vn,16 sua,16 sửa,1.0000
vn,16 thang,16 tháng,1.0000
vn,16 thong,16 thông,1.0000
vn,16 to,16 tổ,1.0000
vn,16 trach,16 trách,1.0000
vn,16 trinh,16 trình,1.0000
vn,16 va,16 và,1.0000
vn,16 xu,16 xử,1.0000
vn,17 cac,17 các,1.0000
vn,17 che,17 chế,1.0000
vn,17 chuyen,17 chuyển,1.0000
vn,17 cua,17 của,1.0000
vn,17 dam,17 đảm,1.0000
vn,17 diem,17 điểm,1.0000
vn,17 dieu,17 điều,1.0000
vn,17 gio,17 giờ,1.0000
vn,17 hanh,17 hành,1.0000
vn,17 hieu,17 hiệu,1.0000
vn,17 hoat,17 hoạt,1.0000
vn,17 khoan,17 khoản,1.0000
vn,17 mau,17 mẫu,0.9333
vn,17 nghi,17 nghị,1.0000
vn,17 nguyen,17 nguyên,1.0000
vn,17 nhiem,17 nhiệm,1.0000
vn,17 nhu,17 như,1.0000
vn,17 phuong,17 phương,1.0000
vn,17 quan,17 quản,1.0000
vn,17 quyet,17 quyết,1.0000
vn,17 su,17 sử,0.9667
vn,17 sua,17 sửa,1.0000
vn,17 thang,17 tháng,1.0000
vn,17 thoi,17 thời,0.9000
vn,17 thong,17 thông,0.9333
vn,17 to,17 tổ,1.0000
vn,17 totrinh,17 tờtrình,1.0000
vn,17 trach,17 trách,1.0000
vn,17 trinh,17 trình,1.0000
vn,17 truong,17 trường,1.0000
vn,17 va,17 và,1.0000
vn,17 xac,17 xác,1.0000
vn,17 xu,17 xử,1.0000
vn,17 yeu,17 yêu,1.0000
vn,18 cac,18 các,1.0000
vn,18 chuyen,18 chuyển,1.0000
vn,18 co,18 cơ,0.9688
vn,18 cua,18 của,1.0000
vn,18 dam,18 đảm,1.0000
vn,18 dieu,18 điều,1.0000
vn,18 gia,18 giá,1.0000
vn,18 giam,18 giám,1.0000
vn,18 hieu,18 hiệu,1.0000
vn,18 hinh,18 hình,1.0000
vn,18 hoc,18 học,1.0000
vn,18 huong,18 hướng,1.0000
vn,18 khoan,18 khoản,1.0000
vn,18 luat,18 luật,1.0000
vn,18 mau,18 mẫu,1.0000
vn,18 mot,18 một,1.0000
vn,18 nghi,18 nghị,1.0000
vn,18 nguyen,18 nguyễn,0.9286
vn,18 nhiem,18 nhiệm,1.0000
vn,18 nhu,18 như,1.0000
vn,18 phat,18 phát,1.0000
vn,18 phong,18 phòng,1.0000
vn,18 quan,18 quản,1.0000
vn,18 quyen,18 quyền,1.0000
vn,18 su,18 sử,1.0000
vn,18 sua,18 sửa,1.0000
vn,18 thang,18 tháng,1.0000
vn,18 thong,18 thông,1.0000
vn,18 to,18 tổ,1.0000
vn,18 trach,18 trách,1.0000
vn,18 trinh,18 trình,1.0000
vn,18 tuoi,18 tuổi,1.0000
vn,18 va,18 và,1.0000
vn,18 xac,18 xác,1.0000
vn,18 xu,18 xử,1.0000
vn,18 yeu,18 yêu,1.0000
vn,180 ngay,180 ngày,1.0000
vn,19 cac,19 các,1.0000
vn,19 chuyen,19 chuyển,1.0000
vn,19 co,19 cơ,0.9091
vn,19 cua,19 của,1.0000
vn,19 dam,19 đảm,1.0000
vn,19 dieu,19 điều,1.0000
vn,19 doi,19 đối,1.0000
vn,19 dung,19 dừng,0.9500
vn,19 hanh,19 hành,1.0000
vn,19 ho,19 hồ,0.9333
vn,19 khoan,19 khoản,0.9643
vn,19 luat,19 luật,1.0000
vn,19 ngay,19 ngày,1.0000
vn,19 nghi,19 nghị,1.0000
vn,19 nguoi,19 người,1.0000
vn,19 nhu,19 như,1.0000
vn,19 nhung,19 những,1.0000
vn,19 noi,19 nội,1.0000
vn,19 phong,19 phòng,1.0000
vn,19 quan,19 quản,1.0000
vn,19 quyen,19 quyền,1.0000
vn,19 sua,19 sửa,1.0000
vn,19 tham,19 thẩm,1.0000
vn,19 thang,19 tháng,1.0000
vn,19 thoa,19 thỏa,1.0000
vn,19 thong,19 thông,1.0000
vn,19 thuc,19 thực,1.0000
vn,19 to,19 tổ,1.0000
vn,19 trach,19 trách,1.0000
vn,19 va,19 và,1.0000
vn,19 xu,19 xử,1.0000
vn,1951 den,1951 đến,1.0000
vn,1954 va,1954 và,1.0000
vn,1968 vetruoc,1968 vềtrước,1.0000
vn,1975 thi,1975 thì,1.0000
vn,1993 cua,1993 của,1.0000
vn,1995 cua,1995 của,1.0000
vn,1996 cua,1996 của,1.0000
vn,1998 cua,1998 của,1.0000
vn,1998 qd,1998 qđ,1.0000
vn,1999 cua,1999 của,1.0000
vn,1999 nd,1999 nđ,1.0000
vn,1999 qd,1999 qđ,1.0000
vn,1a va,1a và,1.0000
vn,1a vao,1a vào,1.0000
vn,1den 11,1đến 11,1.0000
vn,2 ap,2 áp,1.0000
vn,2 bai,2 bãi,0.9789
vn,2 ben,2 bên,1.0000
vn,2 ca,2 cá,1.0000
vn,2 cac,2 các,1.0000
vn,2 cach,2 cách,1.0000
vn,2 cham,2 chậm,1.0000
vn,2 chanh,2 chánh,1.0000
vn,2 che,2 chế,0.9091
vn,2 chieu,2 chiều,1.0000
vn,2 chinh,2 chính,0.9636
vn,2 chiu,2 chịu,1.0000
vn,2 chu,2 chủ,0.9027
vn,2 chuan,2 chuẩn,1.0000
vn,2 chuc,2 chức,1.0000
vn,2 chung,2 chứng,0.9239
vn,2 chuong,2 chương,1.0000
vn,2 cua,2 của,0.9565
vn,2 cuc,2 cục,1.0000
vn,2 da,2 đã,1.0000
vn,2 dai,2 đại,1.0000
vn,2 dam,2 đảm,1.0000
vn,2 den,2 đến,0.9231
vn,2 dia,2 địa,0.9423
vn,2 dich,2 dịch,0.9608
vn,2 diem,2 điểm,1.0000
vn,2 dieu,2 điều,1.0000
vn,2 doi,2 đối,0.9855
vn,2 don,2 đơn,0.9916
vn,2 duoc,2 được,1.0000
vn,2 giai,2 giải,0.9938
vn,2 giam,2 giám,0.9744
vn,2 giay,2 giấy,1.0000
vn,2 gui,2 gửi,1.0000
vn,2 han,2 hạn,1.0000
vn,2 he,2 hệ,1.0000
vn,2 hieu,2 hiệu,1.0000
vn,2 hinh,2 hình,1.0000
vn,2 hoac,2 hoặc,1.0000
vn,2 hoat,2 hoạt,1.0000
vn,2 hoi,2 hội,1.0000
vn,2 hop,2 hợp,0.9667
vn,2 huong,2 hướng,0.9583
vn,2 ket,2 kết,1.0000
vn,2 khach,2 khách,1.0000
vn,2 khoan,2 khoản,1.0000
vn,2 khong,2 không,1.0000
vn,2 khuyen,2 khuyến,1.0000
vn,2 kiem,2 kiểm,1.0000
vn,2 la,2 là,0.9906
vn,2 lai,2 lãi,1.0000
vn,2 lap,2 lập,1.0000
vn,2 lay,2 lấy,1.0000
vn,2 lien,2 liên,0.9091
vn,2 loai,2 loại,0.9697
vn,2 luat,2 luật,1.0000
vn,2 luc,2 lực,1.0000
vn,2 mang,2 mạng,0.9286
vn,2 mot,2 một,1.0000
vn,2 nam,2 năm,0.9487
vn,2 ngan,2 ngân,0.9906
vn,2 nghi,2 nghị,0.9834
vn,2 nghia,2 nghĩa,1.0000
vn,2 nguoi,2 người,0.9858
vn,2 nguyen,2 nguyên,0.9783
vn,2 nha,2 nhà,0.9796
vn,2 nhap,2 nhập,1.0000
vn,2 nhiem,2 nhiệm,1.0000
vn,2 nhom,2 nhóm,1.0000
vn,2 nhu,2 như,1.0000
vn,2 nhung,2 những,0.9778
vn,2 noi,2 nội,0.9854
vn,2 nong,2 nông,1.0000
vn,2 phai,2 phải,1.0000
vn,2 pham,2 phạm,1.0000
vn,2 phap,2 pháp,1.0000
vn,2 phat,2 phạt,0.9902
vn,2 phoi,2 phối,0.9811
vn,2 phuong,2 phương,1.0000
vn,2 quan,2 quản,0.9024
vn,2 quyen,2 quyền,1.0000
vn,2 quyet,2 quyết,1.0000
vn,2 sua,2 sửa,1.0000
vn,2 tam,2 tạm,1.0000
vn,2 tham,2 thẩm,0.9472
vn,2 thiet,2 thiết,0.9756
vn,2 thoi,2 thời,0.9716
vn,2 thong,2 thông,0.9127
vn,2 thuan,2 thuận,1.0000
vn,2 thuat,2 thuật,1.0000
vn,2 thuc,2 thực,0.9856
vn,2 tien,2 tiền,0.9091
vn,2 tiep,2 tiếp,1.0000
vn,2 to,2 tổ,0.9970
vn,2 tong,2 tổng,0.9889
vn,2 tot,2 tốt,1.0000
vn,2 tra,2 trả,0.9000
vn,2 trach,2 trách,1.0000
vn,2 tram,2 trạm,1.0000
vn,2 tran,2 trân,0.9535
vn,2 tren,2 trên,1.0000
vn,2 trien,2 triển,1.0000
vn,2 trieu,2 triệu,1.0000
vn,2 trinh,2 trình,1.0000
vn,2 tro,2 trở,0.9778
vn,2 truoc,2 trước,1.0000
vn,2 truong,2 trường,0.9673
vn,2 tuan,2 tuân,1.0000
vn,2 ty,2 tỷ,1.0000
vn,2 ung,2 ứng,0.9286
vn,2 va,2 và,1.0000
vn,2 van,2 văn,0.9529
vn,2 ve,2 về,1.0000
vn,2 viec,2 việc,1.0000
vn,2 von,2 vốn,1.0000
vn,2 vu,2 vụ,1.0000
vn,2 xac,2 xác,1.0000
vn,2 xay,2 xây,1.0000
vn,2 xu,2 xử,1.0000
vn,2 yeu,2 yêu,0.9872
vn,20 cac,20 các,1.0000
vn,20 can,20 căn,0.9375
vn,20 chinh,20 chính,1.0000
vn,20 chuyen,20 chuyển,1.0000
vn,20 cua,20 của,0.9891
vn,20 den,20 đến,1.0000
vn,20 dieu,20 điều,1.0000
vn,20 hanh,20 hành,1.0000
vn,20 he,20 hệ,1.0000
vn,20 hieu,20 hiệu,1.0000
vn,20 ho,20 hồ,0.9688
vn,20 ket,20 kết,1.0000
vn,20 khoan,20 khoản,1.0000
vn,20 la,20 là,1.0000
vn,20 loai,20 loại,1.0000
vn,20 luat,20 luật,1.0000
vn,20 nam,20 năm,1.0000
vn,20 ngay,20 ngày,0.9739
vn,20 nghi,20 nghị,1.0000
vn,20 nguyen,20 nguyên,1.0000
vn,20 nhiem,20 nhiệm,1.0000
vn,20 nhu,20 như,1.0000
vn,20 phan,20 phân,1.0000
vn,20 phong,20 phòng,1.0000
vn,20 quan,20 quản,0.9474
vn,20 quyen,20 quyền,1.0000
vn,20 sua,20 sửa,1.0000
vn,20 ten,20 tên,1.0000
vn,20 tham,20 thẩm,1.0000
vn,20 thang,20 tháng,1.0000
vn,20 thong,20 thông,1.0000
vn,20 to,20 tổ,1.0000
vn,20 trach,20 trách,1.0000
vn,20 trinh,20 trình,1.0000
vn,20 ty,20 tỷ,1.0000
vn,20 va,20 và,1.0000
vn,20 von,20 vốn,1.0000
vn,20 xu,20 xử,1.0000
vn,200 trieu,200 triệu,1.0000
vn,2000 cua,2000 của,1.0000
vn,2000 qd,2000 qđ,1.0000
vn,2001 co,2001 cỡ,1.0000
vn,2001 cua,2001 của,1.0000
vn,2001 qd,2001 qđ,1.0000
vn,2002 cua,2002 của,1.0000
vn,2002 qd,2002 qđ,1.0000
vn,2003 cua,2003 của,1.0000
vn,2003 nd,2003 nđ,1.0000
vn,2003 qd,2003 qđ,1.0000
vn,2004 cua,2004 của,1.0000
vn,2004 nd,2004 nđ,1.0000
vn,2004 phan,2004 phần,1.0000
vn,2004 qd,2004 qđ,1.0000
vn,2005 cua,2005 của,1.0000
vn,2005 nd,2005 nđ,1.0000
vn,2005 qd,2005 qđ,1.0000
vn,2006 cua,2006 của,1.0000
vn,2006 nd,2006 nđ,1.0000
vn,2006 qd,2006 qđ,1.0000
vn,2007 cua,2007 của,1.0000
vn,2007 nd,2007 nđ,1.0000
vn,2007 qd,2007 qđ,1.0000
vn,2007 thi,2007 thì,1.0000
vn,2007 va,2007 và,1.0000
vn,2008 cua,2008 của,1.0000
vn,2008 nd,2008 nđ,1.0000
vn,2008 qd,2008 qđ,1.0000
vn,2009 cua,2009 của,1.0000
vn,2009 nd,2009 nđ,1.0000
vn,2009 qd,2009 qđ,1.0000
vn,2010 cong,2010 công,1.0000
vn,2010 cua,2010 của,1.0000
vn,2010 nd,2010 nđ,1.0000
vn,2010 qd,2010 qđ,1.0000
vn,2010 va,2010 và,1.0000
vn,2011 cua,2011 của,1.0000
vn,2011 nd,2011 nđ,1.0000
vn,2012 cua,2012 của,1.0000
vn,2012 nd,2012 nđ,1.0000
vn,2012 voi,2012 với,1.0000
vn,2013 cua,2013 của,1.0000
vn,2013 huong,2013 hướng,1.0000
vn,2013 nd,2013 nđ,1.0000
vn,2014 cua,2014 của,1.0000
vn,2014 luat,2014 luật,1.0000
vn,2014 nd,2014 nđ,1.0000
vn,2014 thi,2014 thì,1.0000
vn,2015 cua,2015 của,1.0000
vn,2015 dinh,2015 định,1.0000
vn,2015 nd,2015 nđ,1.0000
vn,2015 thong,2015 thông,1.0000
vn,2015 voi,2015 với,1.0000
vn,2016 cua,2016 của,1.0000
vn,2016 nd,2016 nđ,1.0000
vn,2017 cong,2017 công,1.0000
vn,2017 cua,2017 của,1.0000
vn,2017 nd,2017 nđ,1.0000
vn,2017 qd,2017 qđ,1.0000
vn,2017 va,2017 và,1.0000
vn,2018 cua,2018 của,1.0000
vn,2018 den,2018 đến,1.0000
vn,2018 nd,2018 nđ,1.0000
vn,2018 va,2018 và,1.0000
vn,2019 cua,2019 của,1.0000
vn,2019 nd,2019 nđ,1.0000
vn,2020 cong,2020 công,1.0000
vn,2020 cua,2020 của,1.0000
vn,2020 nd,2020 nđ,1.0000
vn,2020 qd,2020 qđ,1.0000
vn,2020 va,2020 và,1.0000
vn,2020 voi,2020 với,1.0000
vn,2021 cua,2021 của,1.0000
vn,2021 nd,2021 nđ,0.9964
vn,2021 sua,2021 sửa,1.0000
vn,2021 va,2021 và,1.0000
vn,2022 cua,2022 của,1.0000
vn,2022 den,2022 đến,1.0000
vn,2022 nd,2022 nđ,1.0000
vn,2022 va,2022 và,1.0000
vn,2023 cua,2023 của,1.0000
vn,2023 nd,2023 nđ,1.0000
vn,2023 tro,2023 trở,1.0000
vn,2023 va,2023 và,1.0000
vn,2024 co,2024 có,1.0000
vn,2024 cong,2024 công,1.0000
vn,2024 cua,2024 của,1.0000
vn,2024 goi,2024 gọi,1.0000
vn,2024 nd,2024 nđ,1.0000
vn,2024 va,2024 và,1.0000
vn,2025 bien,2025 biên,1.0000
vn,2025 can,2025 căn,1.0000
vn,2025 cua,2025 của,1.0000
vn,2025 ma,2025 mà,1.0000
vn,2025 nd,2025 nđ,1.0000
vn,2025 ve,2025 về,1.0000
vn,2026 cua,2026 của,1.0000
vn,2026 nd,2026 nđ,1.0000
vn,2030 doi,2030 đối,1.0000
vn,21 ban,21 bán,0.9500
vn,21 cac,21 các,1.0000
vn,21 chuyen,21 chuyển,1.0000
vn,21 cua,21 của,1.0000
vn,21 diem,21 điểm,1.0000
vn,21 dieu,21 điều,0.9808
vn,21 hieu,21 hiệu,1.0000
vn,21 ho,21 hồ,1.0000
vn,21 khoan,21 khoản,1.0000
vn,21 lap,21 lập,1.0000
vn,21 luat,21 luật,1.0000
vn,21 nghi,21 nghị,1.0000
vn,21 nghia,21 nghĩa,1.0000
vn,21 nhiem,21 nhiệm,1.0000
vn,21 nhu,21 như,1.0000
vn,21 phan,21 phân,1.0000
vn,21 quyen,21 quyền,1.0000
vn,21 su,21 sử,1.0000
vn,21 sua,21 sửa,1.0000
vn,21 thang,21 tháng,1.0000
vn,21 thong,21 thông,1.0000
vn,21 tiep,21 tiếp,1.0000
vn,21 tieu,21 tiêu,1.0000
vn,21 trach,21 trách,1.0000
vn,21 trinh,21 trình,1.0000
vn,21 va,21 và,1.0000
vn,21 xac,21 xác,1.0000
vn,21 xu,21 xử,1.0000
vn,22 cac,22 các,1.0000
vn,22 cua,22 của,1.0000
vn,22 dieu,22 điều,1.0000
vn,22 hieu,22 hiệu,1.0000
vn,22 khoan,22 khoản,1.0000
vn,22 luat,22 luật,1.0000
vn,22 nghi,22 nghị,1.0000
vn,22 nguyen,22 nguyên,1.0000
vn,22 nhan,22 nhận,0.9000
vn,22 nhu,22 như,1.0000
vn,22 phan,22 phân,1.0000
vn,22 quan,22 quản,1.0000
vn,22 sua,22 sửa,1.0000
vn,22 tham,22 thẩm,1.0000
vn,22 thang,22 tháng,1.0000
vn,22 thoi,22 thời,1.0000
vn,22 thong,22 thông,1.0000
vn,22 to,22 tổ,1.0000
vn,22 trach,22 trách,1.0000
vn,22 trinh,22 trình,1.0000
vn,22 tuan,22 tuần,1.0000
vn,22 va,22 và,1.0000
vn,22 xu,22 xử,1.0000
vn,2204 qd,2204 qđ,1.0000
vn,2205 qd,2205 qđ,1.0000
vn,223 bo,223 bộ,1.0000
vn,225 bo,225 bộ,1.0000
vn,226b bo,226b bộ,1.0000
vn,23 cac,23 các,1.0000
vn,23 chuyen,23 chuyển,1.0000
vn,23 cua,23 của,1.0000
vn,23 diem,23 điểm,1.0000
vn,23 dieu,23 điều,1.0000
vn,23 hieu,23 hiệu,1.0000
vn,23 khoan,23 khoản,1.0000
vn,23 luat,23 luật,1.0000
vn,23 mau,23 mẫu,1.0000
vn,23 nghi,23 nghị,1.0000
vn,23 nhu,23 như,1.0000
vn,23 noi,23 nội,1.0000
vn,23 phan,23 phân,1.0000
vn,23 phuong,23 phương,1.0000
vn,23 quan,23 quản,1.0000
vn,23 quyen,23 quyền,1.0000
vn,23 su,23 sử,1.0000
vn,23 sua,23 sửa,1.0000
vn,23 thang,23 tháng,1.0000
vn,23 thoi,23 thời,1.0000
vn,23 thong,23 thông,0.9048
vn,23 to,23 tổ,1.0000
vn,23 trach,23 trách,1.0000
vn,23 trien,23 triển,1.0000
vn,23 trinh,23 trình,1.0000
vn,23 va,23 và,1.0000
vn,23 xu,23 xử,1.0000
vn,239 trieu,239 triệu,1.0000
vn,24 ban,24 bán,1.0000
vn,24 ca,24 cá,1.0000
vn,24 cac,24 các,1.0000
vn,24 cap,24 cấp,1.0000
vn,24 chuyen,24 chuyển,1.0000
vn,24 cua,24 của,1.0000
vn,24 danh,24 đánh,0.9333
vn,24 diem,24 điểm,1.0000
vn,24 dieu,24 điều,1.0000
vn,24 gio,24 giờ,1.0000
vn,24 ho,24 hồ,1.0000
vn,24 khoan,24 khoản,1.0000
vn,24 luat,24 luật,1.0000
vn,24 nghi,24 nghị,1.0000
vn,24 nhu,24 như,1.0000
vn,24 quan,24 quản,1.0000
vn,24 quyen,24 quyền,1.0000
vn,24 sua,24 sửa,1.0000
vn,24 thang,24 tháng,1.0000
vn,24 thong,24 thông,0.9583
vn,24 to,24 tổ,1.0000
vn,24 trach,24 trách,1.0000
vn,24 trinh,24 trình,1.0000
vn,24 va,24 và,1.0000
vn,24 xu,24 xử,1.0000
vn,25 bao,25 bảo,1.0000
vn,25 cac,25 các,1.0000
vn,25 cap,25 cấp,0.9545
vn,25 chuyen,25 chuyển,1.0000
vn,25 cua,25 của,1.0000
vn,25 den,25 đến,1.0000
vn,25 diem,25 điểm,1.0000
vn,25 dieu,25 điều,1.0000
vn,25 khoan,25 khoản,1.0000
vn,25 loai,25 loại,1.0000
vn,25 ngay,25 ngày,1.0000
vn,25 nghi,25 nghị,1.0000
vn,25 nhiem,25 nhiệm,1.0000
vn,25 nhu,25 như,1.0000
vn,25 quan,25 quản,1.0000
vn,25 su,25 sử,1.0000
vn,25 sua,25 sửa,1.0000
vn,25 thang,25 tháng,1.0000
vn,25 thoi,25 thời,1.0000
vn,25 thong,25 thông,1.0000
vn,25 trach,25 trách,1.0000
vn,25 trinh,25 trình,1.0000
vn,25 tu,25 từ,1.0000
vn,25 va,25 và,1.0000
vn,25 xu,25 xử,1.0000
vn,250 bo,250 bộ,1.0000
vn,250 trieu,250 triệu,1.0000
vn,2504 qd,2504 qđ,1.0000
vn,251 bo,251 bộ,1.0000
vn,255 la,255 là,1.0000
vn,26 ban,26 bán,0.9677
vn,26 cac,26 các,1.0000
vn,26 cong,26 công,1.0000
vn,26 cua,26 của,1.0000
vn,26 dieu,26 điều,1.0000
vn,26 hanh,26 hành,1.0000
vn,26 khoan,26 khoản,1.0000
vn,26 luat,26 luật,1.0000
vn,26 nghi,26 nghị,1.0000
vn,26 nhan,26 nhận,1.0000
vn,26 nhiem,26 nhiệm,1.0000
vn,26 nhu,26 như,1.0000
vn,26 quan,26 quản,1.0000
vn,26 sua,26 sửa,1.0000
vn,26 thang,26 tháng,1.0000
vn,26 thoi,26 thời,1.0000
vn,26 thong,26 thông,1.0000
vn,26 trach,26 trách,1.0000
vn,26 trinh,26 trình,1.0000
vn,26 va,26 và,1.0000
vn,26 von,26 vốn,1.0000
vn,26 xu,26 xử,1.0000
vn,27 cac,27 các,1.0000
vn,27 chung,27 chứng,1.0000
vn,27 co,27 cơ,1.0000
vn,27 cua,27 của,1.0000
vn,27 dieu,27 điều,1.0000
vn,27 khoan,27 khoản,1.0000
vn,27 luat,27 luật,1.0000
vn,27 nam,27 năm,1.0000
vn,27 nghi,27 nghị,1.0000
vn,27 nhiem,27 nhiệm,1.0000
vn,27 nhu,27 như,1.0000
vn,27 quan,27 quản,1.0000
vn,27 sua,27 sửa,1.0000
vn,27 thang,27 tháng,1.0000
vn,27 tieu,27 tiêu,1.0000
vn,27 trach,27 trách,1.0000
vn,27 xu,27 xử,1.0000
vn,27xxx va,27xxx và,1.0000
vn,28 cua,28 của,1.0000
vn,28 dam,28 đảm,1.0000
vn,28 diem,28 điểm,1.0000
vn,28 dieu,28 điều,1.0000
vn,28 hieu,28 hiệu,1.0000
vn,28 ho,28 hồ,0.9355
vn,28 huan,28 huân,1.0000
vn,28 khoan,28 khoản,1.0000
vn,28 luat,28 luật,1.0000
vn,28 ngay,28 ngày,1.0000
vn,28 nghi,28 nghị,1.0000
vn,28 nhu,28 như,1.0000
vn,28 sua,28 sửa,1.0000
vn,28 thang,28 tháng,1.0000
vn,28 thong,28 thông,1.0000
vn,28 tieu,28 tiêu,1.0000
vn,28 to,28 tổ,1.0000
vn,28 trach,28 trách,1.0000
vn,28 trinh,28 trình,1.0000
vn,28 va,28 và,1.0000
vn,28 xu,28 xử,1.0000
vn,28 yeu,28 yêu,1.0000
vn,28a cac,28a các,1.0000
vn,29 cac,29 các,1.0000
vn,29 can,29 căn,1.0000
vn,29 cua,29 của,1.0000
vn,29 dieu,29 điều,1.0000
vn,29 khoan,29 khoản,1.0000
vn,29 luat,29 luật,1.0000
vn,29 nghi,29 nghị,1.0000
vn,29 nhu,29 như,1.0000
vn,29 phu,29 phủ,1.0000
vn,29 quan,29 quản,1.0000
vn,29 sua,29 sửa,1.0000
vn,29 thang,29 tháng,1.0000
vn,29 thong,29 thông,1.0000
vn,29 trach,29 trách,1.0000
vn,29 trinh,29 trình,1.0000
vn,29 xu,29 xử,1.0000
vn,2a dieu,2a điều,1.0000
vn,2a vao,2a vào,1.0000
vn,3 ap,3 áp,1.0000
vn,3 bai,3 bãi,1.0000
vn,3 ben,3 bên,1.0000
vn,3 ca,3 cá,1.0000
vn,3 cac,3 các,1.0000
vn,3 can,3 căn,0.9304
vn,3 chanh,3 chánh,1.0000
vn,3 che,3 chế,1.0000
vn,3 chien,3 chiến,1.0000
vn,3 chinh,3 chính,0.9296
vn,3 chiu,3 chịu,1.0000
vn,3 chu,3 chủ,0.9231
vn,3 chuan,3 chuẩn,1.0000
vn,3 chuc,3 chức,1.0000
vn,3 chung,3 chứng,0.9167
vn,3 chuong,3 chương,1.0000
vn,3 cong,3 công,0.9028
vn,3 cua,3 của,0.9806
vn,3 cuc,3 cục,1.0000
vn,3 da,3 đã,1.0000
vn,3 dai,3 đại,0.9500
vn,3 dam,3 đảm,0.9545
vn,3 dang,3 đăng,0.9091
vn,3 den,3 đến,1.0000
vn,3 dia,3 địa,0.9091
vn,3 dich,3 dịch,1.0000
vn,3 diem,3 điểm,1.0000
vn,3 dieu,3 điều,1.0000
vn,3 doi,3 đối,0.9536
vn,3 duoc,3 được,1.0000
vn,3 giai,3 giải,0.9979
vn,3 giam,3 giám,1.0000
vn,3 giay,3 giấy,1.0000
vn,3 gui,3 gửi,1.0000
vn,3 ham,3 hàm,0.9412
vn,3 he,3 hệ,1.0000
vn,3 hieu,3 hiệu,0.9714
vn,3 hinh,3 hình,1.0000
vn,3 hoat,3 hoạt,1.0000
vn,3 hoi,3 hội,1.0000
vn,3 hop,3 hợp,1.0000
vn,3 huong,3 hướng,1.0000
vn,3 ket,3 kết,1.0000
vn,3 khach,3 khách,1.0000
vn,3 khoa,3 khóa,0.9091
vn,3 khoan,3 khoản,1.0000
vn,3 khong,3 không,1.0000
vn,3 kiem,3 kiểm,1.0000
vn,3 la,3 là,1.0000
vn,3 lan,3 lần,1.0000
vn,3 lap,3 lập,1.0000
vn,3 loai,3 loại,0.9677
vn,3 luat,3 luật,1.0000
vn,3 luu,3 lưu,1.0000
vn,3 mang,3 mạng,1.0000
vn,3 mot,3 một,1.0000
vn,3 nam,3 năm,0.9943
vn,3 neu,3 nếu,1.0000
vn,3 ngan,3 ngân,1.0000
vn,3 nghi,3 nghị,1.0000
vn,3 ngoai,3 ngoài,0.9242
vn,3 nguoi,3 người,1.0000
vn,3 nguon,3 nguồn,0.9048
vn,3 nguyen,3 nguyên,0.9854
vn,3 nha,3 nhà,1.0000
vn,3 nhap,3 nhập,1.0000
vn,3 nhiem,3 nhiệm,1.0000
vn,3 nhom,3 nhóm,1.0000
vn,3 nhu,3 như,0.9964
vn,3 nhung,3 những,0.9630
vn,3 noi,3 nội,0.9953
vn,3 pham,3 phạm,1.0000
vn,3 phat,3 phạt,0.9776
vn,3 phoi,3 phối,1.0000
vn,3 phong,3 phòng,1.0000
vn,3 phu,3 phụ,0.9286
vn,3 phuong,3 phương,1.0000
vn,3 qua,3 quá,0.9167
vn,3 quan,3 quản,0.9655
vn,3 quyen,3 quyền,1.0000
vn,3 quyet,3 quyết,1.0000
vn,3 san,3 sản,1.0000
vn,3 sua,3 sửa,1.0000
vn,3 tai,3 tài,0.9140
vn,3 tham,3 thẩm,0.9060
vn,3 thang,3 tháng,1.0000
vn,3 thiet,3 thiết,0.9722
vn,3 thoi,3 thời,0.9364
vn,3 thuat,3 thuật,1.0000
vn,3 thuc,3 thực,0.9462
vn,3 thutuc,3 thủtục,1.0000
vn,3 tieu,3 tiêu,0.9783
vn,3 to,3 tổ,0.9974
vn,3 toan,3 toàn,0.9500
vn,3 tong,3 tổng,1.0000
vn,3 trach,3 trách,1.0000
vn,3 tren,3 trên,1.0000
vn,3 trinh,3 trình,1.0000
vn,3 tro,3 trở,0.9881
vn,3 truoc,3 trước,1.0000
vn,3 truong,3 trường,0.9120
vn,3 tuan,3 tuân,1.0000
vn,3 tuyen,3 tuyên,1.0000
vn,3 uu,3 ưu,1.0000
vn,3 uy,3 ủy,0.9565
vn,3 va,3 và,1.0000
vn,3 vao,3 vào,1.0000
vn,3 ve,3 về,1.0000
vn,3 viec,3 việc,1.0000
vn,3 von,3 vốn,1.0000
vn,3 vu,3 vụ,1.0000
vn,3 xac,3 xác,1.0000
vn,3 xay,3 xây,1.0000
vn,3 xu,3 xử,1.0000
vn,3 yeu,3 yêu,1.0000
vn,30 cac,30 các,1.0000
vn,30 co,30 cơ,0.9000
vn,30 cua,30 của,1.0000
vn,30 den,30 đến,1.0000
vn,30 dieu,30 điều,1.0000
vn,30 gia,30 giá,1.0000
vn,30 hieu,30 hiệu,1.0000
vn,30 hoat,30 hoạt,1.0000
vn,30 khoan,30 khoản,1.0000
vn,30 la,30 là,1.0000
vn,30 luat,30 luật,1.0000
vn,30 muc,30 mức,1.0000
vn,30 ngay,30 ngày,1.0000
vn,30 nghi,30 nghị,1.0000
vn,30 nguyen,30 nguyên,1.0000
vn,30 nhu,30 như,1.0000
vn,30 phut,30 phút,1.0000
vn,30 quan,30 quản,1.0000
vn,30 sua,30 sửa,1.0000
vn,30 tham,30 thẩm,1.0000
vn,30 thang,30 tháng,1.0000
vn,30 tinh,30 tỉnh,0.9000
vn,30 to,30 tổ,1.0000
vn,30 tong,30 tổng,1.0000
vn,30 trach,30 trách,1.0000
vn,30 trinh,30 trình,1.0000
vn,30 ty,30 tỷ,1.0000
vn,30 va,30 và,1.0000
vn,30 xu,30 xử,1.0000
vn,30 yeu,30 yêu,1.0000
vn,300 trieu,300 triệu,1.0000
vn,300 ty,300 tỷ,1.0000
vn,31 cac,31 các,1.0000
vn,31 che,31 chế,1.0000
vn,31 cua,31 của,1.0000
vn,31 dieu,31 điều,1.0000
vn,31 khoan,31 khoản,1.0000
vn,31 luat,31 luật,1.0000
vn,31 nghi,31 nghị,1.0000
vn,31 nhu,31 như,1.0000
vn,31 quyen,31 quyền,1.0000
vn,31 sua,31 sửa,1.0000
vn,31 thang,31 tháng,1.0000
vn,31 to,31 tổ,1.0000
vn,31 trach,31 trách,1.0000
vn,31 trinh,31 trình,1.0000
vn,31 va,31 và,1.0000
vn,31 xu,31 xử,1.0000
vn,3176 qd,3176 qđ,1.0000
vn,32 cac,32 các,1.0000
vn,32 cua,32 của,0.9677
vn,32 diem,32 điểm,1.0000
vn,32 dieu,32 điều,1.0000
vn,32 hieu,32 hiệu,1.0000
vn,32 luat,32 luật,1.0000
vn,32 nen,32 nền,1.0000
vn,32 nghi,32 nghị,1.0000
vn,32 nghia,32 nghĩa,1.0000
vn,32 nghien,32 nghiên,1.0000
vn,32 nhu,32 như,1.0000
vn,32 quan,32 quản,1.0000
vn,32 sua,32 sửa,1.0000
vn,32 tam,32 tạm,1.0000
vn,32 thong,32 thông,1.0000
vn,32 trach,32 trách,1.0000
vn,32 trinh,32 trình,1.0000
vn,32 va,32 và,1.0000
vn,33 cac,33 các,1.0000
vn,33 cua,33 của,1.0000
vn,33 dieu,33 điều,1.0000
vn,33 giam,33 giám,1.0000
vn,33 hop,33 hợp,1.0000
vn,33 ke,33 kế,0.9091
vn,33 luat,33 luật,1.0000
vn,33 nghi,33 nghị,1.0000
vn,33 nhu,33 như,1.0000
vn,33 nhung,33 những,1.0000
vn,33 noi,33 nội,1.0000
vn,33 sua,33 sửa,1.0000
vn,33 thong,33 thông,1.0000
vn,33 trach,33 trách,1.0000
vn,34 bao,34 báo,0.9231
vn,34 ca,34 cà,1.0000
vn,34 cac,34 các,1.0000
vn,34 can,34 căn,0.9524
vn,34 cua,34 của,1.0000
vn,34 dieu,34 điều,1.0000
vn,34 hanh,34 hành,1.0000
vn,34 he,34 hệ,1.0000
vn,34 luat,34 luật,1.0000
vn,34 nghi,34 nghị,1.0000
vn,34 nhu,34 như,1.0000
vn,34 sua,34 sửa,1.0000
vn,34 to,34 tổ,1.0000
vn,34 trach,34 trách,1.0000
vn,34 trinh,34 trình,1.0000
vn,34 xac,34 xác,1.0000
vn,35 cua,35 của,1.0000
vn,35 dieu,35 điều,1.0000
vn,35 hop,35 hợp,1.0000
vn,35 khoan,35 khoản,1.0000
vn,35 luat,35 luật,1.0000
vn,35 nghi,35 nghị,1.0000
vn,35 nhu,35 như,1.0000
vn,35 thu,35 thủ,1.0000
vn,35 trach,35 trách,1.0000
vn,35 trinh,35 trình,1.0000
vn,36 co,36 cơ,1.0000
vn,36 cua,36 của,1.0000
vn,36 dieu,36 điều,1.0000
vn,36 hanh,36 hành,1.0000
vn,36 khoan,36 khoản,1.0000
vn,36 luat,36 luật,1.0000
vn,36 nghi,36 nghị,1.0000
vn,36 nhu,36 như,1.0000
vn,36 quan,36 quản,0.9545
vn,36 sua,36 sửa,1.0000
vn,36 thang,36 tháng,1.0000
vn,36 thong,36 thông,1.0000
vn,36 trach,36 trách,1.0000
vn,36 trinh,36 trình,1.0000
vn,36 va,36 và,1.0000
vn,36 yeu,36 yêu,1.0000
vn,37 cua,37 của,1.0000
vn,37 dieu,37 điều,1.0000
vn,37 hanh,37 hành,1.0000
vn,37 luat,37 luật,1.0000
vn,37 luoc,37 lược,1.0000
vn,37 nghi,37 nghị,1.0000
vn,37 nhu,37 như,1.0000
vn,37 thu,37 thủ,1.0000
vn,37 trach,37 trách,1.0000
vn,37 trinh,37 trình,1.0000
vn,38 cap,38 cấp,1.0000
vn,38 chuyen,38 chuyển,1.0000
vn,38 cua,38 của,1.0000
vn,38 dieu,38 điều,1.0000
vn,38 luat,38 luật,1.0000
vn,38 nghi,38 nghị,1.0000
vn,38 nhu,38 như,1.0000
vn,38 phat,38 phát,1.0000
vn,38 quan,38 quản,1.0000
vn,38 su,38 sử,1.0000
vn,38 sua,38 sửa,1.0000
vn,38 thue,38 thuê,1.0000
vn,38 trach,38 trách,1.0000
vn,38 xu,38 xử,1.0000
vn,39 cap,39 cấp,1.0000
vn,39 cua,39 của,1.0000
vn,39 dieu,39 điều,1.0000
vn,39 hanh,39 hành,1.0000
vn,39 ho,39 hồ,1.0000
vn,39 khoan,39 khoản,0.9091
vn,39 luat,39 luật,1.0000
vn,39 nghi,39 nghị,1.0000
vn,39 nhan,39 nhận,1.0000
vn,39 nhu,39 như,1.0000
vn,39 quan,39 quản,1.0000
vn,39 trach,39 trách,1.0000
vn,3a vao,3a vào,1.0000
vn,4 ap,4 áp,1.0000
vn,4 bai,4 bãi,1.0000
vn,4 ben,4 bên,1.0000
vn,4 ca,4 cá,1.0000
vn,4 cac,4 các,1.0000
vn,4 chanh,4 chánh,1.0000
vn,4 che,4 chế,1.0000
vn,4 chinh,4 chính,0.9865
vn,4 chiu,4 chịu,1.0000
vn,4 chu,4 chủ,0.9765
vn,4 chuc,4 chức,1.0000
vn,4 chung,4 chứng,1.0000
vn,4 chuong,4 chương,1.0000
vn,4 chuyen,4 chuyển,1.0000
vn,4 cua,4 của,1.0000
vn,4 cuc,4 cục,1.0000
vn,4 dia,4 địa,0.9655
vn,4 dich,4 dịch,1.0000
vn,4 diem,4 điểm,1.0000
vn,4 dien,4 điện,0.9474
vn,4 dieu,4 điều,1.0000
vn,4 dinh,4 định,0.9667
vn,4 doi,4 đối,0.9924
vn,4 dong,4 đồng,0.9000
vn,4 duoc,4 được,1.0000
vn,4 giai,4 giải,0.9722
vn,4 giam,4 giám,1.0000
vn,4 giay,4 giấy,1.0000
vn,4 hai,4 hải,1.0000
vn,4 he,4 hệ,1.0000
vn,4 hieu,4 hiệu,1.0000
vn,4 hinh,4 hình,1.0000
vn,4 hoat,4 hoạt,1.0000
vn,4 hoi,4 hội,1.0000
vn,4 hop,4 hợp,0.9500
vn,4 huong,4 hướng,0.9000
vn,4 ket,4 kết,1.0000
vn,4 khach,4 khách,1.0000
vn,4 khoan,4 khoản,1.0000
vn,4 khong,4 không,1.0000
vn,4 khuyen,4 khuyến,1.0000
vn,4 kiem,4 kiểm,1.0000
vn,4 la,4 là,1.0000
vn,4 lap,4 lập,0.9643
vn,4 loai,4 loại,0.9375
vn,4 luat,4 luật,1.0000
vn,4 luu,4 lưu,0.9412
vn,4 nam,4 năm,0.9902
vn,4 ngan,4 ngân,1.0000
vn,4 nghi,4 nghị,1.0000
vn,4 ngoai,4 ngoài,0.9412
vn,4 nguoi,4 người,1.0000
vn,4 nguyen,4 nguyên,0.9940
vn,4 nha,4 nhà,1.0000
vn,4 nhap,4 nhập,1.0000
vn,4 nhiem,4 nhiệm,1.0000
vn,4 nhom,4 nhóm,1.0000
vn,4 nhu,4 như,1.0000
vn,4 nhung,4 những,1.0000
vn,4 noi,4 nội,0.9222
vn,4 phat,4 phạt,0.9856
vn,4 phe,4 phê,1.0000
vn,4 phoi,4 phối,0.9630
vn,4 phong,4 phòng,0.9091
vn,4 phuong,4 phương,1.0000
vn,4 quan,4 quản,0.9683
vn,4 quyen,4 quyền,1.0000
vn,4 quyet,4 quyết,1.0000
vn,4 san,4 sản,1.0000
vn,4 sua,4 sửa,1.0000
vn,4 thiet,4 thiết,1.0000
vn,4 thuat,4 thuật,1.0000
vn,4 thuc,4 thực,0.9670
vn,4 tieu,4 tiêu,0.9688
vn,4 to,4 tổ,0.9965
vn,4 tong,4 tổng,0.9714
vn,4 trach,4 trách,1.0000
vn,4 tren,4 trên,1.0000
vn,4 trieu,4 triệu,1.0000
vn,4 trinh,4 trình,1.0000
vn,4 truoc,4 trước,1.0000
vn,4 truong,4 trường,0.9082
vn,4 tuan,4 tuân,1.0000
vn,4 uy,4 ủy,0.9464
vn,4 va,4 và,0.9967
vn,4 van,4 văn,0.9375
vn,4 vao,4 vào,1.0000
vn,4 viec,4 việc,1.0000
vn,4 von,4 vốn,1.0000
vn,4 vu,4 vụ,0.9444
vn,4 xac,4 xác,1.0000
vn,4 xay,4 xây,1.0000
vn,4 xu,4 xử,1.0000
vn,4 yeu,4 yêu,1.0000
vn,40 cap,40 cấp,1.0000
vn,40 chuyen,40 chuyển,1.0000
vn,40 co,40 cơ,1.0000
vn,40 cua,40 của,1.0000
vn,40 den,40 đến,1.0000
vn,40 dieu,40 điều,1.0000
vn,40 hanh,40 hành,1.0000
vn,40 hieu,40 hiệu,1.0000
vn,40 khoan,40 khoản,1.0000
vn,40 luat,40 luật,1.0000
vn,40 ngay,40 ngày,1.0000
vn,40 nghi,40 nghị,1.0000
vn,40 nhan,40 nhận,1.0000
vn,40 nhu,40 như,1.0000
vn,40 noi,40 nội,1.0000
vn,40 quan,40 quản,1.0000
vn,40 quyen,40 quyền,1.0000
vn,40 trach,40 trách,1.0000
vn,40 trinh,40 trình,1.0000
vn,40 va,40 và,1.0000
vn,4000 tan,4000 tấn,1.0000
vn,4000 ten,4000 tên,0.9091
vn,41 bieu,41 biểu,1.0000
vn,41 cac,41 các,1.0000
vn,41 cap,41 cấp,1.0000
vn,41 cua,41 của,1.0000
vn,41 dai,41 đại,1.0000
vn,41 dieu,41 điều,1.0000
vn,41 khoan,41 khoản,1.0000
vn,41 luat,41 luật,1.0000
vn,41 nghi,41 nghị,1.0000
vn,41 nhu,41 như,1.0000
vn,41 quan,41 quản,1.0000
vn,41 quyen,41 quyền,1.0000
vn,41 su,41 sử,1.0000
vn,41 sua,41 sửa,1.0000
vn,41 trach,41 trách,1.0000
vn,41 trinh,41 trình,1.0000
vn,42 cap,42 cấp,1.0000
vn,42 cua,42 của,1.0000
vn,42 dieu,42 điều,1.0000
vn,42 khoan,42 khoản,1.0000
vn,42 luat,42 luật,1.0000
vn,42 nghi,42 nghị,1.0000
vn,42 nhan,42 nhận,1.0000
vn,42 nhu,42 như,1.0000
vn,42 quyen,42 quyền,1.0000
vn,42 thong,42 thông,0.9167
vn,42 trach,42 trách,1.0000
vn,43 cac,43 các,1.0000
vn,43 cap,43 cấp,1.0000
vn,43 cua,43 của,1.0000
vn,43 dieu,43 điều,1.0000
vn,43 ho,43 hồ,1.0000
vn,43 luat,43 luật,1.0000
vn,43 nghi,43 nghị,1.0000
vn,43 nhu,43 như,1.0000
vn,43 quan,43 quản,1.0000
vn,43 sua,43 sửa,0.9615
vn,43 trach,43 trách,1.0000
vn,43 trinh,43 trình,1.0000
vn,43 va,43 và,1.0000
vn,43 xu,43 xử,1.0000
vn,44 bao,44 báo,0.9167
vn,44 cua,44 của,1.0000
vn,44 dieu,44 điều,1.0000
vn,44 giai,44 giải,1.0000
vn,44 hanh,44 hành,1.0000
vn,44 nghi,44 nghị,1.0000
vn,44 nhu,44 như,1.0000
vn,44 qd,44 qđ,1.0000
vn,44 quyen,44 quyền,1.0000
vn,44 su,44 sử,1.0000
vn,44 sua,44 sửa,1.0000
vn,44 tham,44 thẩm,1.0000
vn,45 cua,45 của,1.0000
vn,45 dieu,45 điều,1.0000
vn,45 hanh,45 hành,1.0000
vn,45 ngay,45 ngày,1.0000
vn,45 nghi,45 nghị,1.0000
vn,45 sua,45 sửa,1.0000
vn,45 thu,45 thủ,1.0000
vn,46 bao,46 bảo,1.0000
vn,46 cua,46 của,1.0000
vn,46 dieu,46 điều,1.0000
vn,46 nghi,46 nghị,1.0000
vn,46 nhiem,46 nhiệm,1.0000
vn,46 nhu,46 như,1.0000
vn,46 pham,46 phạm,1.0000
vn,46 quan,46 quản,0.9000
vn,46 thuc,46 thực,1.0000
vn,46 trach,46 trách,1.0000
vn,46 trinh,46 trình,1.0000
vn,46 va,46 và,1.0000
vn,47 cac,47 các,1.0000
vn,47 cua,47 của,1.0000
vn,47 duoc,47 được,1.0000
vn,47 luat,47 luật,1.0000
vn,47 nghi,47 nghị,1.0000
vn,47 nhu,47 như,1.0000
vn,47 trach,47 trách,1.0000
vn,48 co,48 cơ,1.0000
vn,48 cua,48 của,1.0000
vn,48 dieu,48 điều,1.0000
vn,48 gio,48 giờ,1.0000
vn,48 khoan,48 khoản,1.0000
vn,48 nghi,48 nghị,1.0000
vn,48 nhiem,48 nhiệm,1.0000
vn,48 quan,48 quản,1.0000
vn,48 quyen,48 quyền,1.0000
vn,48 va,48 và,1.0000
vn,49 cua,49 của,1.0000
vn,49 dieu,49 điều,1.0000
vn,49 nghi,49 nghị,1.0000
vn,49 su,49 sử,1.0000
vn,49 sua,49 sửa,1.0000
vn,49 trach,49 trách,1.0000
vn,49 va,49 và,1.0000
vn,4998 qd,4998 qđ,1.0000
vn,4a quang,4a quảng,1.0000
vn,4a thong,4a thông,1.0000
vn,4a vao,4a vào,1.0000
vn,5 ap,5 áp,1.0000
vn,5 bai,5 bãi,1.0000
vn,5 bang,5 bảng,0.9333
vn,5 ben,5 bên,1.0000
vn,5 cac,5 các,1.0000
vn,5 che,5 chế,0.9231
vn,5 chinh,5 chính,1.0000
vn,5 chuong,5 chương,1.0000
vn,5 cong,5 công,0.9355
vn,5 cua,5 của,1.0000
vn,5 dich,5 dịch,0.9412
vn,5 diem,5 điểm,1.0000
vn,5 dieu,5 điều,1.0000
vn,5 dinh,5 định,0.9474
vn,5 doi,5 đối,1.0000
vn,5 duoc,5 được,1.0000
vn,5 giai,5 giải,0.9412
vn,5 giam,5 giám,1.0000
vn,5 giay,5 giấy,1.0000
vn,5 gui,5 gửi,1.0000
vn,5 hai,5 hải,1.0000
vn,5 he,5 hệ,1.0000
vn,5 hieu,5 hiệu,1.0000
vn,5 hinh,5 hình,1.0000
vn,5 hoat,5 hoạt,0.9000
vn,5 hoi,5 hội,1.0000
vn,5 huong,5 hướng,0.9231
vn,5 ket,5 kết,1.0000
vn,5 khoan,5 khoản,1.0000
vn,5 khong,5 không,1.0000
vn,5 kiem,5 kiểm,1.0000
vn,5 la,5 là,1.0000
vn,5 lan,5 lần,1.0000
vn,5 lap,5 lập,1.0000
vn,5 loai,5 loại,1.0000
vn,5 luu,5 lưu,1.0000
vn,5 mo,5 mở,0.9167
vn,5 nam,5 năm,0.9900
vn,5 ngan,5 ngân,1.0000
vn,5 nghi,5 nghị,1.0000
vn,5 nguoi,5 người,1.0000
vn,5 nguyen,5 nguyên,1.0000
vn,5 nha,5 nhà,1.0000
vn,5 nhom,5 nhóm,1.0000
vn,5 nhu,5 như,1.0000
vn,5 nhung,5 những,0.9167
vn,5 noi,5 nội,1.0000
vn,5 pham,5 phạm,1.0000
vn,5 phat,5 phạt,0.9891
vn,5 phoi,5 phối,1.0000
vn,5 phong,5 phòng,1.0000
vn,5 phuong,5 phương,1.0000
vn,5 quyen,5 quyền,1.0000
vn,5 quyet,5 quyết,1.0000
vn,5 su,5 sử,0.9167
vn,5 sua,5 sửa,1.0000
vn,5 tham,5 thẩm,0.9241
vn,5 thang,5 tháng,1.0000
vn,5 thiet,5 thiết,1.0000
vn,5 thong,5 thông,0.9318
vn,5 thuc,5 thực,1.0000
vn,5 tien,5 tiền,0.9444
vn,5 tieu,5 tiêu,1.0000
vn,5 to,5 tổ,0.9931
vn,5 tong,5 tổng,1.0000
vn,5 trach,5 trách,1.0000
vn,5 trien,5 triển,1.0000
vn,5 trinh,5 trình,1.0000
vn,5 truoc,5 trước,1.0000
vn,5 truong,5 trường,0.9198
vn,5 ty,5 tỷ,1.0000
vn,5 uy,5 ủy,0.9000
vn,5 va,5 và,1.0000
vn,5 van,5 văn,0.9200
vn,5 vao,5 vào,1.0000
vn,5 ve,5 về,1.0000
vn,5 viec,5 việc,1.0000
vn,5 von,5 vốn,1.0000
vn,5 vu,5 vụ,1.0000
vn,5 xac,5 xác,1.0000
vn,5 xay,5 xây,1.0000
vn,5 xu,5 xử,1.0000
vn,5 yeu,5 yêu,1.0000
vn,50 bang,50 bằng,1.0000
vn,50 cac,50 các,1.0000
vn,50 cu,50 cụ,1.0000
vn,50 cua,50 của,1.0000
vn,50 den,50 đến,1.0000
vn,50 diem,50 điểm,1.0000
vn,50 gia,50 giá,1.0000
vn,50 la,50 là,1.0000
vn,50 luat,50 luật,1.0000
vn,50 ma,50 mã,0.9821
vn,50 muc,50 mức,0.9600
vn,50 nam,50 năm,1.0000
vn,50 nghi,50 nghị,1.0000
vn,50 nguoi,50 người,1.0000
vn,50 sua,50 sửa,1.0000
vn,50 tong,50 tổng,1.0000
vn,50 trach,50 trách,1.0000
vn,50 trieu,50 triệu,1.0000
vn,50 tro,50 trở,1.0000
vn,50 ty,50 tỷ,1.0000
vn,50 von,50 vốn,1.0000
vn,500 ma,500 mã,1.0000
vn,500 trieu,500 triệu,1.0000
vn,500 ty,500 tỷ,1.0000
vn,51 cac,51 các,1.0000
vn,51 gia,51 giá,1.0000
vn,51 hoat,51 hoạt,1.0000
vn,51 khoan,51 khoản,1.0000
vn,51 ngan,51 ngân,1.0000
vn,51 nghi,51 nghị,1.0000
vn,51 nhu,51 như,1.0000
vn,51 noi,51 nội,1.0000
vn,51 tham,51 thẩm,1.0000
vn,52 de,52 đề,1.0000
vn,52 giam,52 giám,1.0000
vn,52 hieu,52 hiệu,1.0000
vn,52 ngan,52 ngân,1.0000
vn,52 nghi,52 nghị,1.0000
vn,52 nhu,52 như,1.0000
vn,52 trach,52 trách,1.0000
vn,52 xay,52 xây,1.0000
vn,53 cua,53 của,1.0000
vn,53 dieu,53 điều,1.0000
vn,53 luat,53 luật,1.0000
vn,53 ngan,53 ngân,1.0000
vn,53 nghi,53 nghị,1.0000
vn,53 va,53 và,1.0000
vn,53a nghi,53a nghị,1.0000
vn,54 cac,54 các,1.0000
vn,54 khoan,54 khoản,1.0000
vn,54 ngan,54 ngân,1.0000
vn,54 nghi,54 nghị,1.0000
vn,54 nhiem,54 nhiệm,1.0000
vn,54 nhu,54 như,1.0000
vn,54 su,54 sử,1.0000
vn,54 tham,54 thẩm,1.0000
vn,54 trach,54 trách,1.0000
vn,54 va,54 và,1.0000
vn,55 cac,55 các,1.0000
vn,55 cua,55 của,1.0000
vn,55 diem,55 điểm,1.0000
vn,55 dieu,55 điều,1.0000
vn,55 khoan,55 khoản,1.0000
vn,55 nghi,55 nghị,1.0000
vn,55 phan,55 phân,1.0000
vn,55 quan,55 quản,1.0000
vn,55 su,55 sử,1.0000
vn,55 trach,55 trách,1.0000
vn,56 cua,56 của,1.0000
vn,56 dieu,56 điều,1.0000
vn,56 khoan,56 khoản,1.0000
vn,56 quyen,56 quyền,1.0000
vn,56 yeu,56 yêu,1.0000
vn,57 cac,57 các,1.0000
vn,57 cua,57 của,1.0000
vn,57 dieu,57 điều,1.0000
vn,57 khoan,57 khoản,1.0000
vn,57 luat,57 luật,1.0000
vn,57 ngan,57 ngân,1.0000
vn,57 va,57 và,1.0000
vn,58 cua,58 của,1.0000
vn,58 khoan,58 khoản,1.0000
vn,58 luat,58 luật,1.0000
vn,58 ngan,58 ngân,1.0000
vn,58 nghi,58 nghị,1.0000
vn,58 to,58 tổ,1.0000
vn,585 nguoi,585 người,1.0000
vn,59 cac,59 các,1.0000
vn,59 cua,59 của,1.0000
vn,59 dieu,59 điều,1.0000
vn,59 ngan,59 ngân,1.0000
vn,59 nghi,59 nghị,1.0000
vn,6 bai,6 bãi,1.0000
vn,6 cac,6 các,1.0000
vn,6 chanh,6 chánh,1.0000
vn,6 che,6 chế,1.0000
vn,6 chung,6 chứng,1.0000
vn,6 chuyen,6 chuyển,0.9231
vn,6 cua,6 của,1.0000
vn,6 cuc,6 cục,1.0000
vn,6 dich,6 dịch,0.9286
vn,6 diem,6 điểm,1.0000
vn,6 dieu,6 điều,1.0000
vn,6 doi,6 đối,1.0000
vn,6 duoc,6 được,1.0000
vn,6 giai,6 giải,0.9500
vn,6 giam,6 giám,1.0000
vn,6 giay,6 giấy,1.0000
vn,6 gui,6 gửi,1.0000
vn,6 hanh,6 hành,1.0000
vn,6 he,6 hệ,1.0000
vn,6 hieu,6 hiệu,1.0000
vn,6 hinh,6 hình,1.0000
vn,6 hoac,6 hoặc,1.0000
vn,6 hoi,6 hội,1.0000
vn,6 hop,6 hợp,1.0000
vn,6 ket,6 kết,1.0000
vn,6 khoan,6 khoản,0.9923
vn,6 kiem,6 kiểm,1.0000
vn,6 lap,6 lập,1.0000
vn,6 nam,6 năm,0.9885
vn,6 ngan,6 ngân,0.9677
vn,6 nghi,6 nghị,1.0000
vn,6 nguoi,6 người,0.9737
vn,6 nguyen,6 nguyên,0.9333
vn,6 nha,6 nhà,1.0000
vn,6 nhu,6 như,1.0000
vn,6 noi,6 nội,0.9457
vn,6 phat,6 phạt,0.9740
vn,6 phoi,6 phối,1.0000
vn,6 quan,6 quản,1.0000
vn,6 quyen,6 quyền,1.0000
vn,6 quyet,6 quyết,1.0000
vn,6 son,6 sơn,1.0000
vn,6 sua,6 sửa,1.0000
vn,6 tham,6 thẩm,0.9677
vn,6 thang,6 tháng,1.0000
vn,6 thiet,6 thiết,1.0000
vn,6 thoi,6 thời,0.9123
vn,6 thong,6 thông,0.9457
vn,6 thuc,6 thực,0.9783
vn,6 tiep,6 tiếp,1.0000
vn,6 tieu,6 tiêu,1.0000
vn,6 to,6 tổ,1.0000
vn,6 tong,6 tổng,0.9333
vn,6 trach,6 trách,1.0000
vn,6 trinh,6 trình,1.0000
vn,6 truong,6 trường,0.9674
vn,6 tuoi,6 tuổi,1.0000
vn,6 uy,6 ủy,0.9000
vn,6 va,6 và,1.0000
vn,6 ve,6 về,1.0000
vn,6 viec,6 việc,1.0000
vn,6 von,6 vốn,1.0000
vn,6 vu,6 vụ,0.9333
vn,6 xac,6 xác,1.0000
vn,6 xu,6 xử,1.0000
vn,6 yeu,6 yêu,0.9756
vn,60 cua,60 của,1.0000
vn,60 den,60 đến,1.0000
vn,60 khoan,60 khoản,1.0000
vn,60 ngan,60 ngân,1.0000
vn,60 ngay,60 ngày,1.0000
vn,61 huyen,61 huyện,1.0000
vn,61 nghi,61 nghị,1.0000
vn,62 cac,62 các,1.0000
vn,62 khoan,62 khoản,1.0000
vn,62 nhu,62 như,1.0000
vn,63 diem,63 điểm,1.0000
vn,63 khoan,63 khoản,1.0000
vn,63 luat,63 luật,1.0000
vn,63 nghi,63 nghị,1.0000
vn,63 tham,63 thẩm,1.0000
vn,63 trach,63 trách,1.0000
vn,63 trinh,63 trình,1.0000
vn,64 cac,64 các,1.0000
vn,64 dieu,64 điều,1.0000
vn,64 luat,64 luật,1.0000
vn,64 nghi,64 nghị,1.0000
vn,64 tham,64 thẩm,1.0000
vn,64 trach,64 trách,1.0000
vn,65 co,65 cơ,1.0000
vn,65 cua,65 của,1.0000
vn,65 dieu,65 điều,1.0000
vn,65 quan,65 quản,1.0000
vn,65 quyen,65 quyền,1.0000
vn,65 tham,65 thẩm,1.0000
vn,65 thiet,65 thiết,1.0000
vn,65 va,65 và,1.0000
vn,66 cac,66 các,1.0000
vn,66 cua,66 của,1.0000
vn,66 khoan,66 khoản,1.0000
vn,66 nghi,66 nghị,1.0000
vn,66 nhu,66 như,1.0000
vn,66 quan,66 quản,1.0000
vn,66 tham,66 thẩm,1.0000
vn,67 nhu,67 như,1.0000
vn,68 cac,68 các,1.0000
vn,68 nhu,68 như,1.0000
vn,68 tham,68 thẩm,1.0000
vn,69 khoan,69 khoản,1.0000
vn,69 nghi,69 nghị,1.0000
vn,69 tham,69 thẩm,1.0000
vn,7 bai,7 bãi,1.0000
vn,7 bien,7 biện,0.9714
vn,7 cac,7 các,1.0000
vn,7 chinh,7 chính,1.0000
vn,7 chuyen,7 chuyển,1.0000
vn,7 co,7 cơ,0.9254
vn,7 cua,7 của,1.0000
vn,7 den,7 đến,1.0000
vn,7 dich,7 dịch,1.0000
vn,7 diem,7 điểm,1.0000
vn,7 dieu,7 điều,1.0000
vn,7 dinh,7 định,1.0000
vn,7 doi,7 đối,1.0000
vn,7 duoc,7 được,1.0000
vn,7 giai,7 giải,1.0000
vn,7 giay,7 giấy,0.9375
vn,7 he,7 hệ,1.0000
vn,7 hieu,7 hiệu,1.0000
vn,7 hinh,7 hình,1.0000
vn,7 hop,7 hợp,1.0000
vn,7 ke,7 kế,1.0000
vn,7 ket,7 kết,1.0000
vn,7 khoan,7 khoản,0.9867
vn,7 khong,7 không,1.0000
vn,7 kiem,7 kiểm,1.0000
vn,7 ky,7 ký,0.9375
vn,7 lap,7 lập,1.0000
vn,7 mang,7 mạng,1.0000
vn,7 nam,7 năm,1.0000
vn,7 ngan,7 ngân,0.9286
vn,7 ngay,7 ngày,0.9012
vn,7 nghi,7 nghị,1.0000
vn,7 nguoi,7 người,1.0000
vn,7 nguyen,7 nguyên,0.9412
vn,7 nhu,7 như,1.0000
vn,7 noi,7 nội,0.9730
vn,7 phat,7 phạt,0.9524
vn,7 phoi,7 phối,1.0000
vn,7 quan,7 quản,0.9730
vn,7 quyen,7 quyền,1.0000
vn,7 quyet,7 quyết,1.0000
vn,7 ra,7 rà,1.0000
vn,7 sua,7 sửa,1.0000
vn,7 tai,7 tài,0.9143
vn,7 tam,7 tạm,1.0000
vn,7 tham,7 thẩm,0.9688
vn,7 thiet,7 thiết,1.0000
vn,7 thong,7 thông,0.9268
vn,7 thuc,7 thực,0.9412
vn,7 to,7 tổ,1.0000
vn,7 trach,7 trách,1.0000
vn,7 trinh,7 trình,1.0000
vn,7 truong,7 trường,0.9910
vn,7 va,7 và,1.0000
vn,7 van,7 văn,0.9000
vn,7 vao,7 vào,1.0000
vn,7 viec,7 việc,1.0000
vn,7 vu,7 vụ,1.0000
vn,7 xac,7 xác,1.0000
vn,7 xay,7 xây,1.0000
vn,7 xep,7 xếp,1.0000
vn,7 xu,7 xử,1.0000
vn,7 yeu,7 yêu,0.9412
vn,70 cac,70 các,1.0000
vn,70 diem,70 điểm,1.0000
vn,70 dien,70 diện,1.0000
vn,70 ho,70 hỗ,0.9890
vn,70 khong,70 không,1.0000
vn,70 nhiem,70 nhiệm,1.0000
vn,70 noi,70 nội,1.0000
vn,70 tong,70 tổng,1.0000
vn,71 nghi,71 nghị,1.0000
vn,71 sua,71 sửa,1.0000
vn,72 cua,72 của,1.0000
vn,72 cuoc,72 cuộc,1.0000
vn,72 gio,72 giờ,1.0000
vn,72 trach,72 trách,1.0000
vn,73 luat,73 luật,1.0000
vn,73 sua,73 sửa,1.0000
vn,74 cac,74 các,1.0000
vn,74 luat,74 luật,1.0000
vn,74 nghi,74 nghị,1.0000
vn,74 trach,74 trách,1.0000
vn,745 qd,745 qđ,1.0000
vn,75 tong,75 tổng,1.0000
vn,77 cac,77 các,1.0000
vn,77 dieu,77 điều,1.0000
vn,77 trach,77 trách,1.0000
vn,78 ke,78 kế,1.0000
vn,78 nghi,78 nghị,1.0000
vn,78 nhu,78 như,1.0000
vn,78 xu,78 xử,1.0000
vn,79 trach,79 trách,1.0000
vn,8 ap,8 áp,1.0000
vn,8 bien,8 biện,0.9714
vn,8 cac,8 các,1.0000
vn,8 can,8 căn,0.9756
vn,8 cua,8 của,1.0000
vn,8 cuc,8 cục,1.0000
vn,8 dich,8 dịch,1.0000
vn,8 diem,8 điểm,0.9500
vn,8 dieu,8 điều,1.0000
vn,8 doi,8 đối,0.9655
vn,8 duoc,8 được,1.0000
vn,8 giai,8 giải,1.0000
vn,8 hanh,8 hành,1.0000
vn,8 he,8 hệ,1.0000
vn,8 hinh,8 hình,1.0000
vn,8 hoi,8 hội,1.0000
vn,8 hop,8 hợp,1.0000
vn,8 ke,8 kế,1.0000
vn,8 ket,8 kết,1.0000
vn,8 khoan,8 khoản,0.9839
vn,8 kiem,8 kiểm,1.0000
vn,8 lap,8 lập,1.0000
vn,8 luat,8 luật,1.0000
vn,8 nam,8 năm,0.9853
vn,8 nghi,8 nghị,1.0000
vn,8 nghia,8 nghĩa,1.0000
vn,8 nguon,8 nguồn,1.0000
vn,8 nhiem,8 nhiệm,1.0000
vn,8 nhu,8 như,1.0000
vn,8 noi,8 nội,0.9733
vn,8 pham,8 phạm,0.9091
vn,8 phat,8 phạt,0.9630
vn,8 quan,8 quản,1.0000
vn,8 quyen,8 quyền,1.0000
vn,8 quyet,8 quyết,1.0000
vn,8 su,8 sử,0.9167
vn,8 sua,8 sửa,1.0000
vn,8 tham,8 thẩm,0.9412
vn,8 thiet,8 thiết,1.0000
vn,8 thong,8 thông,0.9175
vn,8 thuc,8 thực,0.9688
vn,8 tiep,8 tiếp,1.0000
vn,8 to,8 tổ,1.0000
vn,8 tong,8 tổng,0.9091
vn,8 trach,8 trách,1.0000
vn,8 trinh,8 trình,1.0000
vn,8 truong,8 trường,1.0000
vn,8 va,8 và,1.0000
vn,8 viec,8 việc,1.0000
vn,8 xac,8 xác,1.0000
vn,8 xu,8 xử,1.0000
vn,8 yeu,8 yêu,0.9375
vn,80 luu,80 lưu,1.0000
vn,80 nghi,80 nghị,1.0000
vn,81 tro,81 trở,1.0000
vn,83 cac,83 các,1.0000
vn,83 nghi,83 nghị,1.0000
vn,85 cua,85 của,1.0000
vn,85 quan,85 quản,1.0000
vn,88 luat,88 luật,1.0000
vn,89 dieu,89 điều,1.0000
vn,9 bien,9 biện,0.9167
vn,9 cac,9 các,1.0000
vn,9 cap,9 cấp,0.9535
vn,9 che,9 chế,1.0000
vn,9 cong,9 công,0.9643
vn,9 cua,9 của,1.0000
vn,9 dam,9 đảm,0.9474
vn,9 dang,9 đăng,0.9091
vn,9 diem,9 điểm,1.0000
vn,9 dieu,9 điều,1.0000
vn,9 dinh,9 định,1.0000
vn,9 doi,9 đối,1.0000
vn,9 duoc,9 được,1.0000
vn,9 gia,9 giá,1.0000
vn,9 hanh,9 hành,1.0000
vn,9 he,9 hệ,1.0000
vn,9 hieu,9 hiệu,1.0000
vn,9 hinh,9 hình,1.0000
vn,9 ho,9 hồ,0.9412
vn,9 hoi,9 hội,1.0000
vn,9 ke,9 kế,1.0000
vn,9 khoan,9 khoản,0.9608
vn,9 khoi,9 khởi,1.0000
vn,9 kiem,9 kiểm,1.0000
vn,9 ky,9 ký,1.0000
vn,9 luat,9 luật,1.0000
vn,9 nam,9 năm,0.9828
vn,9 nghi,9 nghị,1.0000
vn,9 nghia,9 nghĩa,1.0000
vn,9 nguoi,9 người,0.9167
vn,9 nguyen,9 nguyên,0.9688
vn,9 nhiem,9 nhiệm,1.0000
vn,9 nhu,9 như,1.0000
vn,9 noi,9 nội,1.0000
vn,9 phat,9 phạt,0.9444
vn,9 phuong,9 phương,1.0000
vn,9 quan,9 quản,0.9500
vn,9 quyen,9 quyền,0.9821
vn,9 quyet,9 quyết,1.0000
vn,9 so,9 số,0.9259
vn,9 sua,9 sửa,1.0000
vn,9 tam,9 tạm,1.0000
vn,9 tham,9 thẩm,0.9730
vn,9 thiet,9 thiết,1.0000
vn,9 thoa,9 thỏa,1.0000
vn,9 thong,9 thông,0.9915
vn,9 thuc,9 thực,1.0000
vn,9 thue,9 thuế,1.0000
vn,9 to,9 tổ,1.0000
vn,9 trach,9 trách,1.0000
vn,9 trinh,9 trình,1.0000
vn,9 truong,9 trường,1.0000
vn,9 va,9 và,1.0000
vn,9 ve,9 về,1.0000
vn,9 viec,9 việc,1.0000
vn,9 xac,9 xác,1.0000
vn,9 xay,9 xây,1.0000
vn,9 xu,9 xử,1.0000
vn,9 yeu,9 yêu,0.9500
vn,90 loai,90 loại,1.0000
vn,90 ngay,90 ngày,1.0000
vn,90 thoi,90 thời,1.0000
vn,90 va,90 và,1.0000
vn,90c cua,90c của,1.0000
vn,91 den,91 đến,1.0000
vn,91 nghi,91 nghị,1.0000
vn,92 dieu,92 điều,1.0000
vn,92 noi,92 nội,1.0000
vn,92 trinh,92 trình,1.0000
vn,92 va,92 và,1.0000
vn,93 cac,93 các,1.0000
vn,93 nghi,93 nghị,1.0000
vn,93 xu,93 xử,1.0000
vn,94 cac,94 các,1.0000
vn,94 nhu,94 như,1.0000
vn,95 cac,95 các,1.0000
vn,95 dieu,95 điều,1.0000
vn,96 cac,96 các,1.0000
vn,98 cua,98 của,1.0000
vn,99 ca,99 cá,1.0000
vn,99 khoan,99 khoản,1.0000
vn,a ap,a áp,1.0000
vn,a bai,a bãi,0.9615
vn,a bi,a bị,0.9286
vn,a buoc,a buộc,1.0000
vn,a ca,a cá,1.0000
vn,a cac,a các,0.9955
vn,a canh,a cảnh,1.0000
vn,a chanh,a chánh,1.0000
vn,a chap,a chấp,1.0000
vn,a chiu,a chịu,1.0000
vn,a chu,a chủ,0.9265
vn,a chua,a chưa,1.0000
vn,a chuan,a chuẩn,1.0000
vn,a chuyen,a chuyển,1.0000
vn,a cong,a công,0.9223
vn,a cuc,a cục,1.0000
vn,a da,a đã,1.0000
vn,a dai,a đại,0.9091
vn,a dap,a đáp,0.9667
vn,a dia,a địa,1.0000
vn,a dich,a dịch,1.0000
vn,a diem,a điểm,1.0000
vn,a dieu,a điều,1.0000
vn,a doi,a đối,0.9874
vn,a don,a đơn,1.0000
vn,a duoc,a được,1.0000
vn,a gay,a gây,1.0000
vn,a giam,a giám,1.0000
vn,a giay,a giấy,1.0000
vn,a gui,a gửi,1.0000
vn,a han,a hạn,1.0000
vn,a hanh,a hành,1.0000
vn,a he,a hệ,1.0000
vn,a hieu,a hiệu,0.9524
vn,a hinh,a hình,1.0000
vn,a hoac,a hoặc,1.0000
vn,a hoat,a hoạt,1.0000
vn,a hoc,a học,1.0000
vn,a hoi,a hội,1.0000
vn,a hop,a hợp,0.9375
vn,a huong,a hướng,1.0000
vn,a ket,a kết,1.0000
vn,a khach,a khách,1.0000
vn,a khoan,a khoản,0.9971
vn,a khong,a không,1.0000
vn,a kiem,a kiểm,1.0000
vn,a la,a là,1.0000
vn,a lam,a làm,1.0000
vn,a lap,a lập,0.9691
vn,a loai,a loại,1.0000
vn,a lop,a lớp,1.0000
vn,a lua,a lựa,0.9333
vn,a luc,a lực,1.0000
vn,a ma,a mã,1.0000
vn,a mang,a mạng,1.0000
vn,a mot,a một,1.0000
vn,a nam,a nắm,0.9118
vn,a ngan,a ngân,0.9419
vn,a nghi,a nghị,1.0000
vn,a nghien,a nghiên,1.0000
vn,a nguoi,a người,1.0000
vn,a nguon,a nguồn,1.0000
vn,a nguyen,a nguyên,1.0000
vn,a nha,a nhà,1.0000
vn,a nhan,a nhận,0.9000
vn,a nhiem,a nhiệm,1.0000
vn,a nhom,a nhóm,1.0000
vn,a nhu,a như,1.0000
vn,a noi,a nội,0.9091
vn,a nop,a nộp,1.0000
vn,a pha,a phá,1.0000
vn,a phai,a phải,1.0000
vn,a pham,a phạm,1.0000
vn,a phat,a phạt,0.9336
vn,a phe,a phê,1.0000
vn,a phieu,a phiếu,1.0000
vn,a phoi,a phối,1.0000
vn,a phuong,a phương,1.0000
vn,a quan,a quản,0.9167
vn,a quyet,a quyết,1.0000
vn,a rui,a rủi,1.0000
vn,a san,a sản,0.9231
vn,a su,a sử,0.9479
vn,a sua,a sửa,1.0000
vn,a tach,a tách,1.0000
vn,a tap,a tập,1.0000
vn,a ten,a tên,0.9937
vn,a thoi,a thời,0.9844
vn,a thong,a thông,0.9781
vn,a thuc,a thực,0.9911
vn,a thue,a thuê,0.9444
vn,a thuoc,a thuộc,0.9333
vn,a thutuc,a thủtục,1.0000
vn,a tich,a tịch,0.9643
vn,a tiep,a tiếp,1.0000
vn,a tieu,a tiêu,1.0000
vn,a tong,a tổng,1.0000
vn,a trach,a trách,1.0000
vn,a tren,a trên,1.0000
vn,a trich,a trích,1.0000
vn,a trien,a triển,1.0000
vn,a trinh,a trình,1.0000
vn,a tru,a trụ,0.9130
vn,a truc,a trực,1.0000
vn,a truoc,a trước,1.0000
vn,a truong,a trường,0.9787
vn,a tu,a từ,0.9470
vn,a tuan,a tuân,0.9818
vn,a tuoc,a tước,1.0000
vn,a uy,a ủy,0.9091
vn,a va,a và,1.0000
vn,a van,a văn,0.9800
vn,a ve,a về,1.0000
vn,a viec,a việc,1.0000
vn,a von,a vốn,1.0000
vn,a xa,a xả,1.0000
vn,a xac,a xác,1.0000
vn,a xay,a xây,1.0000
vn,a xu,a xử,1.0000
vn,a xuat,a xuất,1.0000
vn,a yeu,a yêu,1.0000
vn,a4 su,a4 sử,1.0000
vn,ac te,ác tệ,1.0000
vn,ai la,ai là,1.0000
vn,ai05a bao,ai05a báo,1.0000
vn,am ghi,âm ghi,1.0000
vn,am hieu,am hiểu,1.0000
vn,am hoat,âm hoạt,1.0000
vn,am luy,âm lũy,1.0000
vn,am muu,âm mưu,1.0000
vn,am so,âm số,1.0000
vn,am thanh,âm thanh,1.0000
vn,an 01,án 01,1.0000
vn,an ap,án áp,1.0000
vn,an bat,án bất,0.9608
vn,an bi,án bị,0.9868
vn,an boi,án bồi,1.0000
vn,an bt,án bt,1.0000
vn,an cat,án cắt,1.0000
vn,an chan,ăn chăn,0.9831
vn,an chiem,án chiếm,1.0000
vn,an cho,án cho,0.9690
vn,an chua,án chưa,0.9444
vn,an chuong,án chương,1.0000
vn,an chuyen,án chuyển,0.9941
vn,an cong,án công,0.9000
vn,an cu,án cụ,0.9000
vn,an da,án đã,0.9975
vn,an dam,án đảm,1.0000
vn,an dan,án dân,1.0000
vn,an dau,án đầu,0.9874
vn,an dieu,án điều,0.9839
vn,an doc,án độc,1.0000
vn,an doi,án đối,0.9125
vn,an du,án dự,0.9333
vn,an duoc,án được,0.9205
vn,an ghi,án ghi,1.0000
vn,an gia,án giá,0.9759
vn,an giu,án giữ,1.0000
vn,an gom,án gồm,1.0000
vn,an gop,án góp,1.0000
vn,an ha,án hạ,1.0000
vn,an hinh,án hình,1.0000
vn,an hoan,án hoàn,0.9062
vn,an hoat,án hoạt,1.0000
vn,an hop,án hợp,1.0000
vn,an huy,án huy,0.9091
vn,an huyen,an huyện,0.9286
vn,an kem,án kèm,0.9286
vn,an ket,án kết,0.9500
vn,an kh,án kh,1.0000
vn,an kha,án khả,1.0000
vn,an khai,án khai,1.0000
vn,an khoa,án khoa,1.0000
vn,an khong,án không,0.9381
vn,an khu,án khu,1.0000
vn,an kinh,án kinh,1.0000
vn,an lhd,án lhd,1.0000
vn,an luat,án luật,1.0000
vn,an mua,án mua,1.0000
vn,an nang,án nâng,0.9545
vn,an nay,án này,1.0000
vn,an nghien,án nghiên,1.0000
vn,an nha,án nhà,1.0000
vn,an nhiem,án nhiệm,1.0000
vn,an nhom,án nhóm,1.0000
vn,an nhu,án như,0.9231
vn,an pha,án phá,1.0000
vn,an pham,ấn phẩm,1.0000
vn,an phan,án phân,0.9627
vn,an phap,án pháp,1.0000
vn,an phe,án phê,0.9070
vn,an phuc,án phục,0.9048
vn,an phuong,án phương,0.9286
vn,an ppp,án ppp,1.0000
vn,an san,án sản,0.9651
vn,an sap,án sắp,0.9961
vn,an su,án sử,0.9933
vn,an sxtn,án sxtn,1.0000
vn,an tam,án tạm,0.9231
vn,an thiet,án thiết,0.9615
vn,an thuoc,án thuộc,0.9881
vn,an tich,án tích,0.9286
vn,an tieu,án tiêu,0.9333
vn,an toan,an toàn,1.0000
vn,an toi,án tối,0.9091
vn,an treo,án treo,1.0000
vn,an trien,án triển,0.9231
vn,an truc,án trục,0.9560
vn,an trung,án trung,0.9024
vn,an ung,án ứng,0.9254
vn,an uong,ăn uống,1.0000
vn,an vay,án vay,1.0000
vn,an viec,án việc,1.0000
vn,an xa,an xã,1.0000
vn,an xu,án xử,0.9973
vn,ang ten,ăng ten,1.0000
vn,anh am,ảnh âm,1.0000
vn,anh chan,ảnh chân,1.0000
vn,anh chi,anh chị,0.9355
vn,anh chup,ảnh chụp,1.0000
vn,anh day,ánh đầy,0.9412
vn,anh hung,anh hùng,1.0000
vn,anh huong,ảnh hưởng,1.0000
vn,anh khong,ảnh không,1.0000
vn,anh khuon,ảnh khuôn,1.0000
vn,anh kip,ánh kịp,0.9828
vn,anh ma,anh mã,1.0000
vn,anh mau,ảnh màu,0.9286
vn,anh neu,anh nếu,0.9600
vn,anh phai,ảnh phải,1.0000
vn,anh ruot,anh ruột,1.0000
vn,anh ten,anh tên,0.9500
vn,anh tieng,anh tiếng,1.0000
vn,anh tren,ánh trên,0.9167
vn,anh yeu,ánh yêu,1.0000
vn,ap dung,áp dụng,0.9982
vn,api lay,api lấy,1.0000
vn,atm phai,atm phải,1.0000
vn,b ap,b áp,1.0000
vn,b bai,b bãi,0.9688
vn,b ben,b bên,0.9310
vn,b bi,b bị,1.0000
vn,b buoc,b buộc,1.0000
vn,b ca,b cá,1.0000
vn,b cac,b các,1.0000
vn,b cham,b chậm,1.0000
vn,b chanh,b chánh,1.0000
vn,b chap,b chấp,1.0000
vn,b chien,b chiến,1.0000
vn,b chiu,b chịu,1.0000
vn,b chu,b chủ,0.9108
vn,b chuan,b chuẩn,1.0000
vn,b chuyen,b chuyển,1.0000
vn,b cong,b công,0.9000
vn,b cuc,b cục,1.0000
vn,b dai,b đại,0.9375
vn,b dam,b đảm,1.0000
vn,b dap,b đáp,1.0000
vn,b dia,b địa,1.0000
vn,b dich,b dịch,1.0000
vn,b diem,b điểm,1.0000
vn,b dien,b diện,1.0000
vn,b dieu,b điều,1.0000
vn,b doi,b đối,0.9803
vn,b duoc,b được,1.0000
vn,b giai,b giải,1.0000
vn,b giay,b giấy,1.0000
vn,b gui,b gửi,1.0000
vn,b han,b hạn,1.0000
vn,b hanh,b hành,1.0000
vn,b he,b hệ,1.0000
vn,b hieu,b hiệu,1.0000
vn,b hinh,b hình,1.0000
vn,b hoac,b hoặc,1.0000
vn,b hoat,b hoạt,1.0000
vn,b hoi,b hội,0.9870
vn,b hop,b hợp,1.0000
vn,b huong,b hướng,1.0000
vn,b ket,b kết,0.9778
vn,b kha,b khả,1.0000
vn,b khach,b khách,1.0000
vn,b khoan,b khoản,1.0000
vn,b khong,b không,1.0000
vn,b kiem,b kiểm,1.0000
vn,b la,b là,1.0000
vn,b lam,b làm,1.0000
vn,b loai,b loại,1.0000
vn,b lop,b lớp,1.0000
vn,b lua,b lựa,1.0000
vn,b luu,b lưu,1.0000
vn,b mot,b một,1.0000
vn,b nen,b nền,1.0000
vn,b neu,b nếu,1.0000
vn,b nghi,b nghị,1.0000
vn,b nguoi,b người,1.0000
vn,b nguon,b nguồn,1.0000
vn,b nguyen,b nguyên,1.0000
vn,b nha,b nhà,0.9897
vn,b nhan,b nhận,0.9014
vn,b nhap,b nhập,1.0000
vn,b nhiem,b nhiệm,1.0000
vn,b nhom,b nhóm,1.0000
vn,b nhung,b những,1.0000
vn,b niem,b niêm,1.0000
vn,b noi,b nội,1.0000
vn,b nop,b nộp,1.0000
vn,b pha,b phá,1.0000
vn,b phai,b phải,1.0000
vn,b pham,b phạm,1.0000
vn,b phat,b phạt,0.9512
vn,b phe,b phê,1.0000
vn,b phoi,b phối,1.0000
vn,b phuong,b phương,1.0000
vn,b quan,b quản,0.9412
vn,b quyen,b quyền,1.0000
vn,b quyet,b quyết,1.0000
vn,b ra,b rà,1.0000
vn,b rui,b rủi,1.0000
vn,b su,b sử,0.9000
vn,b sua,b sửa,1.0000
vn,b tai,b tài,0.9048
vn,b tam,b tạm,1.0000
vn,b tan,b tần,0.9130
vn,b tap,b tập,1.0000
vn,b tay,b tẩy,1.0000
vn,b ten,b tên,1.0000
vn,b the,b thẻ,0.9375
vn,b thoi,b thời,1.0000
vn,b thong,b thông,0.9841
vn,b thuc,b thực,0.9877
vn,b thue,b thuê,0.9333
vn,b tich,b tịch,0.9333
vn,b tiep,b tiếp,1.0000
vn,b tieu,b tiêu,1.0000
vn,b to,b tổ,0.9858
vn,b tong,b tổng,1.0000
vn,b tra,b trả,0.9474
vn,b tren,b trên,1.0000
vn,b trich,b trích,1.0000
vn,b trien,b triển,1.0000
vn,b trinh,b trình,1.0000
vn,b truoc,b trước,1.0000
vn,b truong,b trường,0.9890
vn,b tu,b từ,0.9510
vn,b tuan,b tuân,1.0000
vn,b tunam,b từnăm,1.0000
vn,b tuoc,b tước,1.0000
vn,b ty,b tỷ,1.0000
vn,b uy,b ủy,0.9385
vn,b va,b và,1.0000
vn,b vat,b vật,1.0000
vn,b ve,b về,1.0000
vn,b viec,b việc,1.0000
vn,b von,b vốn,1.0000
vn,b xa,b xả,1.0000
vn,b xac,b xác,1.0000
vn,b xay,b xây,0.9733
vn,b xu,b xử,1.0000
vn,b xuat,b xuất,1.0000
vn,b yeu,b yêu,1.0000
vn,b1 truong,b1 trường,1.0000
vn,b2 truong,b2 trường,1.0000
vn,ba chuc,bà chức,1.0000
vn,ba detang,ba đểtặng,1.0000
vn,ba dien,bạ điện,1.0000
vn,ba giay,bà giấy,1.0000
vn,ba giu,ba giữ,1.0000
vn,ba hop,ba hợp,1.0000
vn,ba khong,ba không,1.0000
vn,ba lan,ba lần,1.0000
vn,ba muoi,ba mươi,1.0000
vn,ba nam,ba năm,0.9545
vn,ba nha,ba nhà,1.0000
vn,ba phai,ba phải,1.0000
vn,ba ria,bà rịa,1.0000
vn,ba so,ba số,1.0000
vn,ba thang,ba tháng,1.0000
vn,ba thuc,ba thực,1.0000
vn,ba tong,ba tổng,1.0000
vn,ba trien,ba triển,1.0000
vn,ba trung,bà trưng,1.0000
vn,ba va,ba và,0.9259
vn,ba ve,ba về,1.0000
vn,bac 1,bậc 1,0.9000
vn,bac 2,bậc 2,1.0000
vn,bac da,bạc đá,0.9231
vn,bac giang,bắc giang,1.0000
vn,bac kan,bắc kạn,1.0000
vn,bac lieu,bạc liêu,1.0000
vn,bac luong,bậc lương,1.0000
vn,bac nha,bạc nhà,1.0000
vn,bac ninh,bắc ninh,1.0000
vn,bac platin,bạc platin,1.0000
vn,bac sy,bác sỹ,1.0000
vn,bac to,bạc tổ,1.0000
vn,bach bao,bạch bảo,0.9091
vn,bach dung,bạch đúng,1.0000
vn,bach hieu,bạch hiệu,1.0000
vn,bach khoa,bách khoa,1.0000
vn,bach khong,bạch không,0.9167
vn,bach kim,bạch kim,1.0000
vn,bach tai,bạch tài,1.0000
vn,bach trong,bạch trong,0.9773
vn,bach va,bạch và,1.0000
vn,bach voi,bạch với,1.0000
vn,bai bao,bài báo,1.0000
vn,bai bo,bãi bỏ,0.9990
vn,bai cat,bãi cất,1.0000
vn,bai hoc,bài học,1.0000
vn,bai kiem,bài kiểm,1.0000
vn,bai ngang,bãi ngang,1.0000
vn,bai nhiem,bãi nhiệm,1.0000
vn,bai thai,bãi thải,1.0000
vn,bai viet,bài viết,1.0000
vn,bam an,băm an,1.0000
vn,bam chuyen,băm chuyên,1.0000
vn,bam phan,băm phần,1.0000
vn,bam su,băm sử,1.0000
vn,ban 1,bản 1,0.9344
vn,ban 10,bản 10,1.0000
vn,ban 7,bản 7,1.0000
vn,ban an,bản án,0.9156
vn,ban bat,bản bắt,1.0000
vn,ban bi,ban bí,0.9070
vn,ban cam,bản cam,0.9677
vn,ban canh,bán cạnh,0.9205
vn,ban chat,bản chất,1.0000
vn,ban chia,bán chia,1.0000
vn,ban chieu,bản chiều,1.0000
vn,ban chinh,bản chính,0.9975
vn,ban chu,ban chủ,0.9290
vn,ban chup,bản chụp,1.0000
vn,ban cuoc,bản cuộc,1.0000
vn,ban dac,bản đặc,0.9444
vn,ban dai,ban đại,0.9655
vn,ban de,bản đề,0.9130
vn,ban den,bản đến,0.9762
vn,ban denghicong,bản đềnghịcông,1.0000
vn,ban dich,bản dịch,0.9412
vn,ban dien,bản điện,0.9748
vn,ban ghi,bản ghi,1.0000
vn,ban giai,bản giải,0.9882
vn,ban giam,ban giám,0.9000
vn,ban giao,bàn giao,0.9231
vn,ban giay,bản giấy,0.9487
vn,ban giua,bản giữa,1.0000
vn,ban goc,bản gốc,1.0000
vn,ban gom,bản gồm,1.0000
vn,ban gui,bản gửi,0.9668
vn,ban hang,bán hàng,0.9801
vn,ban hanh,ban hành,0.9966
vn,ban hoa,bán hóa,0.9412
vn,ban hoi,bản hồi,0.9442
vn,ban hop,bản họp,0.9016
vn,ban huong,bản hướng,0.9961
vn,ban in,bản in,1.0000
vn,ban iv,bản iv,0.9474
vn,ban ix,bản ix,1.0000
vn,ban ke,bản kê,0.9455
vn,ban kem,bản kèm,0.9892
vn,ban khai,bản khai,0.9444
vn,ban khoan,bán khoản,0.9375
vn,ban khu,bàn khu,0.9091
vn,ban kich,bản kích,1.0000
vn,ban kiem,ban kiểm,0.9288
vn,ban lai,bán lại,1.0000
vn,ban lam,bản làm,0.9545
vn,ban lanh,ban lãnh,0.9947
vn,ban le,bán lẻ,1.0000
vn,ban mat,ban mặt,0.9783
vn,ban mau,bản mẫu,1.0000
vn,ban mua,bản mua,1.0000
vn,ban nay,bản này,1.0000
vn,ban nganh,ban ngành,1.0000
vn,ban nghiem,bản nghiệm,1.0000
vn,ban ngoai,bán ngoại,0.9863
vn,ban nhan,ban nhân,0.9945
vn,ban no,bán nợ,1.0000
vn,ban pham,bản phẩm,0.9836
vn,ban phao,bắn pháo,0.9231
vn,ban phap,bản pháp,0.9684
vn,ban phe,bản phê,0.9318
vn,ban phien,bản phiên,1.0000
vn,ban phienban,bản phienban,1.0000
vn,ban phim,bàn phím,1.0000
vn,ban qppl,bản qppl,1.0000
vn,ban quet,bản quét,1.0000
vn,ban quy,bản quy,0.9487
vn,ban ro,bản rõ,1.0000
vn,ban san,bán sản,1.0000
vn,ban sao,bản sao,0.9991
vn,ban sau,bản sau,0.9524
vn,ban sec,bán séc,1.0000
vn,ban soluong,bản sốlượng,1.0000
vn,ban sua,bản sửa,1.0000
vn,ban tach,bán tách,1.0000
vn,ban tai,bán tài,0.9140
vn,ban than,bản thân,0.9848
vn,ban thao,bản thảo,0.9459
vn,ban thap,bản thấp,0.9412
vn,ban thuong,ban thường,0.9810
vn,ban thuyet,bản thuyết,1.0000
vn,ban tin,bản tin,1.0000
vn,ban tinh,bàn tỉnh,0.9630
vn,ban tong,bản tổng,0.9600
vn,ban tra,bản trả,1.0000
vn,ban trai,bán trái,0.9722
vn,ban trinh,bản trình,0.9310
vn,ban truc,bán trực,0.9020
vn,ban trucac,bản trừcác,1.0000
vn,ban truoc,bản trước,0.9600
vn,ban uy,bản ủy,0.9194
vn,ban v,bản v,1.0000
vn,ban vang,bán vàng,1.0000
vn,ban vat,bán vật,0.9029
vn,ban vi,bản vi,0.9636
vn,ban voi,bản với,0.9016
vn,ban xac,bản xác,0.9804
vn,ban xet,ban xét,1.0000
vn,ban xin,bản xin,1.0000
vn,ban yeu,bản yêu,1.0000
vn,bang 0,bằng 0,1.0000
vn,bang 20,bằng 20,1.0000
vn,bang 30,bằng 30,1.0000
vn,bang 50,bằng 50,0.9000
vn,bang 7,bảng 7,1.0000
vn,bang 8,bảng 8,1.0000
vn,bang 9,bảng 9,0.9000
vn,bang bo,bằng bỏ,1.0000
vn,bang cac,bằng các,0.9394
vn,bang cach,bằng cách,1.0000
vn,bang can,bảng cân,0.9778
vn,bang chu,bằng chữ,0.9159
vn,bang chung,bằng chứng,1.0000
vn,bang cum,bằng cụm,1.0000
vn,bang dai,bằng đại,1.0000
vn,bang danh,bảng danh,0.9841
vn,bang dau,bằng dấu,0.9333
vn,bang do,bằng do,0.9000
vn,bang doi,bảng đối,1.0000
vn,bang dong,bằng đồng,0.9716
vn,bang duong,bằng đường,1.0000
vn,bang e,bảng e,1.0000
vn,bang giay,bằng giấy,0.9302
vn,bang go,bằng gỗ,1.0000
vn,bang he,bằng hệ,0.9000
vn,bang hien,bằng hiện,1.0000
vn,bang hinh,bằng hình,1.0000
vn,bang hop,bằng hợp,0.9385
vn,bang ke,bảng kê,0.9909
vn,bang khen,bằng khen,1.0000
vn,bang kinh,bằng kinh,1.0000
vn,bang lo,bằng lò,1.0000
vn,bang loi,bằng lời,0.9667
vn,bang luong,bảng lương,1.0000
vn,bang mau,bằng mẫu,0.9375
vn,bang minh,bằng minh,1.0000
vn,bang mot,bằng một,1.0000
vn,bang muoi,bằng mười,1.0000
vn,bang nay,bảng này,1.0000
vn,bang ngan,bằng ngân,0.9286
vn,bang nghi,bằng nghị,1.0000
vn,bang ngoai,bằng ngoại,0.9856
vn,bang ngon,bằng ngôn,1.0000
vn,bang nguon,bằng nguồn,1.0000
vn,bang nhau,bằng nhau,1.0000
vn,bang o,bằng ô,0.9375
vn,bang phieu,bằng phiếu,1.0000
vn,bang phuong,bằng phương,1.0000
vn,bang quyet,bằng quyết,0.9286
vn,bang rong,băng rộng,1.0000
vn,bang tan,băng tần,0.9980
vn,bang tep,bằng tệp,1.0000
vn,bang thanh,bang thành,0.9500
vn,bang the,bằng thẻ,0.9000
vn,bang thiet,bằng thiết,1.0000
vn,bang thoi,bằng thời,1.0000
vn,bang thuat,bằng thuật,1.0000
vn,bang thuoc,bảng thuộc,1.0000
vn,bang tien,bằng tiền,0.9749
vn,bang tieng,bằng tiếng,1.0000
vn,bang tin,bằng tin,0.9333
vn,bang toan,bằng toàn,1.0000
vn,bang tot,bằng tốt,1.0000
vn,bang trai,bằng trái,1.0000
vn,bang tri,bằng trị,0.9231
vn,bang trich,bảng trích,1.0000
vn,bang tu,băng từ,1.0000
vn,bang ty,bảng tỷ,0.9032
vn,bang van,bằng văn,0.9995
vn,bang vang,bằng vàng,0.9474
vn,bang viec,bằng việc,0.9348
vn,bang voi,bằng với,0.9767
vn,bang von,bằng vốn,1.0000
vn,bang xa,bằng xã,1.0000
vn,bang xep,bảng xếp,1.0000
vn,banking phai,banking phải,1.0000
vn,banking toi,banking tối,1.0000
vn,bao 100,bảo 100,1.0000
vn,bao an,bảo an,0.9836
vn,bao bang,báo bằng,0.9150
vn,bao ben,bảo bên,1.0000
vn,bao buoc,bao bước,0.9524
vn,bao cach,bao cách,1.0000
vn,bao canh,báo cảnh,1.0000
vn,bao cao,báo cáo,0.9991
vn,bao chap,báo chấp,0.9815
vn,bao cho,báo cho,0.9408
vn,bao con,bảo còn,0.9167
vn,bao dam,bảo đảm,0.9988
vn,bao dap,bảo đáp,1.0000
vn,bao den,báo đến,0.9423
vn,bao duong,bảo dưỡng,0.9922
vn,bao duy,bảo duy,1.0000
vn,bao gia,báo giá,0.9043
vn,bao gom,bao gồm,0.9985
vn,bao hai,báo hải,1.0000
vn,bao hang,báo hàng,1.0000
vn,bao hanh,bảo hành,0.9674
vn,bao hiem,bảo hiểm,0.9990
vn,bao hinh,báo hình,0.9444
vn,bao hong,báo hỏng,1.0000
vn,bao huong,báo hướng,1.0000
vn,bao in,báo in,1.0000
vn,bao ke,báo kế,0.9024
vn,bao ket,báo kết,0.9483
vn,bao kha,bảo khả,0.9412
vn,bao khoan,báo khoản,1.0000
vn,bao khuyen,báo khuyến,1.0000
vn,bao kich,bao kích,1.0000
vn,bao kiem,bảo kiểm,1.0000
vn,bao kinh,bảo kinh,0.9487
vn,bao kip,báo kịp,0.9423
vn,bao la,bao là,0.9714
vn,bao lanh,bảo lãnh,0.9986
vn,bao lien,báo liên,0.9130
vn,bao linh,bảo lĩnh,1.0000
vn,bao loai,bao loại,1.0000
vn,bao loan,bạo loạn,1.0000
vn,bao luc,bạo lực,1.0000
vn,bao ly,báo lý,1.0000
vn,bao mang,bao mạng,0.9677
vn,bao mat,bảo mật,0.9879
vn,bao nen,báo nền,1.0000
vn,bao ngung,báo ngừng,1.0000
vn,bao nguyen,bảo nguyên,1.0000
vn,bao no,báo nợ,1.0000
vn,bao nop,báo nộp,0.9310
vn,bao phu,bảo phù,0.9307
vn,bao quan,bảo quản,0.9933
vn,bao quyen,bảo quyền,1.0000
vn,bao quyet,báo quyết,1.0000
vn,bao rang,bảo rằng,0.9231
vn,bao ro,báo rõ,0.9310
vn,bao rui,báo rủi,0.9615
vn,bao som,báo sớm,1.0000
vn,bao sua,báo sửa,1.0000
vn,bao thuoc,bao thuộc,1.0000
vn,bao tiep,báo tiếp,1.0000
vn,bao tieu,bao tiêu,0.9167
vn,bao tim,báo tìm,1.0000
vn,bao toan,bảo toàn,0.9688
vn,bao ton,bảo tồn,1.0000
vn,bao tong,bảo tổng,0.9130
vn,bao tri,bảo trì,1.0000
vn,bao tuan,bảo tuân,0.9873
vn,bao vat,bảo vật,1.0000
vn,bao ve,bảo vệ,0.9394
vn,bao vemoi,bảo vệmôi,1.0000
vn,bao vetoquoc,bảo vệtổquốc,1.0000
vn,bao vien,bao viễn,1.0000
vn,bat bi,bắt bị,1.0000
vn,bat buoc,bắt buộc,0.9990
vn,bat cap,bất cập,1.0000
vn,bat chinh,bất chính,1.0000
vn,bat cu,bất cứ,1.0000
vn,bat dai,bắt dài,0.9663
vn,bat dau,bắt đầu,1.0000
vn,bat dinh,bất định,1.0000
vn,bat dong,bất động,1.0000
vn,bat giu,bắt giữ,1.0000
vn,bat hop,bất hợp,1.0000
vn,bat kha,bất khả,1.0000
vn,bat khan,bắt khẩn,1.0000
vn,bat ky,bất kỳ,1.0000
vn,bat loi,bất lợi,1.0000
vn,bat mo,bắt mô,0.9730
vn,bat nguoi,bắt người,1.0000
vn,bat stt,bắt stt,1.0000
vn,bat thuong,bất thường,1.0000
vn,bau bo,bầu bổ,1.0000
vn,bau cu,bầu cử,1.0000
vn,bau mien,bầu miễn,1.0000
vn,bau phe,bầu phê,1.0000
vn,bau trucac,bầu trừcác,1.0000
vn,bau tu80,bầu từ80,1.0000
vn,bau tu90,bầu từ90,1.0000
vn,bay 07,bảy 07,1.0000
vn,bay bi,bay bị,1.0000
vn,bay bo,bày bố,1.0000
vn,bay chan,bay chặn,1.0000
vn,bay chuyen,bay chuyên,0.9524
vn,bay duoc,bay được,1.0000
vn,bay ep,bay ép,1.0000
vn,bay hien,bày hiển,0.9412
vn,bay hoac,bay hoặc,1.0000
vn,bay kem,bay kèm,1.0000
vn,bay ngay,bảy ngày,1.0000
vn,bay quoc,bay quốc,0.9167
vn,bay ro,bày rõ,1.0000
vn,bay tau,bay tàu,1.0000
vn,bay tuyen,bày tuyên,1.0000
vn,bay viet,bay việt,1.0000
vn,bca ngay,bca ngày,1.0000
vn,bcp chuoi,bcp chuỗi,1.0000
vn,be la,bê la,1.0000
vn,be loc,bể lọc,1.0000
vn,be mat,bề mặt,1.0000
vn,be tong,bê tông,1.0000
vn,beday truyen,bềdày truyền,1.0000
vn,ben 2,bên 2,1.0000
vn,ben 3,bên 3,1.0000
vn,ben a,bên a,1.0000
vn,ben b,bên b,1.0000
vn,ben ban,bên bán,0.9815
vn,ben bao,bên bảo,1.0000
vn,ben cang,bến cảng,1.0000
vn,ben canh,bên cạnh,1.0000
vn,ben cho,bên cho,1.0000
vn,ben chu,bên chủ,1.0000
vn,ben chuyen,bên chuyển,1.0000
vn,ben co,bên có,0.9902
vn,ben dai,bên đại,1.0000
vn,ben de,bên đề,0.9412
vn,ben di,bên đi,1.0000
vn,ben duoc,bên được,1.0000
vn,ben giao,bên giao,1.0000
vn,ben giu,bên giữ,1.0000
vn,ben gop,bên góp,1.0000
vn,ben khac,bên khác,1.0000
vn,ben khong,bên không,1.0000
vn,ben kia,bên kia,1.0000
vn,ben kiem,bên kiểm,1.0000
vn,ben ky,bên ký,1.0000
vn,ben lien,bên liên,1.0000
vn,ben mua,bên mua,1.0000
vn,ben nao,bên nào,1.0000
vn,ben ngoai,bên ngoài,1.0000
vn,ben nhan,bên nhận,0.9985
vn,ben nuoc,bên nước,0.9091
vn,ben phai,bên phải,1.0000
vn,ben phao,bến phao,1.0000
vn,ben su,bên sử,1.0000
vn,ben tham,bên tham,1.0000
vn,ben the,bên thế,1.0000
vn,ben theo,bên theo,1.0000
vn,ben thuc,bên thực,1.0000
vn,ben thue,bên thuê,1.0000
vn,ben tra,bên trả,1.0000
vn,ben trai,bên trái,1.0000
vn,ben tre,bến tre,1.0000
vn,ben trien,bên triển,1.0000
vn,ben trong,bên trong,1.0000
vn,ben trung,bên trung,1.0000
vn,ben uy,bên ủy,1.0000
vn,ben va,bên và,1.0000
vn,ben viet,bên việt,1.0000
vn,ben vung,bền vững,1.0000
vn,ben xu,bên xử,1.0000
vn,benh an,bệnh án,1.0000
vn,benh bao,bệnh bảo,1.0000
vn,benh chua,bệnh chữa,0.9773
vn,benh dich,bệnh dịch,1.0000
vn,benh do,bệnh do,0.9231
vn,benh nghe,bệnh nghề,1.0000
vn,benh nhan,bệnh nhân,1.0000
vn,benh nhiem,bệnh nhiễm,1.0000
vn,benh tat,bệnh tật,1.0000
vn,benh theo,bệnh theo,1.0000
vn,benh truyen,bệnh truyền,1.0000
vn,benh va,bệnh và,1.0000
vn,benh vien,bệnh viện,1.0000
vn,bgddt ngay,bgdđt ngày,1.0000
vn,bi 1,bị 1,1.0000
vn,bi am,bị âm,1.0000
vn,bi an,bị an,1.0000
vn,bi anh,bị ảnh,0.9744
vn,bi ap,bị áp,1.0000
vn,bi b,bị b,1.0000
vn,bi bai,bị bãi,1.0000
vn,bi bat,bị bắt,1.0000
vn,bi bay,bị bay,1.0000
vn,bi buoc,bị buộc,1.0000
vn,bi cac,bị các,1.0000
vn,bi cam,bị cấm,0.9427
vn,bi can,bị can,0.9545
vn,bi canh,bị cảnh,1.0000
vn,bi chap,bị chấp,1.0000
vn,bi chay,bị cháy,0.9643
vn,bi chet,bị chết,1.0000
vn,bi chia,bị chia,1.0000
vn,bi chiem,bị chiếm,1.0000
vn,bi chim,bị chìm,0.9940
vn,bi cho,bị cho,1.0000
vn,bi chon,bị chôn,1.0000
vn,bi coi,bị coi,1.0000
vn,bi cong,bị công,0.9756
vn,bi cua,bị của,1.0000
vn,bi danh,bị đánh,0.9648
vn,bi dau,bị đầu,1.0000
vn,bi di,bị di,0.9826
vn,bi dich,bị dịch,1.0000
vn,bi dien,bị điện,1.0000
vn,bi dieu,bị điều,1.0000
vn,bi doc,bị đọc,1.0000
vn,bi doi,bị đối,1.0000
vn,bi duoc,bị được,1.0000
vn,bi gan,bị gắn,1.0000
vn,bi ghi,bị ghi,0.9231
vn,bi giai,bị giải,1.0000
vn,bi gian,bị gián,1.0000
vn,bi giao,bị giao,1.0000
vn,bi giu,bị giữ,1.0000
vn,bi hai,bị hại,1.0000
vn,bi han,bị hạn,1.0000
vn,bi he,bị hệ,1.0000
vn,bi hoac,bị hoặc,1.0000
vn,bi hoat,bị hoạt,1.0000
vn,bi hong,bị hỏng,1.0000
vn,bi hu,bị hư,1.0000
vn,bi huy,bị hủy,0.9630
vn,bi in,bị in,1.0000
vn,bi ket,bị kết,0.9845
vn,bi khac,bị khác,1.0000
vn,bi khai,bị khai,1.0000
vn,bi khang,bị kháng,1.0000
vn,bi khi,bị khi,1.0000
vn,bi khong,bị không,0.9167
vn,bi kiem,bị kiểm,1.0000
vn,bi kin,bì kín,1.0000
vn,bi ky,bị kỹ,0.9626
vn,bi lam,bị làm,0.9286
vn,bi lien,bị liên,1.0000
vn,bi loai,bị loại,1.0000
vn,bi loc,bị lọc,1.0000
vn,bi luu,bị lưu,1.0000
vn,bi mang,bị mạng,0.9242
vn,bi may,bị máy,1.0000
vn,bi nghiem,bị nghiêm,1.0000
vn,bi nha,bị nhà,1.0000
vn,bi nhap,bị nhập,1.0000
vn,bi niem,bị niêm,1.0000
vn,bi noi,bị nội,0.9677
vn,bi pha,bị phá,1.0000
vn,bi phai,bị phải,0.9737
vn,bi phao,bị phao,1.0000
vn,bi phuc,bị phục,1.0000
vn,bi phuong,bị phương,1.0000
vn,bi quyet,bí quyết,0.9459
vn,bi ra,bị ra,1.0000
vn,bi rach,bị rách,1.0000
vn,bi rui,bị rủi,1.0000
vn,bi sai,bị sai,1.0000
vn,bi sap,bị sáp,0.9130
vn,bi sinh,bị sinh,1.0000
vn,bi so,bị số,0.9500
vn,bi sua,bị sửa,1.0000
vn,bi suy,bị suy,1.0000
vn,bi tam,bị tạm,0.9902
vn,bi tan,bị tấn,1.0000
vn,bi tao,bị tạo,1.0000
vn,bi tay,bị tẩy,1.0000
vn,bi thanh,bị thanh,0.9000
vn,bi that,bị thất,1.0000
vn,bi thay,bị thay,1.0000
vn,bi theo,bị theo,1.0000
vn,bi thieu,bị thiếu,1.0000
vn,bi thoai,bị thoái,0.9091
vn,bi thong,bị thông,1.0000
vn,bi thuc,bị thực,1.0000
vn,bi thuoc,bị thuộc,1.0000
vn,bi thuong,bị thương,1.0000
vn,bi tich,bị tịch,1.0000
vn,bi tieu,bị tiêu,1.0000
vn,bi tin,bị tin,1.0000
vn,bi toa,bị tòa,0.9167
vn,bi ton,bị tổn,1.0000
vn,bi tram,bị trạm,1.0000
vn,bi trong,bị trong,0.9677
vn,bi truoc,bị trước,1.0000
vn,bi truy,bị truy,1.0000
vn,bi truyen,bị truyền,1.0000
vn,bi tu,bị từ,0.9020
vn,bi tuoc,bị tước,1.0000
vn,bi tuyen,bị tuyên,1.0000
vn,bi ung,bị ứng,1.0000
vn,bi va,bị và,1.0000
vn,bi vat,bị vật,1.0000
vn,bi vien,bị viễn,0.9908
vn,bi vo,bị vô,1.0000
vn,bi vong,bị vòng,1.0000
vn,bi vtd,bị vtđ,1.0000
vn,bi vui,bị vùi,1.0000
vn,bi xam,bị xâm,1.0000
vn,bi xe,bị xe,1.0000
vn,bi xem,bị xem,1.0000
vn,bi xoa,bị xóa,0.9333
vn,bi xu,bị xử,1.0000
vn,bi y,bị y,0.9565
vn,bia dat,bịa đặt,1.0000
vn,bico quan,bịcơ quan,1.0000
vn,bien ap,biến áp,1.0000
vn,bien ban,biên bản,0.9954
vn,bien bat,biến bất,0.9259
vn,bien c,biển c,0.9231
vn,bien cang,biển cảng,1.0000
vn,bien che,biên chế,0.9880
vn,bien cho,biến cho,0.9167
vn,bien cu,biển cụ,1.0000
vn,bien cuc,biển cục,1.0000
vn,bien da,biển đã,0.9000
vn,bien dich,biên dịch,1.0000
vn,bien doan,biển đoàn,1.0000
vn,bien doi,biến đổi,0.9259
vn,bien dong,biến động,0.9918
vn,bien gan,biển gắn,1.0000
vn,bien giao,biến giáo,0.9474
vn,bien gioi,biên giới,0.9939
vn,bien giua,biên giữa,0.9091
vn,bien hieu,biển hiệu,1.0000
vn,bien huong,biến hướng,1.0000
vn,bien ket,biến kết,1.0000
vn,bien khai,biển khai,1.0000
vn,bien khoang,biến khoáng,1.0000
vn,bien kien,biến kiến,1.0000
vn,bien lai,biên lai,1.0000
vn,bien phap,biện pháp,0.9967
vn,bien phong,biên phòng,1.0000
vn,bien phuc,biển phục,1.0000
vn,bien quang,biển quảng,1.0000
vn,bien so,biển số,0.9231
vn,bien soan,biên soạn,1.0000
vn,bien tap,biên tập,0.9966
vn,bien theo,biển theo,0.9583
vn,bien tram,biển trạm,1.0000
vn,bien tuyen,biến tuyên,0.9091
vn,bien vao,biển vào,1.0000
vn,bien viet,biển việt,1.0000
vn,bien vu,biến vũ,1.0000
vn,biet 1,biệt 1,1.0000
vn,biet can,biệt cần,0.9000
vn,biet da,biệt đã,0.9286
vn,biet do,biệt do,0.9250
vn,biet gia,biệt giá,1.0000
vn,biet khac,biệt khác,1.0000
vn,biet khach,biết khách,1.0000
vn,biet kho,biệt khó,1.0000
vn,biet khong,biệt không,0.9333
vn,biet la,biệt là,0.9400
vn,biet mang,biệt mang,0.9730
vn,biet nghiem,biệt nghiêm,1.0000
vn,biet phai,biệt phái,0.9222
vn,biet quan,biệt quan,0.9524
vn,biet quy,biệt quy,1.0000
vn,biet thanh,biệt thành,1.0000
vn,biet thi,biệt thì,1.0000
vn,biet thuc,biệt thực,1.0000
vn,biet tieng,biết tiếng,1.0000
vn,biet truc,biệt trực,1.0000
vn,biet truoc,biết trước,1.0000
vn,biet truong,biết trường,0.9524
vn,biet vien,biệt viện,1.0000
vn,biet vutochuc,biệt vụtổchức,1.0000
vn,biet xac,biết xác,0.9000
vn,biet xuat,biệt xuất,1.0000
vn,bieu 1,biểu 1,1.0000
vn,bieu b1,biểu b1,1.0000
vn,bieu bao,biểu báo,1.0000
vn,bieu cho,biểu cho,1.0000
vn,bieu dien,biểu diễn,0.9737
vn,bieu duoc,biểu được,1.0000
vn,bieu hien,biểu hiện,1.0000
vn,bieu hoi,biểu hội,1.0000
vn,bieu mau,biểu mẫu,0.9978
vn,bieu phi,biểu phí,1.0000
vn,bieu qua,biếu quà,1.0000
vn,bieu quoc,biểu quốc,1.0000
vn,bieu quyet,biểu quyết,1.0000
vn,bieu so,biểu số,0.9737
vn,bieu tang,biếu tặng,1.0000
vn,bieu theo,biểu theo,1.0000
vn,bieu thong,biểu thống,0.9167
vn,bieu thue,biểu thuế,1.0000
vn,bieu tu,biểu từ,1.0000
vn,bieu xuat,biểu xuất,1.0000
vn,bieu y,biểu ý,1.0000
vn,bihy sinh,bịhy sinh,1.0000
vn,bikyluat buoc,bịkỷluật buộc,1.0000
vn,bikyluat va,bịkỷluật và,1.0000
vn,bin cua,bin của,1.0000
vn,binghihuu doi,bịnghỉhưu đối,1.0000
vn,binh 0,bình 0,1.0000
vn,binh cong,bình cộng,0.9697
vn,binh cua,bình của,1.0000
vn,binh dang,bình đẳng,1.0000
vn,binh dinh,bình định,1.0000
vn,binh duong,bình dương,1.0000
vn,binh kem,bình kém,1.0000
vn,binh quan,bình quân,1.0000
vn,binh thap,bình thấp,1.0000
vn,binh thuong,bình thường,0.9965
vn,binh va,binh và,0.9415
vn,binh ve,bình về,1.0000
vn,binh voi,bình với,1.0000
vn,binh xet,bình xét,1.0000
vn,bit hoac,bit hoặc,1.0000
vn,bit ngau,bit ngẫu,1.0000
vn,bit su,bit sử,1.0000
vn,bithanh lap,bịthành lập,1.0000
vn,bixuly kyluat,bịxửlý kỷluật,1.0000
vn,bkhcn ngay,bkhcn ngày,1.0000
vn,bld nhnn,blđ nhnn,1.0000
vn,bndp ket,bnđp kết,1.0000
vn,bnv ngay,bnv ngày,1.0000
vn,bo 1,bộ 1,0.9226
vn,bo 10,bộ 10,0.9583
vn,bo 11,bộ 11,1.0000
vn,bo 7,bộ 7,0.9655
vn,bo 8,bộ 8,0.9583
vn,bo 9,bộ 9,0.9825
vn,bo a,bộ a,0.9067
vn,bo bai,bờ bãi,0.9091
vn,bo ban,bộ ban,0.9509
vn,bo buu,bộ bưu,1.0000
vn,bo chap,bộ chấp,1.0000
vn,bo chat,bố chất,0.9756
vn,bo chien,bộ chiến,1.0000
vn,bo chu,bộ chủ,0.9024
vn,bo chuan,bộ chuẩn,0.9394
vn,bo chuyen,bộ chuyên,0.9231
vn,bo co,bộ cơ,0.9294
vn,bo cong,bộ công,0.9421
vn,bo cua,bộ của,0.9313
vn,bo cum,bỏ cụm,0.9901
vn,bo da,bộ đã,0.9111
vn,bo dap,bộ đáp,0.9286
vn,bo dem,bộ đếm,1.0000
vn,bo dia,bộ địa,1.0000
vn,bo diem,bỏ điểm,0.9649
vn,bo dot,bộ đột,0.9412
vn,bo duoi,bộ dưới,0.9375
vn,bo duong,bộ đường,0.9216
vn,bo g,bộ g,1.0000
vn,bo giua,bộ giữa,1.0000
vn,bo gom,bộ gồm,0.9912
vn,bo han,bổ hạn,1.0000
vn,bo hien,bộ hiện,0.9492
vn,bo ho,bộ hồ,0.9945
vn,bo hoat,bộ hoạt,0.9804
vn,bo ke,bộ kế,0.9628
vn,bo kh,bộ kh,1.0000
vn,bo khac,bộ khác,0.9474
vn,bo khi,bộ khi,0.9062
vn,bo khoa,bộ khoa,0.9979
vn,bo kiem,bộ kiểm,0.9459
vn,bo lam,bộ làm,0.9412
vn,bo lao,bộ lao,1.0000
vn,bo lap,bộ lập,1.0000
vn,bo lien,bộ liên,1.0000
vn,bo luat,bộ luật,1.0000
vn,bo may,bộ máy,1.0000
vn,bo me,bố mẹ,1.0000
vn,bo mon,bộ môn,1.0000
vn,bo mot,bỏ một,0.9769
vn,bo nam,bố năm,0.9000
vn,bo nganh,bộ ngành,0.9989
vn,bo nghien,bộ nghiên,1.0000
vn,bo nghiep,bỏ nghiệp,0.9296
vn,bo ngoai,bộ ngoại,0.9831
vn,bo nha,bộ nhà,1.0000
vn,bo nhiem,bổ nhiệm,0.9967
vn,bo nong,bộ nông,1.0000
vn,bo o,bộ ở,0.9302
vn,bo pha,bố phá,1.0000
vn,bo phai,bộ phải,0.9118
vn,bo phan,bộ phận,0.9788
vn,bo phat,bộ phát,0.9231
vn,bo phieu,bỏ phiếu,1.0000
vn,bo pho,bố phổ,0.9333
vn,bo phong,bố phòng,0.9091
vn,bo quan,bộ quản,0.9248
vn,bo quen,bỏ quên,1.0000
vn,bo quoc,bộ quốc,0.9942
vn,bo sao,bộ sao,1.0000
vn,bo sau,bộ sau,0.9206
vn,bo skd,bộ skd,1.0000
vn,bo song,bờ sông,0.9167
vn,bo sung,bổ sung,0.9946
vn,bo tang,bộ tang,1.0000
vn,bo tao,bộ tạo,0.9905
vn,bo tham,bộ tham,0.9848
vn,bo thich,bộ thích,1.0000
vn,bo thoa,bỏ thoả,1.0000
vn,bo thoi,bộ thời,0.9787
vn,bo thu,bộ thủ,0.9358
vn,bo thuat,bỏ thuật,0.9583
vn,bo thuc,bộ thực,0.9155
vn,bo thuoc,bộ thuộc,0.9381
vn,bo thuong,bộ thương,0.9583
vn,bo ton,bộ tổn,0.9167
vn,bo tong,bộ tổng,0.9535
vn,bo tri,bố trí,0.9960
vn,bo trinh,bộ trình,0.9583
vn,bo truong,bộ trưởng,0.9840
vn,bo tttt,bộ tttt,1.0000
vn,bo uy,bộ ủy,0.9155
vn,bo ve,bộ về,0.9756
vn,bo vien,bộ viên,1.0000
vn,bo viet,bộ việt,1.0000
vn,bo vu,bộ vụ,1.0000
vn,bo xay,bộ xây,1.0000
vn,bo xe,bộ xe,1.0000
vn,bo xu,bộ xử,1.0000
vn,bo xuly,bộ xửlý,1.0000
vn,bo xuyen,bộ xuyên,1.0000
vn,bo y,bộ y,1.0000
vn,boc do,bốc dỡ,1.0000
vn,boc khoa,bọc khóa,1.0000
vn,boc mo,bóc mở,1.0000
vn,boc nhua,bọc nhựa,1.0000
vn,boc tham,bốc thăm,1.0000
vn,bocong tac,bộcông tác,1.0000
vn,boda nghihuu,bộđã nghỉhưu,1.0000
vn,bodexuat trinh,bộđềxuất trình,1.0000
vn,bodoan ket,bộđoàn kết,1.0000
vn,bodoi thanh,bộđội thanh,1.0000
vn,bodulieutinhid chuoi,bodulieutinhid chuỗi,1.0000
vn,bodulieuvungcanuocid chuoi,bodulieuvungcanuocid chuỗi,1.0000
vn,boi cac,bởi các,1.0000
vn,boi canh,bối cảnh,1.0000
vn,boi chi,bội chi,1.0000
vn,boi chinh,bởi chính,1.0000
vn,boi chung,bởi chứng,1.0000
vn,boi co,bởi cơ,1.0000
vn,boi duong,bồi dưỡng,0.9826
vn,boi he,bởi hệ,1.0000
vn,boi hoan,bồi hoàn,1.0000
vn,boi khoan,bởi khoản,1.0000
vn,boi luat,bởi luật,1.0000
vn,boi mot,bởi một,1.0000
vn,boi ngay,bởi ngày,1.0000
vn,boi nghi,bởi nghị,1.0000
vn,boi nguoi,bởi người,1.0000
vn,boi quyen,bởi quyền,1.0000
vn,boi thong,bởi thông,1.0000
vn,boi thuong,bồi thường,1.0000
vn,boi to,bởi tổ,1.0000
vn,bokhoa hoc,bộkhoa học,1.0000
vn,bokiem tra,bộkiểm tra,1.0000
vn,bon phuong,bốn phương,1.0000
vn,bongan hang,bộngân hàng,1.0000
vn,bonghiep vuchung,bỏnghiệp vụchứng,1.0000
vn,boolean la,boolean là,1.0000
vn,bophan mot,bộphận một,1.0000
vn,bot min,bột mịn,1.0000
vn,bot tho,bột thô,1.0000
vn,botai quyet,bốtại quyết,1.0000
vn,botham gia,bộtham gia,1.0000
vn,botrinh thong,bộtrình thống,1.0000
vn,botruoc day,bộtrước đây,1.0000
vn,botu phap,bộtư pháp,1.0000
vn,bqp ngay,bqp ngày,1.0000
vn,bt duoc,bt được,1.0000
vn,bt hoan,bt hoàn,1.0000
vn,bt thi,bt thì,1.0000
vn,bt thuc,bt thực,1.0000
vn,bt va,bt và,1.0000
vn,btc ngay,btc ngày,1.0000
vn,btcn cac,btcn các,1.0000
vn,btdt biet,btđt biết,1.0000
vn,btdt cua,btđt của,1.0000
vn,btdt de,btđt để,0.9474
vn,btdt gui,btđt gửi,1.0000
vn,btdt theo,btđt theo,1.0000
vn,btdt va,btđt và,1.0000
vn,btnmt ngay,btnmt ngày,1.0000
vn,btp de,btp để,1.0000
vn,btttt ngay,btttt ngày,1.0000
vn,btttt thiet,btttt thiết,1.0000
vn,btttt va,btttt và,1.0000
vn,bu chenh,bù chênh,1.0000
vn,bu cho,bù cho,1.0000
vn,bu dap,bù đắp,1.0000
vn,bu gia,bù giá,1.0000
vn,bu lai,bù lãi,1.0000
vn,bu thiet,bù thiệt,1.0000
vn,bu tro,bù trợ,1.0000
vn,bu tru,bù trừ,1.0000
vn,buc nuoc,bục nước,1.0000
vn,buc xa,bức xạ,0.9868
vn,bui khi,bụi khí,1.0000
vn,bui thai,bụi thải,1.0000
vn,bun khoang,bùn khoáng,1.0000
vn,buoc 1,bước 1,0.9561
vn,buoc 2,bước 2,0.9191
vn,buoc 3,bước 3,0.9333
vn,buoc 4,bước 4,0.9077
vn,buoc ap,buộc áp,1.0000
vn,buoc b,buộc b,0.9000
vn,buoc bat,buộc bắt,0.9565
vn,buoc ben,buộc bên,1.0000
vn,buoc cai,buộc cải,1.0000
vn,buoc cham,buộc chấm,1.0000
vn,buoc chap,buộc chấp,1.0000
vn,buoc chi,buộc chi,1.0000
vn,buoc cho,buộc cho,1.0000
vn,buoc chuyen,buộc chuyển,0.9091
vn,buoc code,buộc code,1.0000
vn,buoc cua,buộc của,1.0000
vn,buoc doi,buộc đối,1.0000
vn,buoc dua,buộc đưa,0.9474
vn,buoc gia,bước giá,0.9615
vn,buoc go,buộc gỡ,1.0000
vn,buoc hoac,buộc hoặc,1.0000
vn,buoc hoan,buộc hoàn,1.0000
vn,buoc huy,buộc hủy,1.0000
vn,buoc khoi,buộc khôi,0.9889
vn,buoc khong,buộc không,1.0000
vn,buoc kiem,buộc kiểm,0.9545
vn,buoc mo,buộc mô,0.9907
vn,buoc nghiep,buộc nghiệp,1.0000
vn,buoc nguoi,buộc người,1.0000
vn,buoc nhu,bước như,1.0000
vn,buoc nop,buộc nộp,1.0000
vn,buoc pha,buộc phá,1.0000
vn,buoc phai,buộc phải,0.9822
vn,buoc quan,buộc quản,0.9167
vn,buoc san,buộc san,1.0000
vn,buoc sau,bước sau,0.9041
vn,buoc tai,buộc tái,0.9429
vn,buoc thao,buộc tháo,1.0000
vn,buoc thay,buộc thay,0.9091
vn,buoc theo,buộc theo,0.9565
vn,buoc thoi,buộc thôi,0.9655
vn,buoc thuc,buộc thực,0.9068
vn,buoc tieu,buộc tiêu,1.0000
vn,buoc truong,buộc trường,0.9231
vn,buoc x,buộc x,1.0000
vn,buon ban,buôn bán,1.0000
vn,buon lau,buôn lậu,1.0000
vn,buong ky,buồng kỷ,0.9091
vn,but luc,bút lục,1.0000
vn,buu chinh,bưu chính,1.0000
vn,buu dien,bưu điện,1.0000
vn,buu gui,bưu gửi,1.0000
vn,buu kien,bưu kiện,1.0000
vn,buu pham,bưu phẩm,1.0000
vn,buyt xe,buýt xe,1.0000
vn,bxd ngay,bxd ngày,1.0000
vn,byt ngay,byt ngày,1.0000
vn,c ap,c áp,1.0000
vn,c bai,c bãi,1.0000
vn,c ben,c bên,1.0000
vn,c bi,c bị,0.9375
vn,c buoc,c buộc,1.0000
vn,c ca,c cá,1.0000
vn,c cac,c các,1.0000
vn,c chiu,c chịu,1.0000
vn,c chu,c chủ,0.9175
vn,c chung,c chứng,0.9677
vn,c chuyen,c chuyển,0.9737
vn,c cong,c công,0.9143
vn,c cua,c của,1.0000
vn,c cuc,c cục,1.0000
vn,c dai,c đại,0.9500
vn,c dam,c đảm,1.0000
vn,c dang,c đăng,0.9333
vn,c dap,c đáp,1.0000
vn,c de,c đề,0.9394
vn,c dia,c địa,1.0000
vn,c dich,c dịch,1.0000
vn,c diem,c điểm,1.0000
vn,c dieu,c điều,1.0000
vn,c doi,c đối,0.9691
vn,c duoc,c được,1.0000
vn,c giai,c giải,1.0000
vn,c giay,c giấy,1.0000
vn,c gui,c gửi,1.0000
vn,c hanh,c hành,1.0000
vn,c he,c hệ,1.0000
vn,c hinh,c hình,1.0000
vn,c hoac,c hoặc,1.0000
vn,c hoat,c hoạt,1.0000
vn,c hoi,c hội,1.0000
vn,c hop,c hợp,1.0000
vn,c huong,c hướng,1.0000
vn,c ket,c kết,1.0000
vn,c khoan,c khoản,0.9987
vn,c khong,c không,1.0000
vn,c kiem,c kiểm,1.0000
vn,c la,c là,1.0000
vn,c lam,c làm,1.0000
vn,c lap,c lập,0.9667
vn,c loai,c loại,1.0000
vn,c lop,c lớp,1.0000
vn,c luu,c lưu,1.0000
vn,c ma,c mã,1.0000
vn,c may,c máy,1.0000
vn,c neu,c nếu,1.0000
vn,c ngan,c ngân,0.9130
vn,c ngoai,c ngoài,0.9565
vn,c nguoi,c người,1.0000
vn,c nguon,c nguồn,1.0000
vn,c nguyen,c nguyên,0.9600
vn,c nha,c nhà,1.0000
vn,c nhap,c nhập,1.0000
vn,c nhung,c những,1.0000
vn,c noi,c nội,0.9886
vn,c nop,c nộp,1.0000
vn,c o,c ơ,0.9259
vn,c phai,c phải,1.0000
vn,c phoi,c phối,1.0000
vn,c phuong,c phương,1.0000
vn,c ptd,c ptđ,1.0000
vn,c quan,c quản,0.9048
vn,c quyen,c quyền,1.0000
vn,c quyet,c quyết,1.0000
vn,c san,c sản,1.0000
vn,c sua,c sửa,1.0000
vn,c tai,c tài,0.9365
vn,c tap,c tập,1.0000
vn,c ten,c tên,1.0000
vn,c thiet,c thiết,1.0000
vn,c thoi,c thời,1.0000
vn,c thong,c thông,1.0000
vn,c thuc,c thực,0.9879
vn,c tich,c tịch,0.9915
vn,c tiep,c tiếp,1.0000
vn,c tieu,c tiêu,1.0000
vn,c to,c tổ,0.9871
vn,c tong,c tổng,1.0000
vn,c tren,c trên,1.0000
vn,c trich,c trích,1.0000
vn,c trinh,c trình,1.0000
vn,c truong,c trường,0.9699
vn,c tu,c từ,0.9325
vn,c tuan,c tuân,1.0000
vn,c tuoc,c tước,1.0000
vn,c ty,c tỷ,1.0000
vn,c u,c ủ,0.9545
vn,c uy,c ủy,0.9697
vn,c va,c và,1.0000
vn,c van,c văn,0.9701
vn,c vao,c vào,1.0000
vn,c ve,c về,1.0000
vn,c viec,c việc,1.0000
vn,c von,c vốn,1.0000
vn,c xac,c xác,1.0000
vn,c xay,c xây,0.9792
vn,c xu,c xử,1.0000
vn,c y,c ý,1.0000
vn,c yeu,c yêu,1.0000
vn,ca cac,cả các,1.0000
vn,ca can,cả cán,1.0000
vn,ca chem,cá chẽm,1.0000
vn,ca chep,cá chép,1.0000
vn,ca chinh,cá chình,1.0000
vn,ca chuoi,cá chuối,1.0000
vn,ca dat,cả đất,1.0000
vn,ca dien,cả diện,0.9412
vn,ca giao,cả giao,1.0000
vn,ca goc,cả gốc,1.0000
vn,ca hai,cả hai,1.0000
vn,ca hanh,cả hành,1.0000
vn,ca he,cả hệ,1.0000
vn,ca hinh,cả hình,1.0000
vn,ca khoan,cả khoản,1.0000
vn,ca kinh,cả kinh,1.0000
vn,ca lai,cả lái,1.0000
vn,ca loc,cá lóc,1.0000
vn,ca map,cá mập,1.0000
vn,ca mau,cà mau,1.0000
vn,ca nam,cả năm,1.0000
vn,ca nghia,cả nghĩa,1.0000
vn,ca ngoi,ca ngợi,1.0000
vn,ca ngu,cá ngừ,1.0000
vn,ca nguoi,cả người,0.9524
vn,ca nha,cả nhà,1.0000
vn,ca nhan,cá nhân,0.9993
vn,ca nuc,cá nục,1.0000
vn,ca nuoc,cả nước,0.9819
vn,ca phan,cả phần,0.9545
vn,ca phuong,cả phương,0.9231
vn,ca ro,cá rô,1.0000
vn,ca rui,cả rủi,1.0000
vn,ca tai,cả tài,0.9661
vn,ca thoi,cả thời,1.0000
vn,ca thong,cả thông,1.0000
vn,ca thuoc,cá thuộc,1.0000
vn,ca tien,cả tiền,1.0000
vn,ca to,cả tổ,0.9778
vn,ca trich,cá trích,1.0000
vn,ca truong,cả trường,0.9279
vn,ca viec,cả việc,1.0000
vn,cac an,các ấn,1.0000
vn,cac bao,các báo,1.0000
vn,cac ben,các bên,0.9990
vn,cac bien,các biện,0.9927
vn,cac bieu,các biểu,1.0000
vn,cac bo,các bộ,1.0000
vn,cac buoc,các bước,1.0000
vn,cac ca,các cá,1.0000
vn,cac cam,các cam,0.9333
vn,cac cang,các cảng,1.0000
vn,cac cap,các cấp,0.9862
vn,cac chat,các chất,1.0000
vn,cac che,các chế,1.0000
vn,cac chinh,các chính,0.9939
vn,cac chitieu,các chỉtiêu,1.0000
vn,cac chuan,các chuẩn,1.0000
vn,cac chuc,các chức,1.0000
vn,cac chung,các chứng,0.9494
vn,cac chuong,các chương,0.9949
vn,cac co,các cơ,0.9921
vn,cac cong,các công,0.9666
vn,cac cua,các cửa,1.0000
vn,cac cuc,các cục,1.0000
vn,cac cum,các cụm,1.0000
vn,cac cuoc,các cuộc,1.0000
vn,cac dac,các đặc,1.0000
vn,cac dang,các dạng,0.9697
vn,cac danh,các danh,0.9231
vn,cac de,các đề,0.9781
vn,cac dia,các địa,1.0000
vn,cac dich,các dịch,1.0000
vn,cac diem,các điểm,0.9994
vn,cac dieu,các điều,0.9994
vn,cac dinh,các định,0.9907
vn,cac doan,các đoàn,0.9022
vn,cac doanh,các doanh,1.0000
vn,cac doi,các đối,0.9765
vn,cac don,các đơn,1.0000
vn,cac dot,các đợt,1.0000
vn,cac dvcnt,các đvcnt,1.0000
vn,cac file,các file,1.0000
vn,cac giao,các giao,0.9971
vn,cac giay,các giấy,1.0000
vn,cac gioi,các giới,1.0000
vn,cac goi,các gói,1.0000
vn,cac ham,các hàm,0.9091
vn,cac han,các hạn,1.0000
vn,cac hanh,các hành,1.0000
vn,cac hau,các hậu,1.0000
vn,cac he,các hệ,1.0000
vn,cac hien,các hiện,1.0000
vn,cac hiep,các hiệp,1.0000
vn,cac hinh,các hình,1.0000
vn,cac ho,các hồ,0.9044
vn,cac hoat,các hoạt,1.0000
vn,cac hoi,các hội,0.9927
vn,cac hop,các hợp,1.0000
vn,cac huong,các hướng,1.0000
vn,cac huyen,các huyện,1.0000
vn,cac ke,các kế,1.0000
vn,cac kenh,các kênh,1.0000
vn,cac ket,các kết,1.0000
vn,cac khach,các khách,1.0000
vn,cac khia,các khía,1.0000
vn,cac khieu,các khiếu,1.0000
vn,cac khoa,các khóa,0.9400
vn,cac khoan,các khoản,1.0000
vn,cac khoang,các khoáng,0.9310
vn,cac khoi,các khối,1.0000
vn,cac khu,các khu,1.0000
vn,cac khuyen,các khuyến,1.0000
vn,cac kich,các kịch,1.0000
vn,cac kien,các kiến,0.9868
vn,cac lan,các lần,1.0000
vn,cac lenh,các lệnh,1.0000
vn,cac lien,các liên,1.0000
vn,cac linh,các lĩnh,0.9453
vn,cac loai,các loại,0.9421
vn,cac lop,các lớp,1.0000
vn,cac luat,các luật,1.0000
vn,cac luc,các lực,1.0000
vn,cac ly,các lý,1.0000
vn,cac ma,các mã,1.0000
vn,cac mang,các mạng,0.9825
vn,cac mat,các mặt,0.9892
vn,cac mau,các mẫu,0.9921
vn,cac may,các máy,1.0000
vn,cac nam,các năm,1.0000
vn,cac nen,các nền,1.0000
vn,cac ngach,các ngạch,1.0000
vn,cac ngan,các ngân,1.0000
vn,cac nganh,các ngành,1.0000
vn,cac ngay,các ngày,1.0000
vn,cac nghi,các nghị,1.0000
vn,cac nghia,các nghĩa,1.0000
vn,cac nghiep,các nghiệp,1.0000
vn,cac nguon,các nguồn,0.9877
vn,cac nguy,các nguy,1.0000
vn,cac nguyen,các nguyên,1.0000
vn,cac nha,các nhà,0.9586
vn,cac nhan,các nhân,0.9583
vn,cac nhiem,các nhiệm,0.9989
vn,cac nhom,các nhóm,1.0000
vn,cac nhu,các nhu,1.0000
vn,cac noi,các nội,0.9988
vn,cac nuoc,các nước,1.0000
vn,cac o,các ô,0.9714
vn,cac ong,các ông,1.0000
vn,cac pcn,các pcn,1.0000
vn,cac phap,các pháp,1.0000
vn,cac phien,các phiên,1.0000
vn,cac pho,các phó,1.0000
vn,cac phu,các phụ,1.0000
vn,cac phuong,các phương,0.9983
vn,cac quoc,các quốc,1.0000
vn,cac quy,các quy,0.9315
vn,cac quyen,các quyền,1.0000
vn,cac quyet,các quyết,1.0000
vn,cac rui,các rủi,1.0000
vn,cac sai,các sai,1.0000
vn,cac san,các sản,0.9787
vn,cac su,các sự,0.9941
vn,cac sua,các sửa,1.0000
vn,cac tac,các tác,1.0000
vn,cac tai,các tài,1.0000
vn,cac tap,các tập,0.9379
vn,cac tcpht,các tcpht,1.0000
vn,cac te,các tệ,1.0000
vn,cac ten,các tên,1.0000
vn,cac tenan,các tệnạn,1.0000
vn,cac tep,các tệp,1.0000
vn,cac thanh,các thành,0.9959
vn,cac thao,các thao,1.0000
vn,cac thay,các thay,1.0000
vn,cac thiet,các thiết,0.9027
vn,cac thoi,các thời,1.0000
vn,cac thong,các thông,1.0000
vn,cac thua,các thửa,1.0000
vn,cac thuat,các thuật,1.0000
vn,cac thuong,các thương,1.0000
vn,cac thutuc,các thủtục,1.0000
vn,cac tieu,các tiêu,0.9950
vn,cac to,các tổ,0.9890
vn,cac tochuc,các tổchức,1.0000
vn,cac toi,các tội,1.0000
vn,cac ton,các tồn,0.9074
vn,cac tong,các tổng,1.0000
vn,cac trach,các trách,1.0000
vn,cac trai,các trại,1.0000
vn,cac tram,các trạm,1.0000
vn,cac tranh,các tranh,1.0000
vn,cac trinh,các trình,1.0000
vn,cac tro,các trò,0.9756
vn,cac tru,các trụ,1.0000
vn,cac trung,các trung,1.0000
vn,cac truong,các trường,0.9996
vn,cac truy,các truy,1.0000
vn,cac tu,các từ,0.9983
vn,cac tuyen,các tuyến,1.0000
vn,cac ty,các tỷ,1.0000
vn,cac ung,các ứng,1.0000
vn,cac uu,các ưu,1.0000
vn,cac uy,các ủy,0.9084
vn,cac vat,các vật,1.0000
vn,cac viec,các việc,1.0000
vn,cac vong,các vòng,1.0000
vn,cac vu,các vụ,1.0000
vn,cac vuan,các vụán,1.0000
vn,cac vung,các vùng,1.0000
vn,cac vuong,các vướng,1.0000
vn,cac website,các website,1.0000
vn,cac xa,các xã,1.0000
vn,cac xi,các xí,1.0000
vn,cac y,các ý,1.0000
vn,cach 10,cách 10,1.0000
vn,cach an,cách an,1.0000
vn,cach ca,cách cá,1.0000
vn,cach chuc,cách chức,1.0000
vn,cach cong,cách công,0.9231
vn,cach dai,cách đại,1.0000
vn,cach dien,cách điện,0.9655
vn,cach doc,cách độc,1.0000
vn,cach gan,cách gần,0.9767
vn,cach ghi,cách ghi,1.0000
vn,cach hanh,cách hành,1.0000
vn,cach khac,cách khác,0.9412
vn,cach la,cách là,1.0000
vn,cach ly,cách ly,1.0000
vn,cach mang,cách mạng,1.0000
vn,cach nhau,cách nhau,1.0000
vn,cach phap,cách pháp,1.0000
vn,cach quet,cách quét,1.0000
vn,cach su,cách sử,1.0000
vn,cach thanh,cách thành,1.0000
vn,cach theo,cách theo,1.0000
vn,cach thuc,cách thức,1.0000
vn,cach tiep,cách tiếp,1.0000
vn,cach tinh,cách tính,1.0000
vn,cach trung,cách trung,1.0000
vn,cach vao,cách vào,1.0000
vn,cach xac,cách xác,1.0000
vn,cach xam,cách xâm,1.0000
vn,cach xep,cách xếp,1.0000
vn,cach xu,cách xử,1.0000
vn,cai bao,cài bảo,1.0000
vn,cai cach,cải cách,1.0000
vn,cai chinh,cải chính,1.0000
vn,cai dat,cài đặt,1.0000
vn,cai nghien,cai nghiện,1.0000
vn,cai tao,cải tạo,0.9989
vn,cai thien,cải thiện,1.0000
vn,cai tien,cải tiến,1.0000
vn,cam 2,cấm 2,0.9333
vn,cam 4,cấm 4,1.0000
vn,cam 5,cấm 5,1.0000
vn,cam 6,cấm 6,1.0000
vn,cam 8,cấm 8,1.0000
vn,cam bao,cảm bao,0.9231
vn,cam bien,cảm biến,1.0000
vn,cam cac,cấm các,0.9091
vn,cam co,cầm cố,0.9950
vn,cam cu,cấm cư,1.0000
vn,cam cuu,cảm cứu,1.0000
vn,cam dam,cấm đảm,0.9615
vn,cam doan,cam đoan,1.0000
vn,cam doi,cấm đối,1.0000
vn,cam ket,cam kết,0.9988
vn,cam la,cảm là,0.9231
vn,cam luu,cấm lưu,0.9444
vn,cam moc,cắm mốc,1.0000
vn,cam nhap,cấm nhập,1.0000
vn,cam on,cảm ơn,1.0000
vn,cam su,cấm sử,1.0000
vn,cam tay,cầm tay,1.0000
vn,cam tham,cấm tham,1.0000
vn,cam theo,cấm theo,0.9583
vn,cam trong,cấm trong,0.9859
vn,cam va,cấm và,0.9579
vn,cam ve,cấm về,1.0000
vn,cam viec,cấm việc,1.0000
vn,cam xuat,cấm xuất,1.0000
vn,camera giam,camera giám,1.0000
vn,can 13,căn 13,1.0000
vn,can bi,can bị,0.9231
vn,can bo,cán bộ,0.9790
vn,can bocong,cán bộcông,1.0000
vn,can boda,cán bộđã,1.0000
vn,can bodexuat,cán bộđềxuất,1.0000
vn,can bokiem,cán bộkiểm,1.0000
vn,can bongan,cán bộngân,1.0000
vn,can botham,cán bộtham,1.0000
vn,can botrinh,cán bộtrình,1.0000
vn,can botruoc,cán bộtrước,1.0000
vn,can chuyen,cần chuyển,1.0000
vn,can cu,căn cứ,0.9989
vn,can cuket,căn cứkết,1.0000
vn,can cuoc,căn cước,1.0000
vn,can dam,cần đảm,1.0000
vn,can dap,cần đáp,1.0000
vn,can dich,cần dịch,0.9333
vn,can dieu,cần điều,1.0000
vn,can dinh,cần định,0.9891
vn,can doi,cân đối,0.9182
vn,can dung,cần dùng,0.9091
vn,can ghi,cần ghi,0.9091
vn,can gia,cần gia,1.0000
vn,can giai,cần giải,1.0000
vn,can hang,cạn hàng,0.9167
vn,can ho,căn hộ,1.0000
vn,can hoac,can hoặc,0.9559
vn,can kiet,cạn kiệt,1.0000
vn,can luu,cần lưu,1.0000
vn,can ngheo,cận nghèo,1.0000
vn,can nhap,cần nhập,1.0000
vn,can phai,cần phải,0.9633
vn,can pham,can phạm,1.0000
vn,can quyet,can quyết,0.9750
vn,can sua,cần sửa,1.0000
vn,can thiep,can thiệp,1.0000
vn,can thiet,cần thiết,1.0000
vn,can tho,cần thơ,1.0000
vn,can thu,cần thu,0.9545
vn,can thuc,cần thực,0.9792
vn,can tien,cần tiến,1.0000
vn,can tiep,cần tiếp,1.0000
vn,can tro,cản trở,0.9921
vn,can xac,cần xác,0.9375
vn,can xu,cần xử,1.0000
vn,cang bien,cảng biển,1.0000
vn,cang cau,cảng cầu,1.0000
vn,cang dau,cảng dầu,1.0000
vn,cang hang,cảng hàng,1.0000
vn,cang lap,cảng lập,1.0000
vn,cang ninh,cảng ninh,1.0000
vn,cang tin,căng tin,1.0000
vn,cang va,cảng và,1.0000
vn,cang vu,cảng vụ,1.0000
vn,canh 2,cảnh 2,0.9000
vn,canh bang,cảnh bằng,1.0000
vn,canh bao,cảnh báo,0.9677
vn,canh cao,cảnh cáo,1.0000
vn,canh cho,cảnh cho,0.9286
vn,canh cu,cảnh cư,1.0000
vn,canh doi,cảnh đối,1.0000
vn,canh gac,canh gác,1.0000
vn,canh giua,canh giữa,1.0000
vn,canh hoac,cảnh hoặc,0.9189
vn,canh kho,cảnh khó,1.0000
vn,canh mang,cảnh mang,1.0000
vn,canh neu,cảnh nếu,0.9000
vn,canh nhap,cảnh nhập,1.0000
vn,canh quan,cảnh quan,1.0000
vn,canh sat,cảnh sát,1.0000
vn,canh tranh,cạnh tranh,1.0000
vn,canh ve,cảnh vệ,0.9167
vn,canh xuat,cảnh xuất,1.0000
vn,canuoc hoc,cảnước học,1.0000
vn,canuoc kieu,canuoc kiểu,1.0000
vn,cao b,cáo b,0.9721
vn,cao bo,cáo bộ,0.9591
vn,cao cham,cáo chậm,0.9259
vn,cao chat,cao chất,0.9310
vn,cao chinh,cáo chính,0.9701
vn,cao cho,cáo cho,0.9565
vn,cao chu,cáo chủ,0.9394
vn,cao cu,cáo cụ,1.0000
vn,cao cung,cáo cung,1.0000
vn,cao dang,cao đẳng,0.9815
vn,cao day,cáo đầy,1.0000
vn,cao den,cáo đến,0.9149
vn,cao diem,cao điểm,0.9000
vn,cao dien,cáo điện,0.9773
vn,cao dinh,cáo định,0.9923
vn,cao dot,cáo đột,1.0000
vn,cao e,cáo e,1.0000
vn,cao giai,cáo giải,0.9302
vn,cao giao,cáo giao,1.0000
vn,cao gioi,cáo giới,1.0000
vn,cao hanh,cáo hành,1.0000
vn,cao hoat,cáo hoạt,0.9649
vn,cao hoi,cáo hội,0.9273
vn,cao hon,cao hơn,1.0000
vn,cao ket,cáo kết,1.0000
vn,cao khang,cáo kháng,0.9524
vn,cao kien,cáo kiến,0.9200
vn,cao kinh,cáo kinh,1.0000
vn,cao kip,cáo kịp,1.0000
vn,cao len,cáo lên,0.9167
vn,cao lenh,cao lệnh,1.0000
vn,cao lien,cáo liên,1.0000
vn,cao nam,cáo năm,1.0000
vn,cao nang,cao năng,1.0000
vn,cao nay,cáo này,1.0000
vn,cao ngan,cáo ngân,0.9877
vn,cao nghien,cáo nghiên,1.0000
vn,cao nguoi,cáo người,1.0000
vn,cao nhat,cao nhất,1.0000
vn,cao noi,cáo nội,0.9958
vn,cao noluc,cao nỗlực,1.0000
vn,cao phan,cáo phân,0.9210
vn,cao phong,cáo phòng,0.9796
vn,cao ptd,cáo ptđ,1.0000
vn,cao quan,cáo quản,0.9706
vn,cao quyet,cáo quyết,0.9640
vn,cao sai,cáo sai,1.0000
vn,cao tai,cáo tài,0.9261
vn,cao tang,cao tầng,0.9630
vn,cao tham,cáo thẩm,0.9778
vn,cao thanh,cáo thành,0.9832
vn,cao thay,cáo thấy,1.0000
vn,cao thoi,cáo thời,1.0000
vn,cao thu,cáo thủ,0.9565
vn,cao thuc,cáo thực,0.9355
vn,cao thuyet,cáo thuyết,1.0000
vn,cao tiep,cáo tiếp,1.0000
vn,cao tinh,cáo tình,0.9328
vn,cao toc,cao tốc,1.0000
vn,cao tochuc,cáo tổchức,1.0000
vn,cao tom,cáo tóm,1.0000
vn,cao tong,cáo tổng,0.9927
vn,cao truc,cáo trực,1.0000
vn,cao truoc,cáo trước,1.0000
vn,cao tuoi,cao tuổi,0.9091
vn,cao tuyen,cáo tuyên,0.9167
vn,cao ve,cáo về,0.9265
vn,cao viec,cáo việc,1.0000
vn,cao voi,cáo với,0.9661
vn,cao xay,cáo xây,0.9000
vn,cao xu,cáo xử,0.9286
vn,cap 01,cấp 01,1.0000
vn,cap 1,cấp 1,0.9250
vn,cap 2,cấp 2,0.9036
vn,cap 3,cấp 3,0.9149
vn,cap 4,cấp 4,0.9535
vn,cap 5,cấp 5,0.9444
vn,cap 6,cấp 6,0.9444
vn,cap 7,cấp 7,0.9231
vn,cap bach,cấp bách,1.0000
vn,cap ben,cấp bên,0.9583
vn,cap boi,cấp bởi,1.0000
vn,cap bu,cấp bù,1.0000
vn,cap cac,cấp các,0.9521
vn,cap cach,cáp cách,1.0000
vn,cap cai,cấp cải,1.0000
vn,cap cao,cấp cao,1.0000
vn,cap chia,cấp chia,0.9737
vn,cap cho,cấp cho,0.9802
vn,cap chuc,cấp chức,1.0000
vn,cap chung,cấp chứng,0.9903
vn,cap cu,cấp cụ,0.9231
vn,cap cuu,cấp cứu,1.0000
vn,cap dac,cấp đặc,0.9412
vn,cap dai,cấp đại,1.0000
vn,cap dat,cấp đất,0.9688
vn,cap day,cấp đầy,0.9894
vn,cap dia,cấp địa,0.9697
vn,cap dich,cấp dịch,0.9910
vn,cap dien,cấp điện,0.9681
vn,cap dieu,cấp điều,0.9808
vn,cap do,cấp độ,0.9241
vn,cap don,cấp đơn,1.0000
vn,cap duoi,cấp dưới,1.0000
vn,cap giai,cấp giải,1.0000
vn,cap giao,cấp giao,0.9474
vn,cap giay,cấp giấy,0.9994
vn,cap ha,cấp hạ,0.9667
vn,cap hoac,cấp hoặc,0.9188
vn,cap hoan,cấp hoàn,1.0000
vn,cap huong,cấp hướng,0.9167
vn,cap huyen,cấp huyện,1.0000
vn,cap i,cấp i,1.0000
vn,cap ii,cấp ii,1.0000
vn,cap iii,cấp iii,1.0000
vn,cap iv,cấp iv,1.0000
vn,cap khi,cấp khi,0.9000
vn,cap kho,cấp khó,1.0000
vn,cap khong,cấp không,0.9563
vn,cap kinh,cấp kinh,1.0000
vn,cap kip,cấp kịp,1.0000
vn,cap lai,cấp lại,1.0000
vn,cap lan,cấp lần,0.9762
vn,cap luu,cấp lưu,0.9091
vn,cap ly,cấp lý,1.0000
vn,cap mai,cấp mai,1.0000
vn,cap mang,cập mạng,1.0000
vn,cap may,cấp máy,0.9412
vn,cap minh,cấp mình,1.0000
vn,cap mo,cấp mở,0.9933
vn,cap moi,cấp mới,0.9763
vn,cap mot,cấp một,0.9524
vn,cap muc,cấp mức,0.9512
vn,cap nang,cấp năng,1.0000
vn,cap nao,cấp nào,1.0000
vn,cap nen,cấp nền,0.9375
vn,cap ngan,cấp ngân,0.9787
vn,cap nganh,cấp ngành,1.0000
vn,cap nghe,cấp nghề,0.9966
vn,cap nguoi,cấp người,1.0000
vn,cap nguon,cấp nguồn,1.0000
vn,cap nha,cấp nhà,0.9797
vn,cap nham,cấp nhằm,0.9091
vn,cap nhan,cấp nhận,0.9333
vn,cap nhat,cập nhật,0.9978
vn,cap nuoc,cấp nước,1.0000
vn,cap phai,cấp phải,0.9400
vn,cap phat,cấp phát,1.0000
vn,cap phe,cấp phê,1.0000
vn,cap phep,cấp phép,1.0000
vn,cap phien,cấp phiên,1.0000
vn,cap phieu,cấp phiếu,1.0000
vn,cap pho,cấp phó,1.0000
vn,cap phong,cấp phòng,1.0000
vn,cap phuc,cấp phục,0.9091
vn,cap quoc,cấp quốc,1.0000
vn,cap quyen,cấp quyền,0.9704
vn,cap quyet,cấp quyết,1.0000
vn,cap ra,cấp ra,0.9000
vn,cap ro,cấp rõ,1.0000
vn,cap san,cấp sản,0.9610
vn,cap sua,cấp sửa,0.9904
vn,cap tam,cấp tạm,1.0000
vn,cap ten,cấp tên,1.0000
vn,cap tham,cấp thẩm,0.9347
vn,cap the,cấp thẻ,0.9451
vn,cap thoat,cấp thoát,0.9375
vn,cap thong,cấp thông,0.9706
vn,cap tin,cấp tín,0.9956
vn,cap tinh,cấp tỉnh,0.9949
vn,cap to,cấp tổ,0.9167
vn,cap trach,cấp trách,1.0000
vn,cap trao,cấp trao,1.0000
vn,cap tren,cấp trên,0.9802
vn,cap trien,cấp triển,1.0000
vn,cap trung,cấp trung,0.9412
vn,cap truoc,cấp trước,0.9792
vn,cap tuat,cấp tuất,1.0000
vn,cap tuong,cấp tương,0.9333
vn,cap uu,cấp ưu,1.0000
vn,cap uy,cấp ủy,0.9659
vn,cap vao,cập vào,0.9153
vn,cap ve,cấp về,0.9714
vn,cap viec,cấp việc,0.9130
vn,cap vien,cáp viễn,0.9645
vn,cap von,cấp vốn,1.0000
vn,cap vung,cấp vùng,1.0000
vn,cap xa,cấp xã,1.0000
vn,cap xac,cấp xác,0.9909
vn,cap y,cấp y,1.0000
vn,cat giam,cắt giảm,1.0000
vn,cat giu,cất giữ,1.0000
vn,cat goc,cắt góc,1.0000
vn,cat ha,cất hạ,1.0000
vn,cat hien,cắt hiện,1.0000
vn,cat ngang,cắt ngang,0.9615
vn,cat o,cát ở,0.9286
vn,cat soi,cát sỏi,1.0000
vn,catruong hop,cảtrường hợp,1.0000
vn,cau 1,cầu 1,1.0000
vn,cau 2,cầu 2,1.0000
vn,cau 3,cầu 3,1.0000
vn,cau 4,cầu 4,1.0000
vn,cau a,cầu a,1.0000
vn,cau an,cầu an,1.0000
vn,cau ap,cầu áp,1.0000
vn,cau b,cầu b,1.0000
vn,cau bang,cầu bằng,0.9810
vn,cau ben,cầu bên,0.9254
vn,cau c,cầu c,1.0000
vn,cau ca,cầu cá,0.9333
vn,cau cac,cầu các,0.9583
vn,cau cang,cầu cảng,1.0000
vn,cau cao,cầu cao,1.0000
vn,cau cap,cầu cấp,0.9683
vn,cau cham,cầu chấm,0.9000
vn,cau chien,cầu chiến,1.0000
vn,cau chu,cầu chủ,0.9804
vn,cau chuc,cầu chức,0.9302
vn,cau cu,cầu cụ,0.9310
vn,cau cua,cầu của,0.9947
vn,cau cung,cầu cung,0.9968
vn,cau da,cầu đã,1.0000
vn,cau dam,cầu đảm,1.0000
vn,cau dang,cầu đăng,0.9200
vn,cau dap,cầu đáp,1.0000
vn,cau dieu,cầu điều,1.0000
vn,cau dinh,cầu định,0.9664
vn,cau doanh,cầu doanh,0.9775
vn,cau doi,cầu đối,0.9286
vn,cau don,cầu đơn,0.9730
vn,cau dot,cầu đột,1.0000
vn,cau duoc,cầu được,1.0000
vn,cau dvcntt,cầu đvcntt,1.0000
vn,cau giai,cầu giải,1.0000
vn,cau giam,cầu giám,0.9492
vn,cau giao,cầu giao,0.9118
vn,cau ha,cấu hạ,0.9996
vn,cau han,cầu hạn,1.0000
vn,cau hinh,cấu hình,1.0000
vn,cau hoac,cầu hoặc,0.9388
vn,cau hoan,cầu hoàn,1.0000
vn,cau hoat,cầu hoạt,1.0000
vn,cau hop,cầu hợp,1.0000
vn,cau huy,cầu hủy,0.9623
vn,cau khac,cầu khác,0.9062
vn,cau khach,cầu khách,1.0000
vn,cau khai,cầu khai,1.0000
vn,cau khi,cầu khi,1.0000
vn,cau khieu,cầu khiếu,1.0000
vn,cau kiem,cầu kiểm,1.0000
vn,cau ky,cầu kỹ,0.9730
vn,cau lai,cấu lại,1.0000
vn,cau lap,cầu lập,0.9333
vn,cau mo,cầu mở,0.9667
vn,cau mua,cầu mua,1.0000
vn,cau muc,cầu mục,1.0000
vn,cau nay,cầu này,1.0000
vn,cau nghiep,cầu nghiệp,1.0000
vn,cau ngung,cầu ngừng,1.0000
vn,cau nguoi,cầu người,0.9706
vn,cau nguon,cấu nguồn,0.9375
vn,cau nha,cầu nhà,0.9375
vn,cau nham,cầu nhằm,1.0000
vn,cau nhan,cầu nhận,0.9744
vn,cau nhiem,cầu nhiệm,0.9444
vn,cau noi,cầu nội,0.9394
vn,cau nop,cầu nộp,1.0000
vn,cau phai,cầu phải,1.0000
vn,cau phat,cầu phát,1.0000
vn,cau phuc,cầu phục,0.9524
vn,cau qua,cầu qua,1.0000
vn,cau quan,cầu quản,0.9948
vn,cau quy,cầu quy,1.0000
vn,cau quyet,cầu quyết,1.0000
vn,cau rut,cầu rút,1.0000
vn,cau sau,cầu sau,0.9882
vn,cau su,cầu sử,0.9806
vn,cau sua,cầu sửa,1.0000
vn,cau tam,cầu tạm,1.0000
vn,cau thay,cầu thay,1.0000
vn,cau thiet,cầu thiết,1.0000
vn,cau thong,cầu thông,1.0000
vn,cau thuc,cầu thực,1.0000
vn,cau thue,cầu thuê,1.0000
vn,cau tiep,cầu tiếp,1.0000
vn,cau tieu,cầu tiêu,0.9091
vn,cau toa,cầu tòa,1.0000
vn,cau toi,cầu tối,0.9861
vn,cau tren,cầu trên,1.0000
vn,cau trinh,cầu trình,1.0000
vn,cau truc,cấu trúc,0.9954
vn,cau trung,cầu trung,1.0000
vn,cau truong,cầu trường,0.9333
vn,cau va,cầu và,0.9321
vn,cau ve,cầu về,1.0000
vn,cau xac,cầu xác,1.0000
vn,cau xoa,cầu xóa,1.0000
vn,cau xuat,cầu xuất,1.0000
vn,cay 1,cậy 1,1.0000
vn,cay 2,cậy 2,1.0000
vn,cay 3,cậy 3,1.0000
vn,cay 4,cậy 4,1.0000
vn,cay 5,cậy 5,1.0000
vn,cay cua,cậy của,0.9800
vn,cay doanh,cậy doanh,1.0000
vn,cay ghep,cấy ghép,1.0000
vn,cay huyen,cây huyện,1.0000
vn,cay khi,cậy khi,1.0000
vn,cay lau,cây lâu,1.0000
vn,cay nhan,cấy nhân,0.9655
vn,cay phai,cậy phải,0.9474
vn,cay theo,cậy theo,0.9167
vn,cay trong,cây trồng,0.9429
vn,cay va,cậy và,0.9286
vn,cbc chi,cbc chỉ,1.0000
vn,cccd ho,cccd hộ,1.0000
vn,cd i,cđ i,1.0000
vn,cd ii,cđ ii,1.0000
vn,cd iii,cđ iii,1.0000
vn,cd iv,cđ iv,1.0000
vn,cd vi,cđ vi,1.0000
vn,cd vii,cđ vii,1.0000
vn,cha de,cha đẻ,0.9412
vn,cha me,cha mẹ,1.0000
vn,cha nham,chà nhám,1.0000
vn,cha nuoi,cha nuôi,1.0000
vn,chac chan,chắc chắn,1.0000
vn,cham ban,chậm bàn,1.0000
vn,cham diem,chấm điểm,1.0000
vn,cham duoi,chậm dưới,1.0000
vn,cham dut,chấm dứt,1.0000
vn,cham gui,chậm gửi,1.0000
vn,cham lo,chăm lo,1.0000
vn,cham nhat,chậm nhất,1.0000
vn,cham nop,chậm nộp,1.0000
vn,cham qua,chậm quá,1.0000
vn,cham so,chậm so,1.0000
vn,cham soc,chăm sóc,1.0000
vn,cham tra,chậm trả,1.0000
vn,cham tre,chậm trễ,1.0000
vn,cham tu,chậm từ,1.0000
vn,chan bay,chặn bay,1.0000
vn,chan cac,chặn các,1.0000
vn,chan chinh,chấn chỉnh,1.0000
vn,chan dung,chân dung,1.0000
vn,chan hanh,chặn hành,1.0000
vn,chan hoat,chặn hoạt,1.0000
vn,chan kip,chặn kịp,1.0000
vn,chan nuoi,chăn nuôi,0.9809
vn,chan va,chặn và,0.9881
vn,chan viec,chặn việc,1.0000
vn,chan xu,chặn xử,1.0000
vn,chan xung,chặn xung,1.0000
vn,chanh an,chánh án,1.0000
vn,chanh thanh,chánh thanh,1.0000
vn,chanh van,chánh văn,1.0000
vn,chao ban,chào bán,1.0000
vn,chao hang,chào hàng,1.0000
vn,chap cam,chấp cầm,1.0000
vn,chap cho,chấp cho,1.0000
vn,chap cua,chấp của,1.0000
vn,chap dat,chấp đất,0.9412
vn,chap duoc,chấp được,1.0000
vn,chap giua,chấp giữa,1.0000
vn,chap gop,chấp góp,1.0000
vn,chap hanh,chấp hành,1.0000
vn,chap hoac,chấp hoặc,1.0000
vn,chap hop,chấp hợp,1.0000
vn,chap khieu,chấp khiếu,1.0000
vn,chap la,chấp là,1.0000
vn,chap lien,chấp liên,1.0000
vn,chap nhan,chấp nhận,1.0000
vn,chap phat,chấp phát,1.0000
vn,chap quyen,chấp quyền,1.0000
vn,chap theo,chấp theo,1.0000
vn,chap thuan,chấp thuận,0.9992
vn,chap trong,chấp trong,1.0000
vn,chap va,chấp và,1.0000
vn,chap ve,chấp về,1.0000
vn,characterstring khoa,characterstring khóa,1.0000
vn,characterstring la,characterstring là,1.0000
vn,characterstring lien,characterstring liên,1.0000
vn,chat che,chặt chẽ,0.9771
vn,chat cho,chất cho,1.0000
vn,chat chuyen,chất chuyên,1.0000
vn,chat co,chất có,0.9091
vn,chat cong,chất công,1.0000
vn,chat cua,chất của,1.0000
vn,chat dac,chất đặc,1.0000
vn,chat dam,chất đảm,1.0000
vn,chat dao,chất đạo,1.0000
vn,chat dat,chất đất,1.0000
vn,chat doc,chất độc,1.0000
vn,chat dung,chất dùng,0.9000
vn,chat gay,chất gây,1.0000
vn,chat hoac,chất hoặc,1.0000
vn,chat hoat,chất hoạt,1.0000
vn,chat khac,chất khác,1.0000
vn,chat khoang,chất khoáng,1.0000
vn,chat ky,chất kỹ,1.0000
vn,chat lieu,chất liệu,1.0000
vn,chat luong,chất lượng,0.9951
vn,chat ma,chất ma,0.9167
vn,chat muc,chất mức,0.9856
vn,chat pho,chất phổ,1.0000
vn,chat phong,chất phóng,1.0000
vn,chat su,chất sử,1.0000
vn,chat thai,chất thải,1.0000
vn,chat tinh,chất tinh,1.0000
vn,chat trang,chất trang,1.0000
vn,chat va,chất và,0.9949
vn,chat vat,chất vật,1.0000
vn,chat ve,chất về,1.0000
vn,chau a,châu á,1.0000
vn,chau au,châu âu,1.0000
vn,chay chua,cháy chữa,1.0000
vn,chay cua,cháy của,0.9000
vn,chay dien,chạy điện,1.0000
vn,chay hoac,cháy hoặc,1.0000
vn,chay no,cháy nổ,1.0000
vn,chay tau,chạy tàu,1.0000
vn,chay va,cháy và,1.0000
vn,che an,chế an,0.9149
vn,che cap,chế cấp,0.9032
vn,che chanh,chế chánh,1.0000
vn,che che,chế chế,1.0000
vn,che chi,chế chi,0.9302
vn,che chia,chế chia,1.0000
vn,che chinh,chế chính,0.9200
vn,che chung,chế chứng,1.0000
vn,che cong,chế công,1.0000
vn,che cua,chế của,0.9385
vn,che cung,chế cung,0.9333
vn,che cuoc,chế cuộc,1.0000
vn,che dieu,chế điều,1.0000
vn,che do,chế độ,0.9883
vn,che dua,chế dựa,1.0000
vn,che duoc,chế được,1.0000
vn,che giai,chế giải,1.0000
vn,che giam,chế giám,0.9062
vn,che giao,chế giao,1.0000
vn,che giau,che giấu,1.0000
vn,che gioi,chế giới,1.0000
vn,che ho,chế hỗ,0.9767
vn,che hoac,chế hoặc,1.0000
vn,che hoat,chế hoạt,0.9474
vn,che khai,chế khai,0.9890
vn,che khoan,chế khoán,1.0000
vn,che kiem,chế kiểm,1.0000
vn,che lam,chế làm,1.0000
vn,che mien,chế miễn,1.0000
vn,che mot,chế một,1.0000
vn,che nang,chế năng,0.9286
vn,che nay,chế này,0.9915
vn,che no,chế nợ,0.9524
vn,che noi,chế nội,0.9474
vn,che phat,chế phát,1.0000
vn,che phoi,chế phối,1.0000
vn,che quan,chế quản,0.9960
vn,che quy,chế quy,0.9651
vn,che quyen,chế quyền,0.9714
vn,che ra,chế ra,0.9000
vn,che rui,chế rủi,1.0000
vn,che sang,chế sáng,1.0000
vn,che su,chế sử,0.9020
vn,che tai,chế tài,0.9865
vn,che tao,chế tạo,1.0000
vn,che thu,chế thử,0.9175
vn,che tiep,chế tiếp,1.0000
vn,che to,chế tổ,1.0000
vn,che toi,chế tối,1.0000
vn,che trai,chế trải,1.0000
vn,che trao,chế trao,1.0000
vn,che trong,chế trong,0.9655
vn,che tu,chế tự,0.9400
vn,che ve,chế về,0.9848
vn,che xac,chế xác,0.9333
vn,che xu,chế xử,1.0000
vn,che xuat,chế xuất,1.0000
vn,checua nganh,chếcủa ngành,1.0000
vn,chedobao cao,chếđộbáo cáo,1.0000
vn,chedothong tin,chếđộthông tin,1.0000
vn,chem lates,chẽm lates,1.0000
vn,chenh lech,chênh lệch,1.0000
vn,cheo trung,chéo trùng,1.0000
vn,chep ban,chép bản,1.0000
vn,chep cyprinus,chép cyprinus,1.0000
vn,chep phuc,chép phục,1.0000
vn,chep tai,chép tài,1.0000
vn,chep va,chép và,1.0000
vn,chet bi,chết bị,1.0000
vn,chet hoac,chết hoặc,1.0000
vn,chet mat,chết mất,1.0000
vn,chi am,chi âm,1.0000
vn,chi bi,chỉ bị,0.9091
vn,chi chap,chỉ chấp,1.0000
vn,chi chung,chỉ chứng,0.9091
vn,chi cites,chỉ cites,1.0000
vn,chi con,chi còn,0.9000
vn,chi cuc,chi cục,0.9826
vn,chi dac,chi đặc,0.9474
vn,chi dan,chỉ dẫn,0.9623
vn,chi dao,chỉ đạo,0.9544
vn,chi dat,chỉ đặt,0.9000
vn,chi dau,chi đầu,0.9084
vn,chi den,chi đến,0.9429
vn,chi dich,chi dịch,1.0000
vn,chi dinh,chỉ định,0.9529
vn,chi doan,chi đoàn,1.0000
vn,chi em,chị em,1.0000
vn,chi email,chỉ email,1.0000
vn,chi ghi,chỉ ghi,1.0000
vn,chi giam,chí giám,0.9167
vn,chi gioi,chỉ giới,1.0000
vn,chi hang,chi hàng,0.9474
vn,chi hanh,chỉ hành,1.0000
vn,chi hieu,chỉ hiệu,1.0000
vn,chi hoi,chi hội,1.0000
vn,chi https,chỉ https,1.0000
vn,chi huy,chỉ huy,0.9667
vn,chi internet,chỉ internet,1.0000
vn,chi ip,chỉ ip,0.9898
vn,chi ket,chi kết,1.0000
vn,chi khoa,chí khoa,0.9231
vn,chi khong,chi không,0.9048
vn,chi lanh,chí lãnh,1.0000
vn,chi lap,chi lập,1.0000
vn,chi lay,chi lấy,1.0000
vn,chi loai,chỉ loại,1.0000
vn,chi lua,chí lựa,0.9531
vn,chi luu,chỉ lưu,0.9643
vn,chi minh,chí minh,1.0000
vn,chi mot,chỉ một,1.0000
vn,chi nam,chỉ năm,0.9888
vn,chi ngan,chi ngân,0.9802
vn,chi nguoi,chỉ người,1.0000
vn,chi nguy,chí nguy,1.0000
vn,chi nhanh,chi nhánh,0.9981
vn,chi phi,chi phí,0.9984
vn,chi phoi,chi phối,0.9750
vn,chi quan,chi quản,0.9839
vn,chi ro,chỉ rõ,0.9231
vn,chi ruot,chị ruột,1.0000
vn,chi so,chỉ số,0.9746
vn,chi thue,chi thuê,0.9375
vn,chi tiep,chỉ tiếp,0.9070
vn,chi tiet,chi tiết,0.9963
vn,chi tra,chi trả,0.9988
vn,chi trich,chi trích,1.0000
vn,chi tru,chỉ trụ,0.9730
vn,chi tung,chi từng,0.9500
vn,chi uy,chi ủy,0.9333
vn,chi viec,chỉ việc,0.9474
vn,chi vo,chỉ vô,0.9259
vn,chi vu,chỉ vụ,0.9000
vn,chi xang,chi xăng,1.0000
vn,chia cac,chia các,1.0000
vn,chia co,chia cổ,1.0000
vn,chia duoc,chia được,1.0000
vn,chia lai,chia lãi,1.0000
vn,chia loi,chia lợi,1.0000
vn,chia nguon,chia nguồn,1.0000
vn,chia phan,chia phần,1.0000
vn,chia re,chia rẽ,1.0000
vn,chia se,chia sẻ,1.0000
vn,chia tach,chia tách,0.9934
vn,chia tai,chia tài,0.9615
vn,chia thanh,chia thành,1.0000
vn,chidao gop,chỉđạo góp,1.0000
vn,chiem dat,chiếm đất,1.0000
vn,chiem doat,chiếm đoạt,1.0000
vn,chiem dung,chiếm dụng,1.0000
vn,chiem giu,chiếm giữ,1.0000
vn,chiem hoac,chiếm hoặc,1.0000
vn,chiem huu,chiếm hữu,1.0000
vn,chiem quyen,chiếm quyền,1.0000
vn,chiem tru,chiếm trụ,1.0000
vn,chiem tu,chiếm từ,1.0000
vn,chiem ty,chiếm tỷ,1.0000
vn,chien bo,chiến bộ,1.0000
vn,chien chong,chiến chống,1.0000
vn,chien dau,chiến đấu,1.0000
vn,chien luoc,chiến lược,1.0000
vn,chien si,chiến sĩ,1.0000
vn,chien sy,chiến sỹ,0.9848
vn,chien tranh,chiến tranh,1.0000
vn,chien truong,chiến trường,1.0000
vn,chiet khau,chiết khấu,1.0000
vn,chieu bo,chiếu bộ,0.9000
vn,chieu cac,chiếu các,1.0000
vn,chieu cao,chiều cao,1.0000
vn,chieu chuyen,chiếu chuyển,1.0000
vn,chieu con,chiếu còn,1.0000
vn,chieu cua,chiếu của,0.9375
vn,chieu dai,chiều dài,0.9298
vn,chieu dam,chiếu đảm,1.0000
vn,chieu day,chiều dày,0.9863
vn,chieu de,chiếu để,1.0000
vn,chieu den,chiếu đến,1.0000
vn,chieu doi,chiếu đối,0.9583
vn,chieu du,chiếu dữ,0.9574
vn,chieu duoc,chiếu được,0.9167
vn,chieu giay,chiếu giấy,1.0000
vn,chieu giua,chiếu giữa,1.0000
vn,chieu hang,chiếu hằng,0.9524
vn,chieu he,chiếu hệ,1.0000
vn,chieu hoac,chiếu hoặc,0.9792
vn,chieu ket,chiếu kết,1.0000
vn,chieu khi,chiếu khi,1.0000
vn,chieu khop,chiếu khớp,1.0000
vn,chieu kiem,chiếu kiểm,1.0000
vn,chieu la,chiếu là,0.9756
vn,chieu ngang,chiều ngang,1.0000
vn,chieu ngay,chiếu ngày,0.9231
vn,chieu nuoc,chiếu nước,1.0000
vn,chieu sang,chiếu sáng,1.0000
vn,chieu tcvn,chiếu tcvn,1.0000
vn,chieu theo,chiếu theo,0.9333
vn,chieu thong,chiếu thông,0.9792
vn,chieu toa,chiếu tọa,0.9000
vn,chieu trong,chiếu trong,0.9412
vn,chieu va,chiếu và,0.9851
vn,chieu voi,chiếu với,0.9844
vn,chieu xac,chiếu xác,1.0000
vn,chim dam,chìm đắm,1.0000
vn,chinh 01,chính 01,1.0000
vn,chinh 05,chính 05,1.0000
vn,chinh 10,chính 10,1.0000
vn,chinh 11,chính 11,1.0000
vn,chinh 4,chính 4,0.9223
vn,chinh 5,chính 5,0.9355
vn,chinh 6,chính 6,0.9565
vn,chinh 7,chính 7,0.9231
vn,chinh 8,chính 8,1.0000
vn,chinh 9,chính 9,1.0000
vn,chinh a,chính a,0.9300
vn,chinh anguilla,chình anguilla,1.0000
vn,chinh ap,chính áp,0.9783
vn,chinh b,chính b,0.9827
vn,chinh bi,chính bị,0.9467
vn,chinh bien,chính biên,0.9565
vn,chinh c,chính c,0.9831
vn,chinh cap,chính cấp,0.9607
vn,chinh che,chính chế,1.0000
vn,chinh chiu,chính chịu,1.0000
vn,chinh chua,chính chưa,0.9600
vn,chinh chung,chính chứng,0.9506
vn,chinh con,chính còn,0.9322
vn,chinh cong,chính công,0.9576
vn,chinh da,chính đã,0.9868
vn,chinh dac,chính đặc,1.0000
vn,chinh dam,chính đảm,0.9375
vn,chinh dap,chính đáp,1.0000
vn,chinh den,chính đến,1.0000
vn,chinh dia,chính địa,0.9545
vn,chinh dich,chính dịch,1.0000
vn,chinh dieu,chính điều,0.9841
vn,chinh doanh,chính doanh,1.0000
vn,chinh dua,chính đưa,1.0000
vn,chinh duoc,chính được,0.9822
vn,chinh gay,chính gây,1.0000
vn,chinh giao,chính giao,0.9573
vn,chinh gom,chính gồm,1.0000
vn,chinh gui,chính gửi,0.9200
vn,chinh hach,chính hạch,0.9167
vn,chinh han,chỉnh hạn,0.9286
vn,chinh hanh,chính hành,0.9412
vn,chinh hien,chính hiện,1.0000
vn,chinh hinh,chính hình,0.9674
vn,chinh hoac,chính hoặc,0.9814
vn,chinh huong,chính hướng,0.9864
vn,chinh i,chính i,1.0000
vn,chinh khac,chính khác,0.9744
vn,chinh khach,chính khách,1.0000
vn,chinh kho,chính kho,1.0000
vn,chinh khong,chính không,0.9691
vn,chinh kiem,chính kiểm,1.0000
vn,chinh kip,chỉnh kịp,1.0000
vn,chinh la,chính là,0.9590
vn,chinh lai,chỉnh lại,0.9643
vn,chinh lam,chính làm,0.9444
vn,chinh lan,chỉnh lần,1.0000
vn,chinh lap,chính lập,1.0000
vn,chinh len,chỉnh lên,1.0000
vn,chinh lien,chính liên,0.9318
vn,chinh loai,chính loại,1.0000
vn,chinh ly,chỉnh lý,0.9912
vn,chinh nam,chính năm,0.9633
vn,chinh ngan,chính ngân,0.9943
vn,chinh ngoai,chính ngoài,1.0000
vn,chinh nguoi,chính người,0.9677
vn,chinh nha,chính nhà,1.0000
vn,chinh nhiem,chỉnh nhiệm,0.9130
vn,chinh nhieu,chính nhiều,1.0000
vn,chinh nhu,chính như,0.9429
vn,chinh nop,chính nộp,1.0000
vn,chinh nuoc,chính nước,0.9524
vn,chinh pc30,chính pc30,1.0000
vn,chinh phat,chính phát,0.9697
vn,chinh phoi,chính phối,1.0000
vn,chinh phong,chính phòng,1.0000
vn,chinh phu,chính phủ,0.9986
vn,chinh phuc,chính phục,1.0000
vn,chinh phudenghi,chính phủđềnghị,1.0000
vn,chinh phudo,chính phủdo,1.0000
vn,chinh phunuoc,chính phủnước,1.0000
vn,chinh phutang,chính phủtặng,1.0000
vn,chinh quoc,chính quốc,1.0000
vn,chinh quyen,chính quyền,1.0000
vn,chinh quyet,chính quyết,0.9151
vn,chinh rieng,chính riêng,1.0000
vn,chinh sach,chính sách,1.0000
vn,chinh sai,chỉnh sai,0.9605
vn,chinh sang,chính sang,0.9167
vn,chinh sau,chính sau,0.9758
vn,chinh su,chính sự,0.9254
vn,chinh tang,chỉnh tăng,0.9516
vn,chinh tap,chính tập,1.0000
vn,chinh thay,chính thay,0.9038
vn,chinh theo,chính theo,0.9101
vn,chinh thi,chính thì,0.9326
vn,chinh thua,chính thửa,1.0000
vn,chinh thue,chính thuế,1.0000
vn,chinh thuoc,chính thuộc,1.0000
vn,chinh tiep,chính tiếp,0.9333
vn,chinh tin,chính tín,0.9615
vn,chinh to,chính tổ,0.9625
vn,chinh tong,chính tổng,0.9062
vn,chinh tren,chính trên,0.9416
vn,chinh tri,chính trị,0.9971
vn,chinh trinh,chính trình,0.9773
vn,chinh trivung,chính trịvững,1.0000
vn,chinh trong,chính trong,0.9709
vn,chinh truc,chính trực,1.0000
vn,chinh trung,chính trung,0.9444
vn,chinh truoc,chính trước,1.0000
vn,chinh truong,chính trường,0.9242
vn,chinh tuan,chính tuân,1.0000
vn,chinh tuong,chính tương,1.0000
vn,chinh van,chính văn,0.9133
vn,chinh vat,chính vật,1.0000
vn,chinh ve,chính về,0.9804
vn,chinh vi,chính vi,0.9912
vn,chinh vien,chính viễn,0.9817
vn,chinh viet,chính việt,0.9895
vn,chinh voi,chính với,1.0000
vn,chinh xac,chính xác,1.0000
vn,chinh xay,chính xây,0.9552
vn,chinh xem,chính xem,1.0000
vn,chinh xu,chính xử,1.0000
vn,chinh y,chính ý,0.9865
vn,chip ban,chip bán,1.0000
vn,chip noi,chip nội,1.0000
vn,chitieu kehoach,chỉtiêu kếhoạch,1.0000
vn,chitieu thi,chỉtiêu thi,1.0000
vn,chiu dung,chịu đựng,1.0000
vn,chiu hoan,chịu hoàn,1.0000
vn,chiu moi,chịu mọi,1.0000
vn,chiu rui,chịu rủi,1.0000
vn,chiu su,chịu sự,1.0000
vn,chiu tac,chịu tác,1.0000
vn,chiu thue,chịu thuế,1.0000
vn,chiu trach,chịu trách,1.0000
vn,cho ben,cho bên,0.9982
vn,cho bi,cho bị,1.0000
vn,cho bien,cho biên,1.0000
vn,cho bo,cho bộ,0.9966
vn,cho cac,cho các,0.9995
vn,cho can,cho cán,1.0000
vn,cho cang,cho cảng,1.0000
vn,cho canuoc,cho cảnước,1.0000
vn,cho chinh,cho chính,1.0000
vn,cho chuc,cho chức,1.0000
vn,cho chuong,cho chương,1.0000
vn,cho co,cho cơ,0.9975
vn,cho cong,cho công,0.9423
vn,cho cuc,cho cục,1.0000
vn,cho dam,cho đảm,1.0000
vn,cho dan,cho dân,0.9048
vn,cho dang,cho đảng,0.9500
vn,cho den,cho đến,0.9726
vn,cho dia,cho địa,1.0000
vn,cho dich,cho dịch,1.0000
vn,cho diem,cho điểm,1.0000
vn,cho doan,cho đoàn,1.0000
vn,cho don,cho đơn,0.9926
vn,cho giay,cho giấy,0.9091
vn,cho gop,cho góp,1.0000
vn,cho ha,cho hạ,1.0000
vn,cho he,cho hệ,0.9913
vn,cho hoat,cho hoạt,1.0000
vn,cho hoc,cho học,0.9762
vn,cho hogia,cho hộgia,1.0000
vn,cho hoi,cho hội,1.0000
vn,cho ke,cho kế,0.9231
vn,cho khach,cho khách,0.9951
vn,cho khoan,cho khoản,1.0000
vn,cho khoi,cho khối,1.0000
vn,cho kiem,cho kiểm,1.0000
vn,cho lan,cho lần,1.0000
vn,cho lanh,cho lãnh,1.0000
vn,cho lien,cho liên,0.9412
vn,cho luc,cho lực,1.0000
vn,cho ma,cho mã,1.0000
vn,cho mang,cho mạng,1.0000
vn,cho may,cho máy,1.0000
vn,cho minh,cho mình,1.0000
vn,cho mot,cho một,1.0000
vn,cho muc,cho mục,1.0000
vn,cho muon,cho mượn,1.0000
vn,cho nam,cho năm,0.9773
vn,cho nen,cho nền,0.9000
vn,cho ngan,cho ngân,0.9936
vn,cho nganh,cho ngành,1.0000
vn,cho nghien,cho nghiên,1.0000
vn,cho nghiep,cho nghiệp,1.0000
vn,cho ngoi,chỗ ngồi,0.9245
vn,cho nguoi,cho người,0.9730
vn,cho nha,cho nhà,1.0000
vn,cho nhan,cho nhân,0.9714
vn,cho nhap,cho nhập,1.0000
vn,cho nhiem,cho nhiệm,1.0000
vn,cho nhieu,cho nhiều,1.0000
vn,cho nhung,cho những,0.9773
vn,cho nong,cho nông,1.0000
vn,cho nuoc,cho nước,1.0000
vn,cho pham,cho phạm,1.0000
vn,cho phan,cho phần,0.9565
vn,cho phat,cho phát,1.0000
vn,cho phep,cho phép,1.0000
vn,cho phu,cho phù,0.9926
vn,cho phuong,cho phương,1.0000
vn,cho quy,cho quỹ,0.9545
vn,cho quyen,cho quyền,1.0000
vn,cho quyet,cho quyết,0.9000
vn,cho rang,cho rằng,1.0000
vn,cho rui,cho rủi,1.0000
vn,cho san,cho sản,0.9651
vn,cho sieu,cho siêu,0.9333
vn,cho so,cho sở,0.9320
vn,cho suc,cho sức,1.0000
vn,cho suphat,cho sựphát,1.0000
vn,cho tai,cho tài,0.9815
vn,cho tap,cho tập,1.0000
vn,cho tat,cho tất,1.0000
vn,cho tau,cho tàu,1.0000
vn,cho ten,cho tên,1.0000
vn,cho than,cho thân,1.0000
vn,cho the,cho thế,1.0000
vn,cho thiet,cho thiết,1.0000
vn,cho thuat,cho thuật,1.0000
vn,cho thue,cho thuê,0.9958
vn,cho thuong,cho thương,0.9310
vn,cho thutruong,cho thủtrưởng,1.0000
vn,cho to,cho tổ,0.9989
vn,cho toan,cho toàn,1.0000
vn,cho tong,cho tổng,1.0000
vn,cho tre,cho trẻ,1.0000
vn,cho tung,cho từng,1.0000
vn,cho uy,cho ủy,0.9907
vn,cho viec,cho việc,0.9942
vn,cho vu,cho vụ,1.0000
vn,cho xa,cho xã,1.0000
vn,cho xay,cho xây,1.0000
vn,cho xu,chờ xử,0.9747
vn,cho y,cho ý,1.0000
vn,choi 1,chơi 1,0.9231
vn,choi 2,chơi 2,0.9231
vn,choi cap,chối cấp,0.9785
vn,choi chap,chối chấp,1.0000
vn,choi cho,chối cho,0.9167
vn,choi cung,chối cung,1.0000
vn,choi dich,chối dịch,1.0000
vn,choi dien,chơi điện,0.9978
vn,choi gia,chối gia,1.0000
vn,choi hoac,chối hoặc,0.9000
vn,choi ket,chối kết,1.0000
vn,choi ky,chối ký,1.0000
vn,choi le,chối lệ,1.0000
vn,choi mo,chối mở,0.9333
vn,choi mua,chối mua,1.0000
vn,choi ngan,chối ngân,1.0000
vn,choi nhan,chối nhận,1.0000
vn,choi quyen,chối quyền,1.0000
vn,choi sua,chối sửa,1.0000
vn,choi tham,chối tham,1.0000
vn,choi thanh,chối thanh,0.9773
vn,choi theo,chơi theo,0.9444
vn,choi thi,chối thì,0.9167
vn,choi tien,chối tiến,1.0000
vn,choi tiep,chối tiếp,1.0000
vn,choi truc,chơi trực,1.0000
vn,choi voi,chơi với,1.0000
vn,choi xu,chối xử,1.0000
vn,choi yeu,chối yêu,0.9545
vn,chon ap,chọn áp,1.0000
vn,chon bang,chọn bằng,1.0000
vn,chon ben,chọn bên,1.0000
vn,chon cac,chọn các,1.0000
vn,chon cap,chọn cấp,1.0000
vn,chon chu,chọn chủ,1.0000
vn,chon cong,chọn công,1.0000
vn,chon cua,chọn của,1.0000
vn,chon doanh,chọn doanh,1.0000
vn,chon doi,chọn đối,0.9706
vn,chon don,chọn đơn,1.0000
vn,chon duoc,chọn được,1.0000
vn,chon giao,chọn giao,1.0000
vn,chon giau,chôn giấu,1.0000
vn,chon hinh,chọn hình,0.9231
vn,chon hoac,chọn hoặc,1.0000
vn,chon la,chọn là,1.0000
vn,chon loai,chọn loại,1.0000
vn,chon ma,chọn mã,0.9167
vn,chon mau,chọn mẫu,1.0000
vn,chon mot,chọn một,1.0000
vn,chon nguoi,chọn người,1.0000
vn,chon nha,chọn nhà,1.0000
vn,chon nop,chọn nộp,1.0000
vn,chon phai,chọn phải,1.0000
vn,chon phuong,chọn phương,1.0000
vn,chon ra,chọn ra,1.0000
vn,chon su,chọn sử,0.9592
vn,chon theo,chọn theo,1.0000
vn,chon thuc,chọn thực,1.0000
vn,chon thue,chọn thuê,1.0000
vn,chon to,chọn tổ,0.9961
vn,chon trong,chọn trong,1.0000
vn,chon va,chọn và,1.0000
vn,chon xet,chọn xét,1.0000
vn,chong buon,chống buôn,0.9327
vn,chong cac,chống các,0.9375
vn,chong cha,chồng cha,1.0000
vn,chong chat,chóng chặt,1.0000
vn,chong chay,chống cháy,1.0000
vn,chong cheo,chồng chéo,1.0000
vn,chong con,chồng con,1.0000
vn,chong dich,chống dịch,1.0000
vn,chong gia,chống giả,1.0000
vn,chong hanh,chống hành,1.0000
vn,chong hiv,chống hiv,1.0000
vn,chong khung,chống khủng,1.0000
vn,chong lai,chống lại,1.0000
vn,chong lang,chống lãng,0.9941
vn,chong mytruoc,chống mỹtrước,1.0000
vn,chong nguy,chống nguy,1.0000
vn,chong nha,chống nhà,1.0000
vn,chong pha,chống phá,1.0000
vn,chong phan,chống phần,1.0000
vn,chong rua,chống rửa,1.0000
vn,chong sat,chống sạt,1.0000
vn,chong set,chống sét,1.0000
vn,chong tai,chống tài,0.9747
vn,chong tan,chống tấn,1.0000
vn,chong tham,chống tham,0.9467
vn,chong thien,chống thiên,1.0000
vn,chong toi,chống tội,1.0000
vn,chong truy,chống truy,1.0000
vn,chong vi,chống vi,1.0000
vn,chong xam,chống xâm,1.0000
vn,chot o,chốt ở,1.0000
vn,chot so,chốt số,1.0000
vn,chu 1,chú 1,0.9237
vn,chu 14,chữ 14,0.9744
vn,chu bo,chủ bộ,0.9000
vn,chu cai,chữ cái,1.0000
vn,chu chot,chủ chốt,1.0000
vn,chu dau,chủ đầu,0.9949
vn,chu de,chủ đề,0.9333
vn,chu dem,chữ đệm,1.0000
vn,chu doanh,chủ doanh,1.0000
vn,chu dong,chủ động,0.9957
vn,chu dung,chữ đứng,1.0000
vn,chu duoc,chủ được,0.9333
vn,chu ghichu,chú ghichu,1.0000
vn,chu giai,chú giải,1.0000
vn,chu hanh,chủ hành,0.9773
vn,chu ho,chủ hộ,0.9722
vn,chu in,chữ in,1.0000
vn,chu ky,chữ ký,0.9915
vn,chu luc,chủ lực,1.0000
vn,chu nghia,chủ nghĩa,0.9987
vn,chu nhiem,chủ nhiệm,0.9978
vn,chu no,chủ nợ,1.0000
vn,chu phat,chủ phát,1.0000
vn,chu phuong,chủ phương,1.0000
vn,chu quan,chủ quản,0.9608
vn,chu quyen,chủ quyền,1.0000
vn,chu rung,chủ rừng,1.0000
vn,chu so,chủ sở,0.9426
vn,chu tai,chủ tài,0.9910
vn,chu tau,chủ tàu,1.0000
vn,chu thich,chú thích,1.0000
vn,chu thiet,chủ thiết,1.0000
vn,chu tich,chủ tịch,0.9984
vn,chu tieng,chữ tiếng,1.0000
vn,chu to,chú tổ,1.0000
vn,chu toa,chủ tọa,0.9375
vn,chu tri,chủ trì,0.9990
vn,chu trinh,chu trình,0.9231
vn,chu truong,chủ trương,0.9936
vn,chu vi,chủ ví,1.0000
vn,chu viet,chữ viết,0.9315
vn,chu yeu,chủ yếu,1.0000
vn,chua 1,chứa 1,1.0000
vn,chua 2,chứa 2,1.0000
vn,chua 3,chứa 3,0.9412
vn,chua 4,chứa 4,1.0000
vn,chua benh,chữa bệnh,1.0000
vn,chua bi,chưa bị,0.9429
vn,chua cai,chữa cải,1.0000
vn,chua chap,chứa chấp,0.9500
vn,chua chay,chữa cháy,0.9938
vn,chua chinh,chưa chính,1.0000
vn,chua cho,chưa cho,0.9500
vn,chua chuyen,chưa chuyển,1.0000
vn,chua dam,chưa đảm,1.0000
vn,chua dang,chưa đăng,1.0000
vn,chua day,chưa đầy,1.0000
vn,chua den,chưa đến,1.0000
vn,chua dinh,chữa định,1.0000
vn,chua dot,chữa đột,1.0000
vn,chua dua,chưa đưa,1.0000
vn,chua duoc,chưa được,0.9596
vn,chua ghi,chưa ghi,1.0000
vn,chua gia,chưa gia,0.9756
vn,chua giai,chưa giải,1.0000
vn,chua giao,chưa giao,1.0000
vn,chua het,chưa hết,1.0000
vn,chua hoan,chưa hoàn,1.0000
vn,chua hop,chưa hợp,1.0000
vn,chua khai,chưa khai,0.9655
vn,chua khoang,chứa khoáng,1.0000
vn,chua khong,chữa không,0.9429
vn,chua ky,chưa ký,1.0000
vn,chua lon,chữa lớn,1.0000
vn,chua may,chữa máy,1.0000
vn,chua nang,chữa nâng,0.9643
vn,chua nha,chữa nhà,1.0000
vn,chua nhan,chưa nhận,1.0000
vn,chua niem,chưa niêm,1.0000
vn,chua nop,chưa nộp,1.0000
vn,chua nung,chưa nung,1.0000
vn,chua nuoc,chứa nước,1.0000
vn,chua pha,chưa pha,0.9000
vn,chua phan,chưa phân,0.9783
vn,chua phat,chưa phát,1.0000
vn,chua phoi,chưa phối,1.0000
vn,chua phu,chưa phù,1.0000
vn,chua qua,chưa qua,1.0000
vn,chua ro,chưa rõ,1.0000
vn,chua su,chưa sử,1.0000
vn,chua tai,chữa tài,0.9816
vn,chua tau,chữa tàu,0.9375
vn,chua tay,chữa tẩy,1.0000
vn,chua thuc,chưa thực,0.9913
vn,chua thuong,chữa thường,1.0000
vn,chua tinh,chưa tính,0.9600
vn,chua to,chưa tổ,1.0000
vn,chua tra,chưa trả,1.0000
vn,chua trong,chứa trong,0.9091
vn,chua xac,chưa xác,1.0000
vn,chua xu,chưa xử,0.9268
vn,chuan an,chuẩn an,0.9231
vn,chuan ap,chuẩn áp,1.0000
vn,chuan bat,chuẩn bắt,1.0000
vn,chuan bi,chuẩn bị,1.0000
vn,chuan binghihuu,chuẩn bịnghỉhưu,1.0000
vn,chuan chat,chuẩn chất,1.0000
vn,chuan che,chuẩn chế,1.0000
vn,chuan cho,chuẩn cho,1.0000
vn,chuan chuc,chuẩn chức,1.0000
vn,chuan chung,chuẩn chung,0.9231
vn,chuan co,chuẩn cơ,0.9024
vn,chuan cong,chuẩn công,0.9783
vn,chuan cua,chuẩn của,1.0000
vn,chuan danh,chuẩn đánh,0.9000
vn,chuan denghitang,chuẩn đềnghịtặng,1.0000
vn,chuan detang,chuẩn đểtặng,1.0000
vn,chuan dieu,chuẩn điều,1.0000
vn,chuan dinh,chuẩn định,1.0000
vn,chuan doi,chuẩn đối,1.0000
vn,chuan du,chuẩn dữ,1.0000
vn,chuan dung,chuẩn đúng,1.0000
vn,chuan duoc,chuẩn được,1.0000
vn,chuan gost,chuẩn gost,1.0000
vn,chuan hoa,chuẩn hóa,0.9848
vn,chuan hoac,chuẩn hoặc,1.0000
vn,chuan hop,chuẩn hợp,1.0000
vn,chuan i,chuẩn i,1.0000
vn,chuan iso,chuẩn iso,1.0000
vn,chuan ket,chuẩn kết,1.0000
vn,chuan khi,chuẩn khí,1.0000
vn,chuan kiem,chuẩn kiểm,1.0000
vn,chuan ky,chuẩn kỹ,0.9917
vn,chuan la,chuẩn là,1.0000
vn,chuan lenh,chuẩn lệnh,1.0000
vn,chuan luu,chuẩn lưu,1.0000
vn,chuan moi,chuẩn mới,1.0000
vn,chuan muc,chuẩn mực,1.0000
vn,chuan nay,chuẩn này,1.0000
vn,chuan nguoi,chuẩn người,1.0000
vn,chuan quoc,chuẩn quốc,1.0000
vn,chuan quy,chuẩn quy,1.0000
vn,chuan quyet,chuẩn quyết,1.0000
vn,chuan sau,chuẩn sau,1.0000
vn,chuan su,chuẩn sử,1.0000
vn,chuan tcvn,chuẩn tcvn,1.0000
vn,chuan theo,chuẩn theo,1.0000
vn,chuan thu,chuẩn thử,1.0000
vn,chuan tieu,chuẩn tiêu,1.0000
vn,chuan va,chuẩn và,1.0000
vn,chuan ve,chuẩn về,1.0000
vn,chuan xep,chuẩn xếp,1.0000
vn,chuan xu,chuẩn xử,1.0000
vn,chuan y,chuẩn y,1.0000
vn,chuc 1,chức 1,1.0000
vn,chuc 2,chức 2,0.9872
vn,chuc 3,chức 3,1.0000
vn,chuc 4,chức 4,0.9688
vn,chuc 5,chức 5,0.9412
vn,chuc 6,chức 6,0.9500
vn,chuc 7,chức 7,1.0000
vn,chuc a,chức a,1.0000
vn,chuc b,chức b,1.0000
vn,chuc bang,chức bằng,0.9167
vn,chuc ben,chức bên,1.0000
vn,chuc bi,chức bị,1.0000
vn,chuc bien,chức biên,1.0000
vn,chuc boc,chức bốc,1.0000
vn,chuc boi,chức bồi,1.0000
vn,chuc bu,chức bù,1.0000
vn,chuc c,chức c,1.0000
vn,chuc ca,chức cá,1.0000
vn,chuc cac,chức các,1.0000
vn,chuc can,chức cán,0.9222
vn,chuc chi,chức chỉ,0.9636
vn,chuc chinh,chức chính,1.0000
vn,chuc chiu,chức chịu,1.0000
vn,chuc cho,chức cho,0.9032
vn,chuc chu,chức chủ,0.9984
vn,chuc chuc,chức chức,1.0000
vn,chuc co,chức có,0.9089
vn,chuc cua,chức của,1.0000
vn,chuc cung,chức cung,0.9985
vn,chuc cuoc,chức cuộc,1.0000
vn,chuc da,chức đã,1.0000
vn,chuc dai,chức đại,1.0000
vn,chuc dam,chức đảm,1.0000
vn,chuc dao,chức đào,1.0000
vn,chuc dap,chức đáp,1.0000
vn,chuc dat,chức đặt,1.0000
vn,chuc dau,chức đấu,0.9879
vn,chuc den,chức đến,1.0000
vn,chuc dia,chức địa,1.0000
vn,chuc dich,chức dịch,1.0000
vn,chuc dien,chức diễn,1.0000
vn,chuc dieu,chức điều,1.0000
vn,chuc dinh,chức định,1.0000
vn,chuc doan,chức đoàn,1.0000
vn,chuc doanh,chức doanh,1.0000
vn,chuc don,chức đơn,0.9996
vn,chuc duoc,chức được,1.0000
vn,chuc duoi,chức dưới,1.0000
vn,chuc giai,chức giải,1.0000
vn,chuc giam,chức giám,1.0000
vn,chuc giao,chức giao,0.9649
vn,chuc giay,chức giấy,1.0000
vn,chuc gom,chức gồm,1.0000
vn,chuc gui,chức gửi,1.0000
vn,chuc hai,chức hải,1.0000
vn,chuc hanh,chức hành,1.0000
vn,chuc he,chức hệ,1.0000
vn,chuc hien,chức hiện,1.0000
vn,chuc hoac,chức hoặc,1.0000
vn,chuc hoat,chức hoạt,1.0000
vn,chuc hoi,chức hội,1.0000
vn,chuc huan,chức huấn,1.0000
vn,chuc huong,chức hướng,1.0000
vn,chuc i,chức i,1.0000
vn,chuc in,chức in,1.0000
vn,chuc ket,chức kết,1.0000
vn,chuc khac,chức khác,0.9957
vn,chuc khai,chức khai,1.0000
vn,chuc khao,chức khảo,1.0000
vn,chuc khi,chức khi,1.0000
vn,chuc khoa,chức khoa,0.9968
vn,chuc khong,chức không,0.9951
vn,chuc kiem,chức kiểm,0.9970
vn,chuc kinh,chức kinh,0.9890
vn,chuc ky,chức ký,0.9677
vn,chuc la,chức là,1.0000
vn,chuc lai,chức lại,0.9907
vn,chuc lam,chức làm,1.0000
vn,chuc lanh,chức lãnh,1.0000
vn,chuc lap,chức lập,0.9688
vn,chuc lien,chức liên,1.0000
vn,chuc loai,chức loại,1.0000
vn,chuc lua,chức lựa,1.0000
vn,chuc luan,chức luân,1.0000
vn,chuc luu,chức lưu,1.0000
vn,chuc ma,chức mà,0.9029
vn,chuc mien,chức miễn,1.0000
vn,chuc minh,chức mình,1.0000
vn,chuc mo,chức mở,0.9551
vn,chuc mua,chức mua,1.0000
vn,chuc nang,chức năng,0.9997
vn,chuc ngan,chức ngân,1.0000
vn,chuc nganh,chức ngành,1.0000
vn,chuc nghi,chức nghỉ,0.9091
vn,chuc nghien,chức nghiên,1.0000
vn,chuc nguoi,chức người,1.0000
vn,chuc nha,chức nhà,1.0000
vn,chuc nhap,chức nhập,1.0000
vn,chuc nhiem,chức nhiệm,1.0000
vn,chuc nhnn,chức nhnn,1.0000
vn,chuc nop,chức nộp,1.0000
vn,chuc nuoc,chức nước,0.9944
vn,chuc o,chức ở,1.0000
vn,chuc phai,chức phải,0.9880
vn,chuc phat,chức phát,1.0000
vn,chuc phe,chức phê,1.0000
vn,chuc phi,chức phi,1.0000
vn,chuc phien,chức phiên,1.0000
vn,chuc phong,chức phòng,1.0000
vn,chuc phuc,chức phục,1.0000
vn,chuc quan,chức quản,0.9991
vn,chuc quoc,chức quốc,1.0000
vn,chuc quy,chức quy,0.9737
vn,chuc quyet,chức quyết,1.0000
vn,chuc ra,chức rà,0.9583
vn,chuc san,chức sản,1.0000
vn,chuc sap,chức sắp,1.0000
vn,chuc sau,chức sau,1.0000
vn,chuc tai,chức tài,0.9215
vn,chuc tao,chức tạo,1.0000
vn,chuc tap,chức tập,1.0000
vn,chuc techmart,chức techmart,1.0000
vn,chuc ten,chức tên,1.0000
vn,chuc thang,chức thăng,1.0000
vn,chuc the,chức thẻ,1.0000
vn,chuc theo,chức theo,0.9784
vn,chuc thiet,chức thiết,1.0000
vn,chuc thoi,chức thời,1.0000
vn,chuc thuc,chức thực,1.0000
vn,chuc thuoc,chức thuộc,1.0000
vn,chuc tiep,chức tiếp,1.0000
vn,chuc tieu,chức tiêu,1.0000
vn,chuc tin,chức tín,1.0000
vn,chuc to,chức tổ,1.0000
vn,chuc ton,chức tôn,1.0000
vn,chuc trach,chức trách,1.0000
vn,chuc tren,chức trên,1.0000
vn,chuc trien,chức triển,1.0000
vn,chuc trinh,chức trình,1.0000
vn,chuc trong,chức trong,0.9946
vn,chuc tuong,chức tương,1.0000
vn,chuc va,chức và,0.9987
vn,chuc ve,chức về,1.0000
vn,chuc vi,chức vi,0.9733
vn,chuc viec,chức việc,1.0000
vn,chuc vien,chức viên,0.9985
vn,chuc voi,chức với,1.0000
vn,chuc vu,chức vụ,0.9972
vn,chuc xa,chức xã,1.0000
vn,chuc xac,chức xác,1.0000
vn,chuc xay,chức xây,1.0000
vn,chuc xet,chức xét,1.0000
vn,chuc xin,chức xin,1.0000
vn,chuc xu,chức xử,1.0000
vn,chuc yeu,chức yêu,1.0000
vn,chuky dien,chữký điện,1.0000
vn,chung bien,chung biên,0.9932
vn,chung chi,chứng chỉ,0.9605
vn,chung chung,chứng chứng,0.9663
vn,chung cua,chung của,0.9265
vn,chung gom,chung gồm,0.9091
vn,chung hoat,chung hoạt,1.0000
vn,chung khoan,chứng khoán,1.0000
vn,chung kien,chứng kiến,1.0000
vn,chung la,chung là,0.9763
vn,chung loai,chủng loại,0.9903
vn,chung luu,chung lưu,1.0000
vn,chung minh,chứng minh,0.9990
vn,chung mot,chung một,1.0000
vn,chung ngay,chứng ngày,1.0000
vn,chung nguoi,chứng người,0.9444
vn,chung nhan,chứng nhận,0.9973
vn,chung nhu,chung như,1.0000
vn,chung phuc,chung phục,0.9167
vn,chung su,chung sử,1.0000
vn,chung tan,chung tần,1.0000
vn,chung thu,chứng thư,0.9959
vn,chung thuc,chứng thực,0.9989
vn,chung thuoc,chung thuộc,1.0000
vn,chung truc,chung trực,1.0000
vn,chung truoc,chúng trước,0.9000
vn,chung tu,chứng từ,0.9902
vn,chung vien,chứng viên,1.0000
vn,chung voi,chung với,0.9677
vn,chung vu,chứng vụ,1.0000
vn,chunghia viet,chủnghĩa việt,1.0000
vn,chuoco so,chủởcơ sở,1.0000
vn,chuoi bao,chuỗi bao,0.9444
vn,chuoi du,chuỗi dữ,1.0000
vn,chuoi khoi,chuỗi khối,1.0000
vn,chuoi ki,chuỗi kí,1.0000
vn,chuoi ky,chuỗi ký,1.0000
vn,chuong 4,chương 4,1.0000
vn,chuong 98,chương 98,1.0000
vn,chuong cac,chương các,1.0000
vn,chuong cho,chương cho,1.0000
vn,chuong co,chương có,1.0000
vn,chuong cua,chương của,1.0000
vn,chuong dat,chương đạt,1.0000
vn,chuong detang,chương đểtặng,1.0000
vn,chuong doc,chương độc,1.0000
vn,chuong doi,chương đối,1.0000
vn,chuong gom,chương gồm,1.0000
vn,chuong hochi,chương hồchí,1.0000
vn,chuong huu,chương hữu,1.0000
vn,chuong ii,chương ii,0.9886
vn,chuong iii,chương iii,1.0000
vn,chuong iv,chương iv,1.0000
vn,chuong khong,chương không,1.0000
vn,chuong lao,chương lao,1.0000
vn,chuong mau,chương mẫu,1.0000
vn,chuong muc,chương mục,1.0000
vn,chuong nay,chương này,1.0000
vn,chuong ngai,chướng ngại,1.0000
vn,chuong quan,chương quân,1.0000
vn,chuong sao,chương sao,1.0000
vn,chuong sau,chương sau,1.0000
vn,chuong trinh,chương trình,0.9997
vn,chuong v,chương v,1.0000
vn,chuong vii,chương vii,1.0000
vn,chup anh,chụp ảnh,1.0000
vn,chup giay,chụp giấy,1.0000
vn,chup hop,chụp hợp,1.0000
vn,chup khong,chụp không,1.0000
vn,chuquyen thong,chủquyền thống,1.0000
vn,chutich nuoc,chủtịch nước,1.0000
vn,chutich thu,chủtịch thứ,1.0000
vn,chutich thunhat,chủtịch thứnhất,1.0000
vn,chutruong chinh,chủtrương chính,1.0000
vn,chutruong cua,chủtrương của,1.0000
vn,chuyen 01,chuyển 01,1.0000
vn,chuyen 3,chuyển 3,1.0000
vn,chuyen 4,chuyển 4,1.0000
vn,chuyen a,chuyển a,1.0000
vn,chuyen b,chuyển b,1.0000
vn,chuyen bang,chuyển bằng,1.0000
vn,chuyen bao,chuyển bảo,0.9643
vn,chuyen bay,chuyến bay,1.0000
vn,chuyen bo,chuyển bổ,0.9167
vn,chuyen c,chuyển c,1.0000
vn,chuyen cap,chuyển cấp,1.0000
vn,chuyen cho,chuyển cho,0.9271
vn,chuyen chua,chuyển chưa,1.0000
vn,chuyen danh,chuyển danh,0.9333
vn,chuyen decong,chuyên đềcông,1.0000
vn,chuyen dedo,chuyên đềdo,1.0000
vn,chuyen den,chuyển đến,1.0000
vn,chuyen di,chuyển đi,0.9828
vn,chuyen dia,chuyển địa,1.0000
vn,chuyen dich,chuyển dịch,1.0000
vn,chuyen dien,chuyển diện,1.0000
vn,chuyen doanh,chuyển doanh,1.0000
vn,chuyen doi,chuyển đổi,0.9870
vn,chuyen don,chuyển đơn,1.0000
vn,chuyen du,chuyển dữ,0.9949
vn,chuyen dung,chuyên dùng,0.9726
vn,chuyen duoc,chuyển được,1.0000
vn,chuyen gan,chuyển gắn,1.0000
vn,chuyen gia,chuyên gia,0.9871
vn,chuyen giao,chuyển giao,0.9996
vn,chuyen giua,chuyển giữa,1.0000
vn,chuyen hang,chuyển hàng,1.0000
vn,chuyen hinh,chuyển hình,1.0000
vn,chuyen ho,chuyển hồ,1.0000
vn,chuyen hoac,chuyển hoặc,1.0000
vn,chuyen hoan,chuyển hoàn,0.9333
vn,chuyen hoat,chuyển hoạt,1.0000
vn,chuyen internet,chuyển internet,1.0000
vn,chuyen khao,chuyên khảo,1.0000
vn,chuyen khoan,chuyển khoản,0.9875
vn,chuyen khoang,chuyển khoáng,0.9000
vn,chuyen khong,chuyển không,1.0000
vn,chuyen mach,chuyển mạch,1.0000
vn,chuyen mang,chuyển mạng,0.9516
vn,chuyen mo,chuyển mô,1.0000
vn,chuyen mon,chuyên môn,1.0000
vn,chuyen mot,chuyển một,1.0000
vn,chuyen nganh,chuyên ngành,1.0000
vn,chuyen ngay,chuyển ngay,0.9706
vn,chuyen nghiep,chuyên nghiệp,1.0000
vn,chuyen ngoai,chuyển ngoại,0.9091
vn,chuyen nguon,chuyển nguồn,1.0000
vn,chuyen nguyen,chuyển nguyên,1.0000
vn,chuyen nha,chuyển nhà,1.0000
vn,chuyen nham,chuyển nhầm,1.0000
vn,chuyen nhuong,chuyển nhượng,0.9979
vn,chuyen no,chuyển nợ,1.0000
vn,chuyen phao,chuyển pháo,1.0000
vn,chuyen phat,chuyển phát,1.0000
vn,chuyen qua,chuyển qua,0.9032
vn,chuyen quyen,chuyển quyền,0.9950
vn,chuyen ra,chuyển ra,1.0000
vn,chuyen rac,chuyển rác,1.0000
vn,chuyen sang,chuyển sang,1.0000
vn,chuyen sau,chuyên sâu,0.9310
vn,chuyen so,chuyển số,1.0000
vn,chuyen su,chuyển sử,1.0000
vn,chuyen tai,chuyển tài,0.9935
vn,chuyen tang,chuyển tăng,0.9104
vn,chuyen ten,chuyển tên,0.9808
vn,chuyen than,chuyển than,1.0000
vn,chuyen theo,chuyển theo,1.0000
vn,chuyen thi,chuyển thì,1.0000
vn,chuyen thong,chuyển thông,1.0000
vn,chuyen thua,chuyển thừa,1.0000
vn,chuyen tien,chuyển tiền,0.9978
vn,chuyen tiep,chuyển tiếp,1.0000
vn,chuyen toan,chuyển toàn,1.0000
vn,chuyen toi,chuyển tới,1.0000
vn,chuyen tra,chuyển trả,1.0000
vn,chuyen trach,chuyên trách,0.9653
vn,chuyen trai,chuyển trái,0.9000
vn,chuyen tru,chuyển trụ,0.9000
vn,chuyen tu,chuyển từ,0.9949
vn,chuyen va,chuyển và,1.0000
vn,chuyen vao,chuyển vào,1.0000
vn,chuyen vat,chuyển vật,1.0000
vn,chuyen ve,chuyển về,1.0000
vn,chuyen viec,chuyển việc,1.0000
vn,chuyen vien,chuyên viên,1.0000
vn,chuyen von,chuyển vốn,1.0000
vn,chuyen vu,chuyển vụ,1.0000
vn,chuyen xi,chuyển xi,1.0000
vn,chuyen xu,chuyển xử,0.9881
vn,cic to,cic tổ,1.0000
vn,cites viet,cites việt,1.0000
vn,cites xuat,cites xuất,1.0000
vn,clinker dung,clinker dùng,1.0000
vn,clinker ngay,clinker ngày,1.0000
vn,clinker tieu,clinker tiêu,1.0000
vn,cn cac,cn các,1.0000
vn,cn co,cn cơ,0.9091
vn,cnht o,cnht ô,1.0000
vn,cntt cua,cntt của,1.0000
vn,cntt vu,cntt vụ,1.0000
vn,co 01,có 01,1.0000
vn,co 02,có 02,1.0000
vn,co 03,có 03,0.9882
vn,co 07,có 07,1.0000
vn,co 6,có 6,0.9211
vn,co 7,có 7,1.0000
vn,co an,cố an,0.9858
vn,co ang,có ăng,1.0000
vn,co ap,có áp,1.0000
vn,co b,có b,0.9077
vn,co beday,có bềdày,1.0000
vn,co bin,có bin,1.0000
vn,co buc,có bức,1.0000
vn,co cac,có các,0.9823
vn,co cam,có cam,1.0000
vn,co can,có căn,0.9079
vn,co cang,có cảng,1.0000
vn,co cau,cơ cấu,0.9520
vn,co che,cơ chế,0.9966
vn,co chenh,có chênh,1.0000
vn,co chieu,có chiều,1.0000
vn,co chinh,có chính,0.9091
vn,co chuc,có chức,0.9772
vn,co cuc,có cục,1.0000
vn,co dao,có đạo,0.9474
vn,co dat,có đất,0.9744
vn,co dau,có dấu,0.9228
vn,co day,có đầy,0.9612
vn,co detai,có đềtài,1.0000
vn,co dia,có địa,1.0000
vn,co dich,có dịch,0.9600
vn,co dieu,có điều,0.9955
vn,co dinh,cố định,0.9638
vn,co doanh,có doanh,0.9474
vn,co duoc,có được,0.9268
vn,co duong,có đường,0.9630
vn,co e,có e,0.9298
vn,co gan,có gắn,1.0000
vn,co ghi,có ghi,1.0000
vn,co gia,có giá,0.9949
vn,co giai,có giải,0.9857
vn,co giao,có giao,0.9773
vn,co giay,có giấy,0.9796
vn,co gioi,cơ giới,0.9130
vn,co gui,có gửi,1.0000
vn,co ha,có hạ,1.0000
vn,co ham,có hàm,1.0000
vn,co hanh,có hành,0.9945
vn,co he,có hệ,0.9620
vn,co hieu,có hiệu,0.9993
vn,co hinh,có hình,1.0000
vn,co hoan,có hoàn,0.9200
vn,co hoat,có hoạt,1.0000
vn,co hop,có hợp,0.9897
vn,co huong,có hướng,0.9737
vn,co it,có ít,1.0000
vn,co iv,có iv,0.9091
vn,co kem,có kèm,1.0000
vn,co ket,có kết,0.9842
vn,co kha,có khả,0.9957
vn,co khanang,có khảnăng,1.0000
vn,co khoan,có khoản,1.0000
vn,co khoang,có khoáng,0.9756
vn,co khuyet,có khuyết,1.0000
vn,co kich,có kích,0.9375
vn,co kiem,có kiểm,0.9916
vn,co kien,có kiến,0.9000
vn,co lien,có liên,0.9982
vn,co luong,có lượng,0.9412
vn,co luu,có lưu,0.9091
vn,co ly,có lý,0.9818
vn,co ma,có mã,0.9538
vn,co mot,có một,1.0000
vn,co nang,có năng,0.9840
vn,co nenep,có nềnếp,1.0000
vn,co nganh,có ngành,1.0000
vn,co nghia,có nghĩa,1.0000
vn,co nghiem,cố nghiêm,1.0000
vn,co nghiep,có nghiệp,1.0000
vn,co nguoi,có người,0.9643
vn,co nguon,có nguồn,1.0000
vn,co nguy,có nguy,0.9848
vn,co nha,có nhà,0.9855
vn,co nhap,có nhập,1.0000
vn,co nhiem,có nhiệm,0.9966
vn,co nhieu,có nhiều,1.0000
vn,co nhu,có nhu,0.9809
vn,co no,có nợ,1.0000
vn,co nop,có nộp,1.0000
vn,co phan,cổ phần,0.9632
vn,co phieu,cổ phiếu,0.9367
vn,co phuong,có phương,1.0000
vn,co quan,cơ quan,0.9952
vn,co quyen,có quyền,1.0000
vn,co quyet,có quyết,0.9988
vn,co rui,có rủi,0.9395
vn,co rung,có rừng,1.0000
vn,co sai,có sai,1.0000
vn,co sang,có sáng,1.0000
vn,co sau,có sau,0.9545
vn,co so,cơ sở,0.9848
vn,co sodao,cơ sởđào,1.0000
vn,co sohoac,cơ sởhoặc,1.0000
vn,co stt,có stt,0.9412
vn,co suc,có sức,1.0000
vn,co tai,có tài,0.9526
vn,co ten,có tên,0.9290
vn,co th,có th,1.0000
vn,co tham,có thẩm,0.9969
vn,co thanh,có thành,0.9957
vn,co thay,có thay,0.9909
vn,co them,có thêm,1.0000
vn,co thoi,có thời,0.9977
vn,co thu,có thu,0.9024
vn,co thuc,có thực,0.9184
vn,co thuong,có thưởng,0.9813
vn,co thuyet,có thuyết,1.0000
vn,co tich,có tích,1.0000
vn,co tien,có tiền,0.9268
vn,co tieu,có tiêu,0.9912
vn,co toi,có tối,0.9379
vn,co tong,có tổng,0.9873
vn,co trach,có trách,1.0000
vn,co tranh,có tranh,0.9167
vn,co trinh,có trình,1.0000
vn,co tru,có trụ,0.9255
vn,co truoc,có trước,1.0000
vn,co tt,có tt,1.0000
vn,co tuc,cổ tức,1.0000
vn,co ty,có tỷ,1.0000
vn,co tylephieu,có tỷlệphiếu,1.0000
vn,co vai,có vai,1.0000
vn,co van,có văn,0.9662
vn,co vao,có vào,1.0000
vn,co vat,cổ vật,0.9145
vn,co viec,có việc,0.9231
vn,co von,có vốn,1.0000
vn,co vu,có vụ,0.9655
vn,co vuong,có vướng,0.9649
vn,co xac,có xác,0.9925
vn,co xem,có xem,1.0000
vn,co xuat,có xuất,1.0000
vn,coi la,coi là,1.0000
vn,coi nhu,coi như,1.0000
vn,collection cua,collection của,1.0000
vn,con an,còn an,1.0000
vn,con bi,còn bị,1.0000
vn,con co,còn có,0.9464
vn,con cong,con công,0.9706
vn,con cua,con của,1.0000
vn,con dap,còn đáp,1.0000
vn,con dau,con dấu,0.9563
vn,con de,con đẻ,0.9643
vn,con den,con đến,1.0000
vn,con detang,còn đểtặng,1.0000
vn,con gia,còn giá,0.9804
vn,con goi,còn gọi,1.0000
vn,con hieu,còn hiệu,1.0000
vn,con kha,còn khả,1.0000
vn,con lai,còn lại,0.9847
vn,con nguoi,con người,0.9945
vn,con nhu,còn nhu,1.0000
vn,con no,còn nợ,0.9000
vn,con nuoi,con nuôi,1.0000
vn,con phai,còn phải,1.0000
vn,con re,con rể,1.0000
vn,con su,còn sử,0.9881
vn,con thieu,còn thiếu,1.0000
vn,con thoi,còn thời,1.0000
vn,con thua,còn thừa,1.0000
vn,con ton,còn tồn,1.0000
vn,cong 13,công 13,1.0000
vn,cong 28,công 28,1.0000
vn,cong a,công a,0.9091
vn,cong an,công an,0.9991
vn,cong bat,công bắt,0.9000
vn,cong bo,công bố,0.9717
vn,cong botai,công bốtại,1.0000
vn,cong chia,công chia,1.0000
vn,cong chua,công chưa,0.9583
vn,cong chuan,công chuẩn,1.0000
vn,cong chuc,công chức,1.0000
vn,cong cong,công cộng,0.9606
vn,cong cu,công cụ,1.0000
vn,cong cuoc,công cuộc,1.0000
vn,cong dan,công dân,1.0000
vn,cong di,cộng di,1.0000
vn,cong dich,cổng dịch,0.9269
vn,cong dieu,công điều,0.9231
vn,cong dong,cộng đồng,0.9820
vn,cong duoc,công được,0.9321
vn,cong dvc,cổng dvc,0.9931
vn,cong gap,công gặp,1.0000
vn,cong giua,công giữa,1.0000
vn,cong gui,công gửi,1.0000
vn,cong han,công hạn,1.0000
vn,cong huy,công hủy,1.0000
vn,cong ich,công ích,1.0000
vn,cong khai,công khai,0.9994
vn,cong khu,cộng khu,1.0000
vn,cong lao,công lao,1.0000
vn,cong lap,công lập,0.9482
vn,cong lien,công liên,0.9906
vn,cong lon,công lớn,1.0000
vn,cong luat,công luật,1.0000
vn,cong mang,công mạng,0.9512
vn,cong mot,công một,0.9091
vn,cong nam,công năm,0.9231
vn,cong nang,công năng,0.9619
vn,cong ngan,công ngân,0.9130
vn,cong ngay,công ngày,0.9143
vn,cong nghe,công nghệ,0.9999
vn,cong ngheda,công nghệđã,1.0000
vn,cong nghehoac,công nghệhoặc,1.0000
vn,cong nghemoi,công nghệmới,1.0000
vn,cong nghethong,công nghệthông,1.0000
vn,cong nghi,công nghị,1.0000
vn,cong nghiep,công nghiệp,1.0000
vn,cong nha,công nhà,1.0000
vn,cong nhan,công nhận,0.9200
vn,cong nhiem,công nhiệm,0.9808
vn,cong nhieu,công nhiều,1.0000
vn,cong nhu,công như,0.9091
vn,cong no,công nợ,1.0000
vn,cong phap,công pháp,0.9789
vn,cong phoi,công phối,1.0000
vn,cong phuc,công phục,0.9818
vn,cong quoc,công quốc,0.9698
vn,cong quy,công quy,0.9803
vn,cong quyet,công quyết,0.9778
vn,cong ra,cổng ra,1.0000
vn,cong rui,công rủi,1.0000
vn,cong san,cộng sản,0.9466
vn,cong sang,công sang,0.9524
vn,cong sau,công sau,0.9206
vn,cong su,công sử,0.9041
vn,cong suat,công suất,0.9826
vn,cong tac,công tác,0.9751
vn,cong tai,công tại,0.9331
vn,cong thoi,công thời,0.9444
vn,cong thong,cổng thông,0.9739
vn,cong thuoc,công thuộc,0.9556
vn,cong thuong,công thương,0.9976
vn,cong tin,công tin,1.0000
vn,cong trach,công trách,1.0000
vn,cong trai,công trái,0.9231
vn,cong trao,cổng trao,1.0000
vn,cong tren,công trên,0.9167
vn,cong trinh,công trình,0.9976
vn,cong trong,công trong,0.9343
vn,cong truc,công trực,1.0000
vn,cong trung,công trung,0.9937
vn,cong truong,công trường,0.9231
vn,cong tu,công tư,0.9351
vn,cong tuong,công tương,1.0000
vn,cong ty,công ty,1.0000
vn,cong uoc,công ước,1.0000
vn,cong van,công văn,0.9592
vn,cong vao,công vào,0.9384
vn,cong viec,công việc,0.9901
vn,cong vien,công viên,1.0000
vn,cong vo,công vô,1.0000
vn,cong von,công vốn,1.0000
vn,cong vu,công vụ,1.0000
vn,cong xam,công xâm,1.0000
vn,cong xay,công xây,1.0000
vn,cophan cong,cổphần công,1.0000
vn,cophan dau,cổphần đầu,1.0000
vn,cophan ngoai,cổphần ngoại,1.0000
vn,cot 1,cột 1,1.0000
vn,cot 2,cột 2,1.0000
vn,cot 50,cốt 50,1.0000
vn,cot ang,cột ăng,1.0000
vn,cot dien,cột điện,0.9091
vn,cot loi,cốt lõi,1.0000
vn,cot sao,cột sào,1.0000
vn,cot treo,cột treo,1.0000
vn,cothi dua,cờthi đua,1.0000
vn,cova phat,cốvà phát,1.0000
vn,cp bang,cp bằng,1.0000
vn,cp bien,cp biên,1.0000
vn,cp cac,cp các,1.0000
vn,cp chung,cp chứng,1.0000
vn,cp cua,cp của,1.0000
vn,cp da,cp đã,0.9444
vn,cp denghicong,cp đềnghịcông,1.0000
vn,cp doi,cp đối,1.0000
vn,cp duoc,cp được,1.0000
vn,cp khong,cp không,1.0000
vn,cp ngay,cp ngày,1.0000
vn,cp nghi,cp nghị,1.0000
vn,cp nhu,cp như,1.0000
vn,cp tai,cp tại,0.9000
vn,cp thi,cp thì,1.0000
vn,cp trinh,cp trình,1.0000
vn,cp truong,cp trường,1.0000
vn,cp va,cp và,0.9943
vn,cp van,cp văn,1.0000
vn,cp ve,cp về,1.0000
vn,cp vu,cp vụ,1.0000
vn,cp yeu,cp yêu,1.0000
vn,cpi binh,cpi bình,1.0000
vn,cqttgsnh de,cqttgsnh để,1.0000
vn,cu 1,cư 1,0.9500
vn,cu 2,cư 2,0.9286
vn,cu 3,cư 3,1.0000
vn,cu 4,cư 4,1.0000
vn,cu 5,cư 5,0.9412
vn,cu chuc,cứ chức,1.0000
vn,cu chung,cứ chứng,0.9643
vn,cu chuyen,cụ chuyển,0.9857
vn,cu dai,cử đại,1.0000
vn,cu dieu,cứ điều,1.0000
vn,cu doi,cư đối,0.9375
vn,cu duoc,cư được,0.9744
vn,cu giam,cụ giám,1.0000
vn,cu giay,cứ giấy,1.0000
vn,cu hach,cứ hạch,1.0000
vn,cu het,cũ hết,1.0000
vn,cu hop,cứ hợp,1.0000
vn,cu huong,cứ hướng,0.9167
vn,cu ke,cứ kế,0.9286
vn,cu ket,cứ kết,0.9855
vn,cu kha,cứ khả,1.0000
vn,cu khoan,cứ khoản,0.9412
vn,cu khu,cư khu,1.0000
vn,cu la,cư là,0.9412
vn,cu lao,cụ lao,0.9333
vn,cu lap,cứ lập,1.0000
vn,cu lenh,cứ lệnh,1.0000
vn,cu luat,cứ luật,1.0000
vn,cu ly,cự ly,0.9381
vn,cu muc,cứ mức,0.9286
vn,cu nghi,cứ nghị,0.9671
vn,cu nguoi,cử người,0.9474
vn,cu nha,cư nhà,1.0000
vn,cu nhan,cử nhân,1.0000
vn,cu o,cư ở,0.9216
vn,cu onuoc,cư ởnước,1.0000
vn,cu phai,cư phải,0.9130
vn,cu pham,cứ phạm,0.9333
vn,cu quy,cứ quy,0.9045
vn,cu quyet,cứ quyết,0.9945
vn,cu the,cụ thể,0.9886
vn,cu tieu,cứ tiêu,0.9600
vn,cu tru,cư trú,0.9986
vn,cu van,cứ văn,0.9333
vn,cu vao,cứ vào,0.9940
vn,cu ve,cứ về,0.9412
vn,cu voi,cư với,0.9412
vn,cu xac,cứ xác,0.9653
vn,cu xay,cứ xây,0.9333
vn,cu xu,cứ xử,1.0000
vn,cu y,cứ ý,0.9000
vn,cua 01,của 01,1.0000
vn,cua 1,của 1,1.0000
vn,cua 2,của 2,1.0000
vn,cua 3,của 3,1.0000
vn,cua a,của a,1.0000
vn,cua atm,của atm,1.0000
vn,cua b,của b,0.9091
vn,cua ben,của bên,1.0000
vn,cua bi,của bị,0.9818
vn,cua bieu,của biểu,1.0000
vn,cua bltths,của bltths,1.0000
vn,cua bo,của bộ,0.9994
vn,cua bsi,của bsi,1.0000
vn,cua ca,của cá,0.9620
vn,cua cac,của các,0.9984
vn,cua can,của cán,0.9425
vn,cua cang,của cảng,1.0000
vn,cua canh,của cảnh,1.0000
vn,cua cap,của cấp,0.9739
vn,cua cha,của cha,1.0000
vn,cua chanh,của chánh,1.0000
vn,cua che,của chế,1.0000
vn,cua chi,của chi,0.9843
vn,cua chien,của chiến,1.0000
vn,cua chinh,của chính,0.9983
vn,cua chu,của chủ,0.9531
vn,cua chuc,của chức,1.0000
vn,cua chuong,của chương,1.0000
vn,cua chuyen,của chuyên,0.9412
vn,cua cic,của cic,1.0000
vn,cua co,của cơ,0.9906
vn,cua con,của con,1.0000
vn,cua cong,của công,0.9511
vn,cua cuc,của cục,0.9956
vn,cua cung,của cùng,1.0000
vn,cua cuoc,của cuộc,1.0000
vn,cua dai,của đại,0.9298
vn,cua dan,của dân,1.0000
vn,cua dang,của đảng,0.9987
vn,cua danh,của danh,0.9286
vn,cua dat,của đất,1.0000
vn,cua de,của đề,0.9512
vn,cua dia,của địa,1.0000
vn,cua diem,của điểm,1.0000
vn,cua dieu,của điều,1.0000
vn,cua doan,của đoàn,0.9846
vn,cua doanh,của doanh,1.0000
vn,cua don,của đơn,0.9994
vn,cua duong,của đường,1.0000
vn,cua dvcntt,của đvcntt,1.0000
vn,cua giam,của giám,1.0000
vn,cua giay,của giấy,0.9937
vn,cua goi,của gói,1.0000
vn,cua hanh,của hành,1.0000
vn,cua he,của hệ,1.0000
vn,cua hien,của hiến,0.9286
vn,cua hiep,của hiệp,1.0000
vn,cua hieu,của hiệu,1.0000
vn,cua hoat,của hoạt,1.0000
vn,cua hoc,của học,1.0000
vn,cua hoi,của hội,0.9987
vn,cua hop,của hợp,0.9831
vn,cua hoso,của hồsơ,1.0000
vn,cua huyen,của huyện,1.0000
vn,cua it,của ít,1.0000
vn,cua kbnn,của kbnn,1.0000
vn,cua ke,của kế,1.0000
vn,cua kenh,của kênh,1.0000
vn,cua ket,của kết,1.0000
vn,cua khach,của khách,1.0000
vn,cua khau,cửa khẩu,0.9712
vn,cua khoan,của khoản,1.0000
vn,cua khoanh,của khoanh,1.0000
vn,cua khoi,của khối,1.0000
vn,cua khu,của khu,1.0000
vn,cua khung,của khung,0.9762
vn,cua kiem,của kiểm,0.9844
vn,cua ky,của kỳ,0.9560
vn,cua lai,của lãi,1.0000
vn,cua lan,của lần,1.0000
vn,cua lanh,của lãnh,1.0000
vn,cua lenh,của lệnh,1.0000
vn,cua luat,của luật,1.0000
vn,cua luc,của lực,1.0000
vn,cua m,của m,1.0000
vn,cua ma,của mã,1.0000
vn,cua mang,của mạng,1.0000
vn,cua mau,của mẫu,1.0000
vn,cua may,của máy,0.9890
vn,cua maz,của maz,1.0000
vn,cua minh,của mình,0.9992
vn,cua mot,của một,0.9102
vn,cua nam,của năm,0.9947
vn,cua nen,của nền,1.0000
vn,cua ngan,của ngân,0.9957
vn,cua nganh,của ngành,1.0000
vn,cua ngay,của ngày,1.0000
vn,cua nghi,của nghị,1.0000
vn,cua ngoai,của ngoại,1.0000
vn,cua nguoi,của người,0.9993
vn,cua nguon,của nguồn,1.0000
vn,cua nha,của nhà,1.0000
vn,cua nhan,của nhân,0.9468
vn,cua nhiem,của nhiệm,1.0000
vn,cua nhieu,của nhiều,1.0000
vn,cua nhnn,của nhnn,1.0000
vn,cua nhom,của nhóm,0.9756
vn,cua nhung,của những,1.0000
vn,cua nist,của nist,1.0000
vn,cua nuoc,của nước,1.0000
vn,cua pham,của phạm,1.0000
vn,cua phap,của pháp,0.9999
vn,cua phia,của phía,1.0000
vn,cua phien,của phiên,1.0000
vn,cua pho,của phó,1.0000
vn,cua phong,của phòng,0.9592
vn,cua phu,của phụ,1.0000
vn,cua phuong,của phương,0.9704
vn,cua pvn,của pvn,1.0000
vn,cua pvndb,của pvndb,1.0000
vn,cua qcvn,của qcvn,0.9545
vn,cua qua,của quá,1.0000
vn,cua quoc,của quốc,0.9782
vn,cua quyet,của quyết,1.0000
vn,cua ra,cửa ra,1.0000
vn,cua sang,của sáng,1.0000
vn,cua su,của sự,0.9412
vn,cua tac,của tác,1.0000
vn,cua tai,của tài,0.9983
vn,cua tap,của tập,0.9876
vn,cua tat,của tất,1.0000
vn,cua tau,của tàu,1.0000
vn,cua tcpht,của tcpht,1.0000
vn,cua tcttt,của tcttt,1.0000
vn,cua ten,của tên,1.0000
vn,cua thang,của tháng,1.0000
vn,cua thien,của thiên,1.0000
vn,cua thiet,của thiết,0.9747
vn,cua thoi,của thời,1.0000
vn,cua thu,của thủ,0.9813
vn,cua thua,của thửa,0.9926
vn,cua thue,của thuê,1.0000
vn,cua thuong,của thương,0.9135
vn,cua thutruong,của thủtrưởng,1.0000
vn,cua thutuong,của thủtướng,1.0000
vn,cua tien,của tiền,1.0000
vn,cua tinh,của tỉnh,0.9859
vn,cua to,của tổ,0.9980
vn,cua toan,của toàn,1.0000
vn,cua tong,của tổng,0.9982
vn,cua trang,của trang,1.0000
vn,cua tre,của trẻ,0.9512
vn,cua tro,của trò,1.0000
vn,cua tru,của trụ,0.9688
vn,cua trung,của trung,1.0000
vn,cua tthc,của tthc,1.0000
vn,cua tung,của từng,0.9961
vn,cua ubnd,của ubnd,1.0000
vn,cua ung,của ứng,1.0000
vn,cua uy,của ủy,0.9828
vn,cua van,của văn,0.9748
vn,cua vat,của vật,0.9444
vn,cua ve,cửa về,0.9808
vn,cua vi,của vị,0.9118
vn,cua viec,của việc,1.0000
vn,cua viet,của việt,1.0000
vn,cua vo,của vợ,1.0000
vn,cua von,của vốn,1.0000
vn,cua vong,của vòng,1.0000
vn,cua vu,của vụ,1.0000
vn,cua xa,của xã,1.0000
vn,cua xe,của xe,1.0000
vn,cua yeu,của yêu,1.0000
vn,cuc an,cục an,1.0000
vn,cuc buu,cục bưu,1.0000
vn,cuc canh,cục cảnh,1.0000
vn,cuc chan,cục chăn,1.0000
vn,cuc cntt,cục cntt,1.0000
vn,cuc cong,cục công,1.0000
vn,cuc dang,cục đăng,1.0000
vn,cuc den,cực đến,1.0000
vn,cuc dia,cục địa,1.0000
vn,cuc dieu,cục điều,1.0000
vn,cuc don,cục đơn,1.0000
vn,cuc giao,cục giáo,1.0000
vn,cuc hai,cục hải,1.0000
vn,cuc hang,cục hàng,0.9560
vn,cuc ke,cục kế,1.0000
vn,cuc kiem,cục kiểm,0.9917
vn,cuc kinh,cục kinh,0.9412
vn,cuc kstthc,cục kstthc,1.0000
vn,cuc lanh,cục lãnh,1.0000
vn,cuc nghiep,cục nghiệp,1.0000
vn,cuc phat,cục phát,1.0000
vn,cuc phong,cục phòng,1.0000
vn,cuc quan,cục quản,0.9466
vn,cuc so,cục sở,1.0000
vn,cuc tac,cục tác,1.0000
vn,cuc tan,cục tần,1.0000
vn,cuc tham,cực tham,0.9630
vn,cuc thanh,cục thanh,0.9306
vn,cuc thu,cục thú,0.9167
vn,cuc thuc,cực thực,1.0000
vn,cuc thue,cục thuế,0.9889
vn,cuc thuoc,cục thuộc,0.9091
vn,cuc thuong,cục thương,1.0000
vn,cuc thuy,cục thủy,0.9545
vn,cuc tieu,cục tiêu,1.0000
vn,cuc tin,cục tin,1.0000
vn,cuc trong,cục trồng,1.0000
vn,cuc truong,cục trưởng,1.0000
vn,cuc ung,cục ứng,1.0000
vn,cuc ve,cực về,1.0000
vn,cuc viec,cục việc,1.0000
vn,cuc vien,cục viễn,1.0000
vn,cuc xuat,cục xuất,1.0000
vn,cudi bodoi,cửđi bộđội,1.0000
vn,cuket quaxet,cứkết quảxét,1.0000
vn,cum cong,cụm công,1.0000
vn,cum khoi,cụm khối,1.0000
vn,cum lien,cụm liên,1.0000
vn,cum thi,cụm thi,1.0000
vn,cum tu,cụm từ,1.0000
vn,cung ben,cùng bên,1.0000
vn,cung cac,cùng các,0.9474
vn,cung cap,cung cấp,0.9645
vn,cung cau,cung cầu,1.0000
vn,cung cova,củng cốvà,1.0000
vn,cung cua,cùng của,0.9766
vn,cung dam,cùng đảm,1.0000
vn,cung dau,cùng đầu,1.0000
vn,cung doc,cứng độc,1.0000
vn,cung doi,cùng đối,1.0000
vn,cung he,cùng hệ,0.9091
vn,cung ho,cùng hồ,1.0000
vn,cung loai,cùng loại,1.0000
vn,cung mot,cùng một,1.0000
vn,cung nam,cùng năm,1.0000
vn,cung nhu,cũng như,0.9524
vn,cung nop,cùng nộp,1.0000
vn,cung phan,cứng phần,0.9878
vn,cung thoi,cùng thời,1.0000
vn,cung thuc,cùng thực,1.0000
vn,cung thuoc,cùng thuộc,0.9000
vn,cung tieu,cùng tiêu,0.9487
vn,cung tinh,cùng tính,1.0000
vn,cung toi,cùng tội,1.0000
vn,cung tra,cùng trả,1.0000
vn,cung ung,cung ứng,0.9993
vn,cung ve,cùng về,1.0000
vn,cung voi,cùng với,1.0000
vn,cuoc 1,cước 1,1.0000
vn,cuoc 2,cước 2,1.0000
vn,cuoc 3,cước 3,1.0000
vn,cuoc 4,cước 4,1.0000
vn,cuoc 5,cước 5,1.0000
vn,cuoc 6,cước 6,0.9000
vn,cuoc b,cước b,1.0000
vn,cuoc ban,cuộc bán,1.0000
vn,cuoc bi,cước bị,1.0000
vn,cuoc bo,cước bộ,1.0000
vn,cuoc c,cước c,1.0000
vn,cuoc can,cước căn,1.0000
vn,cuoc cap,cước cấp,0.9200
vn,cuoc cho,cước cho,1.0000
vn,cuoc cong,cước công,1.0000
vn,cuoc cua,cước của,0.9929
vn,cuoc da,cước đã,1.0000
vn,cuoc dau,cuộc đấu,0.9965
vn,cuoc dich,cước dịch,1.0000
vn,cuoc dien,cước điện,0.9933
vn,cuoc do,cước do,1.0000
vn,cuoc doi,cước đối,0.9773
vn,cuoc duoc,cước được,1.0000
vn,cuoc giay,cước giấy,1.0000
vn,cuoc goi,cuộc gọi,0.9841
vn,cuoc he,cước hệ,1.0000
vn,cuoc hoac,cước hoặc,0.9684
vn,cuoc hoi,cuộc hội,1.0000
vn,cuoc hop,cuộc họp,1.0000
vn,cuoc khi,cước khi,1.0000
vn,cuoc la,cước là,1.0000
vn,cuoc noi,cước nơi,0.9231
vn,cuoc phai,cước phải,0.9286
vn,cuoc phi,cước phí,1.0000
vn,cuoc quy,cước quy,1.0000
vn,cuoc sau,cước sau,1.0000
vn,cuoc so,cước số,1.0000
vn,cuoc tai,cước tại,0.9412
vn,cuoc tan,cuộc tấn,1.0000
vn,cuoc theo,cước theo,1.0000
vn,cuoc thong,cước thông,1.0000
vn,cuoc thuc,cước thực,1.0000
vn,cuoc trong,cước trong,1.0000
vn,cuoc va,cước và,1.0000
vn,cuoc vien,cước viễn,1.0000
vn,cuoc xay,cuộc xây,0.9821
vn,cuoi bang,cuối bằng,1.0000
vn,cuoi cho,cuối cho,1.0000
vn,cuoi cua,cuối của,1.0000
vn,cuoi cung,cuối cùng,1.0000
vn,cuoi gan,cuối gắn,1.0000
vn,cuoi ky,cuối kỳ,1.0000
vn,cuoi la,cuối là,1.0000
vn,cuoi nam,cuối năm,1.0000
vn,cuoi ngay,cuối ngày,1.0000
vn,cuoi theo,cuối theo,1.0000
vn,cuoi thong,cuối thông,1.0000
vn,cuoi thuc,cuối thực,1.0000
vn,cuoi thue,cuối thuê,1.0000
vn,cuoi tuan,cuối tuần,1.0000
vn,cuoi va,cuối và,1.0000
vn,cuong can,cường cán,1.0000
vn,cuong che,cưỡng chế,1.0000
vn,cuong do,cường độ,1.0000
vn,cuong ep,cưỡng ép,1.0000
vn,cuong hop,cường hợp,1.0000
vn,cuong kha,cường khả,1.0000
vn,cuong nang,cường năng,1.0000
vn,cuong va,cương và,0.9831
vn,cuop tai,cướp tài,1.0000
vn,cuthe danh,cụthể danh,1.0000
vn,cuthe i,cụthể i,1.0000
vn,cuthecua thutuc,cụthểcủa thủtục,1.0000
vn,cuthecua tung,cụthểcủa từng,1.0000
vn,cuu ban,cứu ban,1.0000
vn,cuu cac,cứu các,1.0000
vn,cuu cua,cứu của,1.0000
vn,cuu da,cứu đã,1.0000
vn,cuu duoc,cứu được,1.0000
vn,cuu giai,cứu giải,1.0000
vn,cuu kha,cứu khả,1.0000
vn,cuu khac,cứu khắc,1.0000
vn,cuu khai,cứu khai,1.0000
vn,cuu khan,cứu khẩn,1.0000
vn,cuu khoa,cứu khoa,1.0000
vn,cuu lam,cứu làm,1.0000
vn,cuu lich,cứu lịch,1.0000
vn,cuu long,cửu long,1.0000
vn,cuu nan,cứu nạn,1.0000
vn,cuu nguoi,cứu người,1.0000
vn,cuu phan,cứu phân,1.0000
vn,cuu phat,cứu phát,1.0000
vn,cuu quoc,cứu quốc,1.0000
vn,cuu san,cứu sản,1.0000
vn,cuu sinh,cứu sinh,1.0000
vn,cuu su,cứu sự,0.9869
vn,cuu sua,cứu sửa,1.0000
vn,cuu theo,cứu theo,1.0000
vn,cuu thong,cứu thông,0.9796
vn,cuu tien,cứu tiền,0.9091
vn,cuu trach,cứu trách,1.0000
vn,cuu trien,cứu triển,1.0000
vn,cuu tro,cứu trợ,1.0000
vn,cuu trong,cứu trong,1.0000
vn,cuu ung,cứu ứng,1.0000
vn,cuu va,cứu và,1.0000
vn,cuu xay,cứu xây,1.0000
vn,cuu xu,cứu xử,1.0000
vn,d da,d đã,0.9286
vn,d e,đ e,0.9130
vn,d h,đ h,0.9048
vn,d la,d là,0.9286
vn,d tap,d tập,1.0000
vn,d thuyet,d thuyết,0.9091
vn,d tich,d tịch,0.9155
vn,da 01,đa 01,1.0000
vn,da 02,đa 02,0.9500
vn,da 03,đa 03,1.0000
vn,da 05,đa 05,1.0000
vn,da 06,đa 06,1.0000
vn,da 1,đa 1,0.9032
vn,da 10,đa 10,1.0000
vn,da 100,đa 100,1.0000
vn,da 12,đa 12,1.0000
vn,da 15,đa 15,1.0000
vn,da 30,đa 30,1.0000
vn,da 50,đa 50,1.0000
vn,da bang,đa bằng,1.0000
vn,da bi,đã bị,0.9920
vn,da biet,đã biết,1.0000
vn,da bu,đã bù,1.0000
vn,da buoc,đa buộc,0.9840
vn,da cam,đã cam,0.9011
vn,da cha,đã chà,1.0000
vn,da cham,đã chấm,0.9524
vn,da chap,đã chấp,1.0000
vn,da chet,đã chết,1.0000
vn,da chia,đã chia,1.0000
vn,da chu,đã chủ,1.0000
vn,da chuyen,đã chuyển,1.0000
vn,da co,đã có,0.9824
vn,da cong,đã công,0.9747
vn,da cua,đa của,0.9853
vn,da cung,đã cung,0.9239
vn,da dau,đã đầu,0.9532
vn,da day,đã đầy,0.9474
vn,da den,đa đến,0.9286
vn,da dieu,đã điều,0.9565
vn,da doc,đã đọc,1.0000
vn,da doi,đa đối,0.9184
vn,da dua,đã đưa,1.0000
vn,da duoc,đã được,0.9872
vn,da duyet,đã duyệt,1.0000
vn,da gay,đã gây,1.0000
vn,da ghi,đã ghi,1.0000
vn,da giai,đã giải,1.0000
vn,da giam,đã giảm,1.0000
vn,da giao,đã giao,0.9907
vn,da gop,đã góp,1.0000
vn,da gui,đã gửi,1.0000
vn,da hach,đã hạch,1.0000
vn,da het,đã hết,0.9934
vn,da hoan,đã hoàn,1.0000
vn,da huy,đã hủy,0.9231
vn,da ke,đã kê,0.9836
vn,da ket,đã kết,1.0000
vn,da khai,đã khai,1.0000
vn,da khau,đã khấu,1.0000
vn,da khong,đa không,0.9529
vn,da kiem,đã kiểm,1.0000
vn,da ky,đã ký,0.9981
vn,da la,đa là,0.9512
vn,da lap,đã lập,0.9123
vn,da lien,đã liên,1.0000
vn,da loai,đã loại,0.9000
vn,da luu,đã lưu,1.0000
vn,da mau,đa màu,1.0000
vn,da mo,đã mở,0.9091
vn,da mua,đã mua,1.0000
vn,da nang,đà nẵng,0.9412
vn,da nghiem,đã nghiệm,1.0000
vn,da nghihuu,đã nghỉhưu,1.0000
vn,da nguy,dã nguy,1.0000
vn,da nhan,đã nhận,0.9237
vn,da nhap,đã nhập,1.0000
vn,da niem,đã niêm,1.0000
vn,da nop,đã nộp,1.0000
vn,da nung,đã nung,1.0000
vn,da ong,đá ong,1.0000
vn,da phe,đã phê,1.0000
vn,da phien,đá phiến,1.0000
vn,da phuong,đa phương,1.0000
vn,da quyet,đã quyết,1.0000
vn,da ra,đã ra,1.0000
vn,da san,đã sản,0.9375
vn,da string,đa string,0.9375
vn,da su,đã sử,0.9684
vn,da tam,đã tạm,0.9565
vn,da tay,đã tẩy,1.0000
vn,da thay,đã thay,1.0000
vn,da theo,đa theo,0.9091
vn,da thu,đã thu,0.9569
vn,da thuc,đã thực,1.0000
vn,da thue,đã thuê,1.0000
vn,da tiep,đã tiếp,1.0000
vn,da to,đã tổ,0.9697
vn,da tra,đã trả,0.9854
vn,da trich,đã trích,1.0000
vn,da trien,đã triển,1.0000
vn,da trinh,đã trình,1.0000
vn,da trong,đa trong,0.9091
vn,da tru,đã trừ,0.9000
vn,da tung,đã từng,1.0000
vn,da viec,đa việc,1.0000
vn,da voi,đá vôi,0.9630
vn,da x,đa x,0.9636
vn,da xac,đã xác,1.0000
vn,da xu,đã xử,1.0000
vn,da xuat,đã xuất,1.0000
vn,dac ban,đạc bản,1.0000
vn,dac biet,đặc biệt,1.0000
vn,dac cach,đặc cách,1.0000
vn,dac chung,đặc chủng,1.0000
vn,dac diem,đặc điểm,0.9571
vn,dac dung,đặc dụng,1.0000
vn,dac khu,đặc khu,1.0000
vn,dac lap,đạc lập,1.0000
vn,dac nhiem,đặc nhiệm,1.0000
vn,dac quyen,đặc quyền,1.0000
vn,dac ta,đặc tả,1.0000
vn,dac thu,đặc thù,0.9861
vn,dac tinh,đặc tính,1.0000
vn,dac trung,đặc trưng,1.0000
vn,dac va,đạc và,1.0000
vn,dai 0,đãi 0,0.9677
vn,dai 1,đai 1,0.9880
vn,dai 2,đai 2,0.9778
vn,dai 3,đai 3,0.9375
vn,dai 4,đai 4,0.9474
vn,dai 5,đai 5,0.9615
vn,dai 6,đai 6,0.9167
vn,dai a,đai a,0.9333
vn,dai bat,dài bắt,0.9487
vn,dai buoc,dài buộc,0.9859
vn,dai ca,đai cả,0.9730
vn,dai cac,đai các,0.9048
vn,dai cap,đai cấp,0.9603
vn,dai chung,đại chúng,0.9836
vn,dai chuyen,đai chuyên,0.9000
vn,dai da,đai đã,0.9200
vn,dai dac,đãi đặc,1.0000
vn,dai danh,đãi danh,0.9375
vn,dai dau,đãi đầu,0.9744
vn,dai de,đai để,0.9184
vn,dai dien,đại diện,0.9669
vn,dai do,đai do,0.9737
vn,dai doan,đại đoàn,1.0000
vn,dai du,đai dữ,0.9787
vn,dai duoc,đai được,0.9292
vn,dai han,dài hạn,1.0000
vn,dai hoc,đại học,0.9986
vn,dai hoi,đại hội,1.0000
vn,dai hon,dài hơn,1.0000
vn,dai kiem,đai kiểm,0.9474
vn,dai lan,đai lần,1.0000
vn,dai lap,đai lập,1.0000
vn,dai ly,đại lý,1.0000
vn,dai mien,đãi miễn,1.0000
vn,dai nam,đai năm,0.9545
vn,dai nen,đai nền,0.9683
vn,dai ngo,đãi ngộ,1.0000
vn,dai nhap,đai nhập,1.0000
vn,dai nhom,đai nhóm,0.9167
vn,dai nuoc,đãi nước,1.0000
vn,dai o,đai ở,1.0000
vn,dai phai,đai phải,1.0000
vn,dai phap,đai pháp,1.0000
vn,dai phat,đài phát,0.9630
vn,dai phi,đai phi,0.9917
vn,dai rieng,đãi riêng,0.9615
vn,dai stt,dài stt,0.9839
vn,dai tai,đai tài,0.9168
vn,dai tham,dài tham,0.9524
vn,dai thi,đai thì,0.9208
vn,dai thoi,dài thời,0.9885
vn,dai thuc,đai thực,0.9895
vn,dai thue,đãi thuế,0.9765
vn,dai tieng,đài tiếng,1.0000
vn,dai toi,dài tối,0.9627
vn,dai truong,dài trường,0.9337
vn,dai truyen,đài truyền,1.0000
vn,dai ung,dài ứng,1.0000
vn,dai viec,đai việc,1.0000
vn,dai vo,đài vô,1.0000
vn,dam an,đảm an,1.0000
vn,dam bao,đảm bảo,0.9951
vn,dam bi,đảm bí,0.9315
vn,dam boi,đảm bởi,1.0000
vn,dam bu,đảm bù,1.0000
vn,dam cac,đảm các,0.9949
vn,dam chat,đảm chất,0.9677
vn,dam chinh,đảm chính,1.0000
vn,dam cho,đảm cho,0.9479
vn,dam cua,đảm của,1.0000
vn,dam dap,đảm đáp,1.0000
vn,dam day,đảm đầy,1.0000
vn,dam de,đảm để,0.9167
vn,dam dieu,đảm điều,1.0000
vn,dam dong,đảm đồng,0.9286
vn,dam dung,đảm đúng,0.9189
vn,dam duy,đảm duy,1.0000
vn,dam gay,đắm gây,1.0000
vn,dam gia,đảm giá,1.0000
vn,dam giao,đảm giao,1.0000
vn,dam gom,đắm gồm,0.9744
vn,dam ha,đảm hạ,1.0000
vn,dam hang,đảm hàng,1.0000
vn,dam he,đảm hệ,1.0000
vn,dam hieu,đảm hiệu,1.0000
vn,dam hoat,đảm hoạt,1.0000
vn,dam ket,đảm kết,1.0000
vn,dam kha,đảm khả,1.0000
vn,dam kinh,đảm kinh,1.0000
vn,dam loi,đảm lợi,1.0000
vn,dam luu,đảm lưu,1.0000
vn,dam may,đám mây,1.0000
vn,dam mot,đảm một,1.0000
vn,dam ngan,đảm ngân,0.9091
vn,dam nghia,đảm nghĩa,1.0000
vn,dam nguon,đảm nguồn,1.0000
vn,dam nguyen,đảm nguyên,1.0000
vn,dam nhiem,đảm nhiệm,1.0000
vn,dam phoi,đảm phối,0.9091
vn,dam phu,đảm phù,0.9915
vn,dam quoc,đảm quốc,1.0000
vn,dam quyen,đảm quyền,1.0000
vn,dam thiet,đảm thiết,1.0000
vn,dam thoai,đàm thoại,1.0000
vn,dam thoi,đảm thời,0.9500
vn,dam thuc,đảm thực,0.9684
vn,dam tiet,đảm tiết,1.0000
vn,dam tieu,đảm tiêu,1.0000
vn,dam tinh,đảm tính,0.9925
vn,dam toan,đảm toàn,1.0000
vn,dam toi,đảm tối,1.0000
vn,dam tot,đảm tốt,1.0000
vn,dam trat,đảm trật,1.0000
vn,dam truong,đắm trường,0.9231
vn,dam tuan,đảm tuân,1.0000
vn,dam tuyet,đảm tuyệt,1.0000
vn,dam viec,đảm việc,0.9304
vn,dam xac,đảm xác,0.9167
vn,dam xu,đảm xử,1.0000
vn,dam yeu,đảm yêu,0.9737
vn,dan 09,dân 09,1.0000
vn,dan 1,dân 1,0.9187
vn,dan 12,dân 12,1.0000
vn,dan 2,dân 2,0.9333
vn,dan 3,dân 3,0.9082
vn,dan 4,dân 4,0.9259
vn,dan 5,dân 5,0.9130
vn,dan 6,dân 6,0.9310
vn,dan 7,dân 7,1.0000
vn,dan 9,dân 9,1.0000
vn,dan b,dân b,0.9574
vn,dan bi,dân bị,1.0000
vn,dan c,dân c,1.0000
vn,dan cap,dân cấp,0.9973
vn,dan chieu,dẫn chiếu,1.0000
vn,dan chu,dân chủ,0.9300
vn,dan chua,dân chưa,1.0000
vn,dan chuoco,dân chủởcơ,1.0000
vn,dan cu,dân cư,0.9122
vn,dan da,dân đã,1.0000
vn,dan dau,dẫn đầu,1.0000
vn,dan den,dẫn đến,0.9036
vn,dan doi,dân đối,0.9563
vn,dan duoi,dẫn dưới,1.0000
vn,dan duong,dẫn đường,1.0000
vn,dan gian,dân gian,1.0000
vn,dan giau,dân giàu,1.0000
vn,dan gom,dân gồm,1.0000
vn,dan gui,dân gửi,0.9643
vn,dan hien,dẫn hiện,0.9167
vn,dan hoac,dân hoặc,0.9151
vn,dan hoc,dẫn học,0.9091
vn,dan huyen,dân huyện,1.0000
vn,dan ket,dẫn kết,0.9737
vn,dan khach,dẫn khách,1.0000
vn,dan khi,dân khi,0.9714
vn,dan khu,dân khu,1.0000
vn,dan kiem,dẫn kiểm,0.9193
vn,dan kip,dẫn kịp,1.0000
vn,dan kythuat,dẫn kỹthuật,1.0000
vn,dan luat,dẫn luật,1.0000
vn,dan luc,dân lực,1.0000
vn,dan mot,dẫn một,1.0000
vn,dan nghiep,dẫn nghiệp,1.0000
vn,dan niu,dân niu,1.0000
vn,dan nop,dân nộp,0.9000
vn,dan phai,dân phải,0.9184
vn,dan si,dân sĩ,1.0000
vn,dan so,dân số,0.9231
vn,dan su,dân sự,0.9587
vn,dan tap,dẫn tập,1.0000
vn,dan tau,dẫn tàu,1.0000
vn,dan thanh,dân thành,0.9020
vn,dan theo,dân theo,0.9028
vn,dan thi,dẫn thi,0.9040
vn,dan thuong,dân thường,0.9000
vn,dan tinh,dân tỉnh,0.9892
vn,dan toc,dân tộc,0.9960
vn,dan toi,dân tối,0.9162
vn,dan trien,dẫn triển,1.0000
vn,dan tru,dân trừ,1.0000
vn,dan truong,dân trường,0.9020
vn,dan viec,dẫn việc,0.9239
vn,dan viet,dân việt,0.9964
vn,dan voi,dân với,0.9000
vn,dan xa,dân xã,1.0000
vn,dan xac,dẫn xác,0.9091
vn,dang 1,đảng 1,0.9545
vn,dang 2,đảng 2,0.9747
vn,dang 3,đảng 3,0.9718
vn,dang 4,đảng 4,0.9231
vn,dang 5,đảng 5,0.9118
vn,dang a,đảng a,1.0000
vn,dang bi,đang bị,0.9796
vn,dang bico,đang bịcơ,1.0000
vn,dang binh,dâng bình,0.9722
vn,dang bot,dạng bột,0.9600
vn,dang chap,đang chấp,1.0000
vn,dang chinh,đảng chính,0.9917
vn,dang chung,dạng chứng,0.9722
vn,dang con,đang còn,0.9231
vn,dang cuon,dạng cuộn,1.0000
vn,dang dat,đang đặt,0.9231
vn,dang day,dạng đầy,0.9048
vn,dang ddmmyyyy,dạng ddmmyyyy,1.0000
vn,dang diem,dạng điểm,1.0000
vn,dang dieu,đang điều,1.0000
vn,dang do,dạng đo,0.9293
vn,dang doan,đảng đoàn,1.0000
vn,dang don,đảng đơn,1.0000
vn,dang du,dạng dữ,0.9658
vn,dang dua,dạng dựa,1.0000
vn,dang duong,dạng đường,0.9851
vn,dang giay,dạng giấy,1.0000
vn,dang giu,đang giữ,1.0000
vn,dang hinh,dạng hình,1.0000
vn,dang hoat,đang hoạt,1.0000
vn,dang json,dạng json,1.0000
vn,dang ke,đáng kể,0.9697
vn,dang khoi,dạng khối,1.0000
vn,dang ki,đăng kí,1.0000
vn,dang kiem,đăng kiểm,0.9105
vn,dang ky,đăng ký,0.9959
vn,dang lam,đang làm,1.0000
vn,dang nam,đang nắm,1.0000
vn,dang nghe,đẳng nghề,0.9944
vn,dang ngo,đáng ngờ,0.9899
vn,dang nha,đảng nhà,0.9732
vn,dang nhap,đăng nhập,0.9944
vn,dang pdf,dạng pdf,1.0000
vn,dang phai,đảng phải,0.9333
vn,dang phap,đảng pháp,1.0000
vn,dang quan,đang quản,0.9551
vn,dang quyet,đảng quyết,0.9667
vn,dang rui,dạng rủi,1.0000
vn,dang tai,đăng tải,0.9154
vn,dang tep,dạng tệp,1.0000
vn,dang thoi,dạng thỏi,1.0000
vn,dang thue,đang thuê,1.0000
vn,dang tren,đăng trên,0.9048
vn,dang trien,đang triển,1.0000
vn,dang tro,đẳng trở,1.0000
vn,dang uy,đảng ủy,1.0000
vn,dang vao,đảng vào,1.0000
vn,dang vo,dạng vô,1.0000
vn,dang vung,dạng vùng,1.0000
vn,dang xem,đang xem,1.0000
vn,dang y,đẳng y,1.0000
vn,danh ba,danh bạ,1.0000
vn,danh bac,đánh bạc,1.0000
vn,danh bien,danh biên,1.0000
vn,danh bong,đánh bóng,1.0000
vn,danh ca,danh cá,0.9970
vn,danh cap,đánh cắp,0.9730
vn,danh chi,danh chỉ,1.0000
vn,danh cho,dành cho,0.9714
vn,danh chu,danh chủ,0.9600
vn,danh chuc,danh chức,1.0000
vn,danh cong,danh công,1.0000
vn,danh cua,danh của,0.9932
vn,danh da,danh đã,1.0000
vn,danh dao,danh đạo,1.0000
vn,danh dau,đánh dấu,1.0000
vn,danh dien,danh điện,0.9982
vn,danh doi,danh đối,1.0000
vn,danh du,danh dự,0.9352
vn,danh duoc,danh được,1.0000
vn,danh gia,đánh giá,0.9993
vn,danh hang,danh hạng,1.0000
vn,danh hanh,danh hành,1.0000
vn,danh hieu,danh hiệu,1.0000
vn,danh hoac,danh hoặc,1.0000
vn,danh khac,danh khác,1.0000
vn,danh khach,danh khách,0.9730
vn,danh khong,danh không,1.0000
vn,danh la,danh là,1.0000
vn,danh lanh,danh lãnh,1.0000
vn,danh mao,danh mạo,1.0000
vn,danh muc,danh mục,0.9994
vn,danh nang,danh năng,1.0000
vn,danh ngay,danh ngày,1.0000
vn,danh nghe,danh nghề,1.0000
vn,danh nghia,danh nghĩa,1.0000
vn,danh nghien,danh nghiên,1.0000
vn,danh nguoi,danh người,1.0000
vn,danh nha,danh nhà,1.0000
vn,danh nhan,danh nhân,0.9762
vn,danh phan,danh phần,0.9091
vn,danh phong,danh phóng,1.0000
vn,danh quan,danh quản,1.0000
vn,danh quoc,danh quốc,1.0000
vn,danh rieng,dành riêng,1.0000
vn,danh roi,đánh rơi,1.0000
vn,danh sach,danh sách,0.9978
vn,danh so,đánh số,0.9000
vn,danh thua,danh thửa,1.0000
vn,danh thue,danh thuê,0.9667
vn,danh thuoc,danh thuộc,1.0000
vn,danh tieng,danh tiếng,1.0000
vn,danh tinh,danh tính,1.0000
vn,danh to,danh tổ,1.0000
vn,danh tong,danh tổng,1.0000
vn,danh tuong,danh tương,1.0000
vn,danh va,danh và,1.0000
vn,dao ban,đạo ban,0.9655
vn,dao bo,đạo bộ,1.0000
vn,dao cac,đạo các,0.9925
vn,dao cap,đạo cấp,0.9200
vn,dao chidao,đạo chỉđạo,1.0000
vn,dao chiem,đảo chiếm,1.0000
vn,dao chu,đạo chủ,1.0000
vn,dao chuong,đạo chương,1.0000
vn,dao co,đạo cơ,0.9134
vn,dao cong,đạo công,1.0000
vn,dao cua,đạo của,0.9565
vn,dao dang,đạo đảng,1.0000
vn,dao dien,đạo diễn,1.0000
vn,dao dieu,đạo điều,0.9833
vn,dao doanh,đạo doanh,1.0000
vn,dao don,đạo đơn,0.9070
vn,dao duc,đạo đức,1.0000
vn,dao gian,đảo gian,1.0000
vn,dao hoat,đạo hoạt,1.0000
vn,dao huong,đạo hướng,1.0000
vn,dao iv,đạo iv,1.0000
vn,dao kiem,đạo kiểm,1.0000
vn,dao luu,đạo luu,0.9802
vn,dao minh,đào minh,1.0000
vn,dao ngan,đạo ngân,1.0000
vn,dao nhnn,đạo nhnn,1.0000
vn,dao phat,đạo phát,1.0000
vn,dao phong,đạo phòng,1.0000
vn,dao quan,đạo quản,0.9355
vn,dao quoc,đạo quốc,1.0000
vn,dao ra,đạo rà,0.9375
vn,dao so,đạo sở,1.0000
vn,dao tao,đào tạo,1.0000
vn,dao thuc,đạo thực,1.0000
vn,dao to,đạo tổ,1.0000
vn,dao trong,đạo trong,0.9062
vn,dao ung,đạo ứng,1.0000
vn,dao vi,đảo vi,1.0000
vn,dao viec,đạo việc,1.0000
vn,dao vung,đảo vùng,1.0000
vn,dap bang,đắp bằng,1.0000
vn,dap chi,đắp chi,1.0000
vn,dap dang,đập dâng,1.0000
vn,dap du,đắp đủ,1.0000
vn,dap khoan,đắp khoản,1.0000
vn,dap lo,đắp lỗ,1.0000
vn,dap thieu,đắp thiếu,1.0000
vn,dap thong,đáp thông,1.0000
vn,dap thuy,đập thủy,1.0000
vn,dap trong,đáp trong,1.0000
vn,dap ung,đáp ứng,0.9996
vn,dap vuong,đáp vướng,1.0000
vn,dat 01,đất 01,1.0000
vn,dat 1,đất 1,0.9905
vn,dat 2,đất 2,1.0000
vn,dat 3,đất 3,1.0000
vn,dat 4,đất 4,0.9184
vn,dat 5,đất 5,1.0000
vn,dat 6,đất 6,1.0000
vn,dat 7,đất 7,1.0000
vn,dat 9,đất 9,1.0000
vn,dat a,đất a,0.9636
vn,dat atm,đặt atm,1.0000
vn,dat b,đất b,1.0000
vn,dat bang,đất bằng,0.9062
vn,dat ben,đặt bên,0.9375
vn,dat bi,đất bị,1.0000
vn,dat c,đất c,0.9444
vn,dat ca,đất cả,1.0000
vn,dat canh,đặt canh,1.0000
vn,dat cho,đất cho,0.9925
vn,dat chu,đất chủ,0.9739
vn,dat chua,đất chưa,0.9016
vn,dat chuyen,đất chuyển,0.9676
vn,dat con,đất còn,1.0000
vn,dat cua,đất của,0.9909
vn,dat da,đất đã,0.9870
vn,dat dai,đất đai,0.9959
vn,dat dang,đất đang,0.9340
vn,dat danh,đạt danh,0.9091
vn,dat de,đất để,0.9463
vn,dat dich,đất dịch,1.0000
vn,dat dientich,đất dientich,1.0000
vn,dat dieu,đất điều,0.9774
vn,dat dinh,đất định,1.0000
vn,dat doi,đất đối,0.9519
vn,dat don,đất đơn,1.0000
vn,dat dong,đất đồng,0.9500
vn,dat gan,đất gắn,0.9610
vn,dat giai,đạt giải,1.0000
vn,dat giao,đất giao,1.0000
vn,dat giay,đất giấy,1.0000
vn,dat giu,đất giữ,1.0000
vn,dat goc,đất gốc,1.0000
vn,dat gom,đất gồm,1.0000
vn,dat gui,đất gửi,1.0000
vn,dat hang,đặt hàng,0.9741
vn,dat hien,đất hiện,0.9767
vn,dat hieu,đạt hiệu,1.0000
vn,dat hinh,đất hình,1.0000
vn,dat hoac,đất hoặc,0.9163
vn,dat hop,đất hợp,0.9322
vn,dat khac,đất khác,0.9091
vn,dat khi,đất khi,0.9882
vn,dat khoanhdatdieutraid,đất khoanhdatdieutraid,1.0000
vn,dat khong,đất không,0.9628
vn,dat khu,đất khu,1.0000
vn,dat kiem,đất kiểm,0.9091
vn,dat la,đất là,0.9927
vn,dat lan,đất lần,0.9688
vn,dat lap,đất lập,1.0000
vn,dat lien,đất liền,0.9884
vn,dat man,đặt màn,1.0000
vn,dat may,đặt máy,1.0000
vn,dat mua,đặt mua,0.9130
vn,dat nang,đạt năng,1.0000
vn,dat nay,đất này,0.9091
vn,dat neu,đất nếu,0.9000
vn,dat nguoi,đất người,0.9767
vn,dat nguon,đất nguồn,0.9167
vn,dat nguyen,đất nguyên,1.0000
vn,dat nha,đất nhà,1.0000
vn,dat nhom,đất nhóm,1.0000
vn,dat nhu,đất như,0.9583
vn,dat nhung,đất nhưng,0.9429
vn,dat nong,đất nông,1.0000
vn,dat nop,đất nộp,1.0000
vn,dat nuoc,đất nước,1.0000
vn,dat on,đất ổn,1.0000
vn,dat pc,đất pc,1.0000
vn,dat phai,đất phải,0.9783
vn,dat phi,đất phi,0.9500
vn,dat phieu,đất phiếu,1.0000
vn,dat phuc,đất phục,1.0000
vn,dat quan,đất quản,0.9762
vn,dat quoc,đất quốc,1.0000
vn,dat quy,đất quy,1.0000
vn,dat quyen,đất quyền,0.9983
vn,dat quyet,đất quyết,1.0000
vn,dat rung,đất rừng,1.0000
vn,dat sau,đất sau,1.0000
vn,dat set,đất sét,1.0000
vn,dat sothutukhoanh,đất sothutukhoanh,1.0000
vn,dat sothutukhoanhdat,đất sothutukhoanhdat,1.0000
vn,dat tenkhoanh,đất tenkhoanh,1.0000
vn,dat thay,đặt thay,0.9091
vn,dat them,đặt thêm,1.0000
vn,dat theo,đất theo,0.9858
vn,dat thi,đất thì,0.9922
vn,dat thoai,đất thoái,1.0000
vn,dat thoi,đất thời,1.0000
vn,dat thu,đất thu,1.0000
vn,dat thua,đất thửa,1.0000
vn,dat thuc,đất thực,0.9479
vn,dat thuoc,đất thuộc,0.9915
vn,dat tiem,đất tiềm,1.0000
vn,dat tieu,đạt tiêu,0.9459
vn,dat tra,đất trả,0.9792
vn,dat trinh,đất trình,0.9048
vn,dat truong,đất trường,0.9941
vn,dat ty,đạt tỷ,1.0000
vn,dat va,đất và,0.9188
vn,dat ve,đất về,0.9667
vn,dat viec,đất việc,1.0000
vn,dat voi,đất với,0.9556
vn,dat vung,đất vùng,1.0000
vn,dat xac,đất xác,0.9487
vn,dat xe,đất xe,1.0000
vn,dat xem,đất xem,1.0000
vn,dat yeu,đạt yêu,0.9844
vn,data ten,data tên,1.0000
vn,date la,date là,1.0000
vn,date ngay,date ngày,0.9286
vn,dau 10,dấu 10,1.0000
vn,dau 18,dấu 18,1.0000
vn,dau b,đầu b,0.9032
vn,dau bang,đầu bằng,1.0000
vn,dau bo,đầu bộ,0.9296
vn,dau but,dấu bút,1.0000
vn,dau cham,dấu chấm,1.0000
vn,dau con,dâu con,0.9091
vn,dau cuoi,đầu cuối,1.0000
vn,dau don,đầu đơn,0.9767
vn,dau dong,đầu dòng,0.9268
vn,dau ghi,dấu ghi,0.9677
vn,dau gia,đấu giá,0.9979
vn,dau giap,dấu giáp,1.0000
vn,dau hieu,dấu hiệu,0.9632
vn,dau hoat,đầu hoạt,1.0000
vn,dau hop,dấu hợp,0.9487
vn,dau khoan,đầu khoản,1.0000
vn,dau loai,đầu loại,0.9000
vn,dau lpg,dầu lpg,1.0000
vn,dau ma,đầu mà,0.9167
vn,dau mau,dấu mẫu,0.9167
vn,dau moi,đầu mối,0.9900
vn,dau nam,đầu năm,1.0000
vn,dau neu,dấu nếu,0.9773
vn,dau nganh,đầu ngành,1.0000
vn,dau phay,dấu phẩy,0.9200
vn,dau phong,đầu phong,0.9737
vn,dau phuc,đấu phục,1.0000
vn,dau ra,đầu ra,1.0000
vn,dau rieng,dấu riêng,1.0000
vn,dau sau,đầu sau,0.9167
vn,dau so,đầu số,0.9545
vn,dau thau,đấu thầu,0.9957
vn,dau thiet,đầu thiết,1.0000
vn,dau tho,dầu thô,1.0000
vn,dau thuc,đầu thực,0.9444
vn,dau tien,đầu tiên,0.9854
vn,dau tinh,đầu tính,1.0000
vn,dau to,đầu tổ,1.0000
vn,dau toan,đầu toàn,1.0000
vn,dau tranh,đấu tranh,0.9625
vn,dau tu,đầu tư,0.9956
vn,dau xac,dấu xác,0.9643
vn,dau xu,đầu xử,1.0000
vn,day 1,đây 1,0.9825
vn,day 18,đây 18,1.0000
vn,day 2,đây 2,1.0000
vn,day 27,đây 27,1.0000
vn,day 3,đây 3,1.0000
vn,day 4,đây 4,1.0000
vn,day 5,đây 5,0.9615
vn,day 6,đây 6,1.0000
vn,day 7,đây 7,1.0000
vn,day 9,đây 9,1.0000
vn,day a,đây a,1.0000
vn,day b,đây b,0.9947
vn,day bien,đáy biển,0.9000
vn,day c,đây c,1.0000
vn,day cap,dây cáp,0.9737
vn,day de,đây để,0.9459
vn,day du,đầy đủ,0.9984
vn,day duoc,đây được,0.9969
vn,day e,đây e,1.0000
vn,day g,đây g,1.0000
vn,day goi,đây gọi,1.0000
vn,day h,đây h,1.0000
vn,day he,đây hệ,1.0000
vn,day het,đây hết,1.0000
vn,day i,đây i,1.0000
vn,day k,đây k,1.0000
vn,day khi,đây khi,1.0000
vn,day ky,dãy ký,0.9083
vn,day l,đây l,1.0000
vn,day la,đây là,0.9750
vn,day lap,đây lập,1.0000
vn,day m,đây m,1.0000
vn,day manh,đẩy mạnh,1.0000
vn,day n,đây n,1.0000
vn,day nghe,dạy nghề,1.0000
vn,day nham,đây nhằm,1.0000
vn,day nong,dây nóng,1.0000
vn,day phat,đẩy phát,0.9655
vn,day so,dãy số,1.0000
vn,day tangday,dày tangday,1.0000
vn,day ten,đây tên,1.0000
vn,day theo,đây theo,0.9130
vn,day thi,đây thì,1.0000
vn,day tochuc,dạy tổchức,1.0000
vn,day trai,đây trái,1.0000
vn,day trong,đây trong,0.9911
vn,day tru,đây trừ,0.9118
vn,day tu,dày từ,1.0000
vn,day ve,đây về,0.9000
vn,day viet,đây viết,1.0000
vn,day wlan,dây wlan,1.0000
vn,dbc o,dbc ở,1.0000
vn,dbc tai,dbc tại,1.0000
vn,ddmmyyyy dang,ddmmyyyy dạng,0.9286
vn,ddmmyyyy ngay,ddmmyyyy ngày,1.0000
vn,de 2,đề 2,0.9286
vn,de a,để a,0.9062
vn,de an,đề án,0.9981
vn,de ap,để áp,1.0000
vn,de b,để b,0.9219
vn,de biet,để biết,0.9688
vn,de bu,để bù,0.9825
vn,de cac,để các,0.9394
vn,de cha,đẻ cha,1.0000
vn,de chay,dễ cháy,1.0000
vn,de chia,để chia,1.0000
vn,de chiem,để chiếm,1.0000
vn,de cho,để cho,0.9550
vn,de chon,để chọn,1.0000
vn,de chu,để chủ,1.0000
vn,de chung,để chứng,0.9091
vn,de chuyen,để chuyển,0.9793
vn,de cong,để công,0.9351
vn,de cuong,đề cương,1.0000
vn,de dam,để đảm,0.9973
vn,de danh,để đánh,0.9904
vn,de dap,để đáp,0.9683
vn,de doa,đe dọa,0.9538
vn,de doanh,để doanh,1.0000
vn,de doi,để đối,0.9011
vn,de dua,để đưa,1.0000
vn,de duoc,để được,0.9399
vn,de duy,để duy,0.9792
vn,de ghi,để ghi,0.9890
vn,de giai,để giải,1.0000
vn,de giao,để giao,0.9910
vn,de giup,để giúp,1.0000
vn,de gop,để góp,0.9355
vn,de gui,để gửi,1.0000
vn,de hach,để hạch,1.0000
vn,de han,để hạn,1.0000
vn,de hanh,để hành,1.0000
vn,de ho,để hỗ,0.9449
vn,de hoan,để hoàn,0.9907
vn,de hoat,để hoạt,0.9375
vn,de hoi,để hội,0.9000
vn,de ket,để kết,1.0000
vn,de khach,để khách,1.0000
vn,de khai,để khai,1.0000
vn,de khuyen,để khuyến,1.0000
vn,de kiem,để kiểm,0.9866
vn,de kinh,để kinh,1.0000
vn,de kip,để kịp,1.0000
vn,de ky,để ký,0.9835
vn,de lai,để lại,1.0000
vn,de lam,để làm,0.9879
vn,de lay,để lấy,1.0000
vn,de lo,để lộ,1.0000
vn,de lua,để lựa,0.9833
vn,de luu,để lưu,1.0000
vn,de mau,đề mẫu,1.0000
vn,de me,đẻ mẹ,1.0000
vn,de mua,để mua,1.0000
vn,de nang,để nâng,1.0000
vn,de ngay,đề ngay,1.0000
vn,de nghi,đề nghị,0.9980
vn,de nghien,để nghiên,0.9444
vn,de nguoi,để người,1.0000
vn,de nha,để nhà,1.0000
vn,de nhap,để nhập,1.0000
vn,de nop,để nộp,1.0000
vn,de o,để ở,0.9777
vn,de p,để p,1.0000
vn,de pha,để phá,0.9000
vn,de phe,để phê,1.0000
vn,de phoi,để phối,1.0000
vn,de phong,để phòng,0.9149
vn,de phu,để phù,1.0000
vn,de phuc,để phục,0.9923
vn,de quan,để quản,0.9762
vn,de quyet,để quyết,0.9904
vn,de san,để sản,0.9286
vn,de sap,để sắp,1.0000
vn,de sau,đề sau,0.9167
vn,de su,để sử,0.9688
vn,de sua,để sửa,0.9545
vn,de tach,để tách,1.0000
vn,de tai,đề tài,0.9531
vn,de tam,để tạm,1.0000
vn,de tang,để tăng,1.0000
vn,de tao,để tạo,1.0000
vn,de that,để thất,1.0000
vn,de thay,để thay,0.9432
vn,de theo,để theo,0.9457
vn,de thi,để thi,0.9615
vn,de thiet,để thiết,1.0000
vn,de thu,để thu,0.9441
vn,de thuan,để thuận,1.0000
vn,de thuc,để thực,0.9928
vn,de thue,để thuê,1.0000
vn,de thuoc,đề thuộc,0.9706
vn,de tich,để tích,1.0000
vn,de tien,để tiến,0.9455
vn,de tiep,để tiếp,0.9766
vn,de tim,để tìm,0.9286
vn,de tinh,để tính,0.9796
vn,de to,để tổ,1.0000
vn,de tong,để tổng,0.9935
vn,de trang,để trang,0.9231
vn,de tranh,để tránh,0.9500
vn,de trao,để trao,1.0000
vn,de trich,để trích,0.9231
vn,de trien,để triển,0.9890
vn,de trinh,để trình,0.9861
vn,de tru,để trừ,0.9773
vn,de truy,để truy,1.0000
vn,de truyen,để truyền,1.0000
vn,de ung,để ứng,0.9773
vn,de vay,để vay,1.0000
vn,de ve,đề về,1.0000
vn,de vi,để vi,1.0000
vn,de vuong,đề vướng,1.0000
vn,de xac,để xác,0.9985
vn,de xam,để xâm,1.0000
vn,de xe,để xe,1.0000
vn,de xem,để xem,0.9954
vn,de xet,để xét,1.0000
vn,de xu,để xử,1.0000
vn,de xuat,đề xuất,0.9902
vn,de yeu,để yêu,0.9688
vn,dean khoa,đềán khoa,1.0000
vn,deb c,đểb c,1.0000
vn,decong tac,đềcông tác,1.0000
vn,dedo thong,đềdo thống,1.0000
vn,dem 1,đêm 1,1.0000
vn,dem b,đêm b,1.0000
vn,dem d,đêm d,0.9444
vn,dem den,đêm đến,1.0000
vn,dem lam,đêm làm,1.0000
vn,dem qua,đêm quá,1.0000
vn,dem tro,đêm trở,1.0000
vn,dem trong,đêm trong,1.0000
vn,dem tru,đêm trừ,1.0000
vn,dem va,đệm và,0.9079
vn,dem voi,đếm với,0.9091
vn,den 02,đến 02,1.0000
vn,den 03,đến 03,1.0000
vn,den 04,đến 04,1.0000
vn,den 05,đến 05,1.0000
vn,den 06,đến 06,1.0000
vn,den 09,đến 09,1.0000
vn,den 1,đến 1,1.0000
vn,den 10,đến 10,1.0000
vn,den 100,đến 100,1.0000
vn,den 12,đến 12,1.0000
vn,den 120,đến 120,1.0000
vn,den 130,đến 130,1.0000
vn,den 140,đến 140,1.0000
vn,den 15,đến 15,0.9907
vn,den 150,đến 150,1.0000
vn,den 16,đến 16,1.0000
vn,den 160,đến 160,1.0000
vn,den 170,đến 170,1.0000
vn,den 180,đến 180,1.0000
vn,den 190,đến 190,1.0000
vn,den 2,đến 2,0.9899
vn,den 20,đến 20,1.0000
vn,den 200,đến 200,1.0000
vn,den 220,đến 220,1.0000
vn,den 24,đến 24,1.0000
vn,den 25,đến 25,1.0000
vn,den 250,đến 250,1.0000
vn,den 3,đến 3,1.0000
vn,den 30,đến 30,1.0000
vn,den 300,đến 300,1.0000
vn,den 4,đến 4,1.0000
vn,den 40,đến 40,1.0000
vn,den 400,đến 400,1.0000
vn,den 5,đến 5,1.0000
vn,den 50,đến 50,1.0000
vn,den 500,đến 500,1.0000
vn,den 6,đến 6,1.0000
vn,den 60,đến 60,1.0000
vn,den 7,đến 7,1.0000
vn,den 70,đến 70,1.0000
vn,den 8,đến 8,1.0000
vn,den 80,đến 80,1.0000
vn,den 800,đến 800,1.0000
vn,den 9,đến 9,1.0000
vn,den 90,đến 90,1.0000
vn,den an,đến an,0.9930
vn,den bang,đến bảng,0.9211
vn,den bo,đến bộ,0.9877
vn,den bu,đền bù,1.0000
vn,den cac,đến các,1.0000
vn,den can,đến căn,0.9048
vn,den cap,đến cấp,0.9643
vn,den chay,đến chạy,1.0000
vn,den chua,đến chưa,1.0000
vn,den chuc,đến chức,1.0000
vn,den chung,đến chứng,1.0000
vn,den chuyen,đến chuyển,0.9375
vn,den co,đến cơ,0.9736
vn,den cuc,đến cục,1.0000
vn,den cuoi,đến cuối,1.0000
vn,den dat,đến đất,1.0000
vn,den dia,đến địa,0.9789
vn,den dich,đến dịch,1.0000
vn,den diem,đến điểm,1.0000
vn,den dieu,đến điều,1.0000
vn,den doanh,đến doanh,1.0000
vn,den don,đến đơn,1.0000
vn,den dong,đến đồng,1.0000
vn,den duoi,đến dưới,1.0000
vn,den file,đến file,1.0000
vn,den gia,đến giá,1.0000
vn,den giao,đến giao,1.0000
vn,den ha,đến hạ,1.0000
vn,den han,đến hạn,1.0000
vn,den hang,đến hàng,0.9091
vn,den hanh,đến hành,1.0000
vn,den he,đến hệ,1.0000
vn,den het,đến hết,1.0000
vn,den ho,đến hồ,0.9621
vn,den hoat,đến hoạt,0.9981
vn,den hoi,đến hội,1.0000
vn,den hop,đến hợp,1.0000
vn,den i,đến i,1.0000
vn,den ket,đến kết,1.0000
vn,den kha,đến khả,1.0000
vn,den khach,đến khách,1.0000
vn,den khai,đến khai,1.0000
vn,den khi,đến khi,1.0000
vn,den khoan,đến khoản,1.0000
vn,den khong,đến không,0.9630
vn,den khung,đến khủng,1.0000
vn,den kiem,đến kiểm,1.0000
vn,den lam,đến làm,1.0000
vn,den lenh,đến lệnh,1.0000
vn,den linh,đến lĩnh,1.0000
vn,den loi,đến lợi,1.0000
vn,den ly,đến lý,1.0000
vn,den mang,đến mạng,1.0000
vn,den mau,đến mẫu,1.0000
vn,den moi,đến môi,0.9130
vn,den mot,đến một,1.0000
vn,den mua,đến mua,1.0000
vn,den nam,đến năm,1.0000
vn,den nay,đến nay,1.0000
vn,den ngan,đến ngân,1.0000
vn,den ngay,đến ngày,0.9909
vn,den nguoi,đến người,1.0000
vn,den nguon,đến nguồn,0.9000
vn,den nha,đến nhà,1.0000
vn,den nhan,đến nhận,0.9667
vn,den nhiem,đến nhiệm,1.0000
vn,den nhieu,đến nhiều,1.0000
vn,den nhung,đến những,1.0000
vn,den phap,đến pháp,1.0000
vn,den phat,đến phát,1.0000
vn,den phong,đến phòng,0.9333
vn,den phu,đến phụ,1.0000
vn,den phuong,đến phương,1.0000
vn,den qua,đến quá,0.9048
vn,den quan,đến quản,0.9688
vn,den quoc,đến quốc,1.0000
vn,den quyen,đến quyền,1.0000
vn,den rua,đến rửa,1.0000
vn,den rui,đến rủi,1.0000
vn,den san,đến sản,0.9623
vn,den su,đến sự,0.9065
vn,den suc,đến sức,1.0000
vn,den tai,đến tài,0.9966
vn,den ten,đến tên,1.0000
vn,den thang,đến tháng,1.0000
vn,den thay,đến thay,1.0000
vn,den thoi,đến thời,1.0000
vn,den thong,đến thông,1.0000
vn,den thuc,đến thực,1.0000
vn,den tien,đến tiền,1.0000
vn,den to,đến tổ,0.9927
vn,den toi,đến tội,1.0000
vn,den tong,đến tổng,1.0000
vn,den trach,đến trách,1.0000
vn,den tru,đến trụ,1.0000
vn,den trung,đến trung,1.0000
vn,den truoc,đến trước,1.0000
vn,den tung,đến từng,1.0000
vn,den tuoi,đến tuổi,1.0000
vn,den va,đến và,1.0000
vn,den viec,đến việc,0.9989
vn,den xu,đến xử,1.0000
vn,denghi ca,đềnghị cá,1.0000
vn,denghi cac,đềnghị các,1.0000
vn,denghi huan,đềnghị huân,1.0000
vn,denghi khen,đềnghị khen,1.0000
vn,denghi ngan,đềnghị ngân,1.0000
vn,denghi truong,đềnghị trường,1.0000
vn,denghi viii,đềnghị viii,1.0000
vn,denghianh hung,đềnghịanh hùng,1.0000
vn,denghicap co,đềnghịcấp có,1.0000
vn,denghicong nhan,đềnghịcông nhận,1.0000
vn,denghicua thutruong,đềnghịcủa thủtrưởng,1.0000
vn,denghidanh hieu,đềnghịdanh hiệu,1.0000
vn,denghiduoc cong,đềnghịđược công,1.0000
vn,denghikhen thuong,đềnghịkhen thưởng,1.0000
vn,denghilap duoc,đềnghịlập được,1.0000
vn,denghitang huan,đềnghịtặng huân,1.0000
vn,denghitang thuong,đềnghịtặng thưởng,1.0000
vn,denghithong doc,đềnghịthống đốc,1.0000
vn,denghiveviec thiet,đềnghịvềviệc thiết,1.0000
vn,denghixet tang,đềnghịxét tặng,1.0000
vn,dep cua,đẹp của,1.0000
vn,dep giua,đẹp giữa,1.0000
vn,dep h,đểp h,1.0000
vn,dephoi hop,đểphối hợp,1.0000
vn,detai khoa,đềtài khoa,1.0000
vn,detang 28,đểtặng 28,1.0000
vn,detang cho,đểtặng cho,1.0000
vn,detang hoac,đểtặng hoặc,1.0000
vn,detruy tang,đểtruy tặng,1.0000
vn,deu bai,đều bãi,1.0000
vn,deu bi,đều bị,1.0000
vn,deu co,đều có,1.0000
vn,deu duoc,đều được,1.0000
vn,deu hach,đều hạch,1.0000
vn,deu phai,đều phải,1.0000
vn,dexet tang,đểxét tặng,1.0000
vn,dexuat gop,đềxuất góp,1.0000
vn,dexuat xay,đềxuất xây,1.0000
vn,dh i,đh i,1.0000
vn,dh ii,đh ii,1.0000
vn,dh iii,đh iii,1.0000
vn,dh iv,đh iv,1.0000
vn,dh vi,đh vi,1.0000
vn,dh vii,đh vii,1.0000
vn,di cac,đi các,1.0000
vn,di chi,đi chi,0.9903
vn,di cho,đi cho,1.0000
vn,di chuc,di chúc,1.0000
vn,di chuyen,di chuyển,0.9000
vn,di cong,đi công,1.0000
vn,di dan,di dân,1.0000
vn,di doan,dị đoan,1.0000
vn,di doi,di dời,0.9748
vn,di dong,di động,0.9988
vn,di duoc,đi được,1.0000
vn,di gia,đi giá,1.0000
vn,di hoc,đi học,1.0000
vn,di kem,đi kèm,1.0000
vn,di khi,đi khi,1.0000
vn,di lai,đi lại,1.0000
vn,di lam,đi làm,1.0000
vn,di lan,di lân,1.0000
vn,di nh,đị nh,0.9733
vn,di nhung,đi nhưng,1.0000
vn,di qua,đi qua,1.0000
vn,di san,di sản,1.0000
vn,di theo,đi theo,1.0000
vn,di thue,đi thuê,1.0000
vn,di tich,di tích,1.0000
vn,di va,đi và,1.0000
vn,di vao,đi vào,1.0000
vn,di vat,di vật,1.0000
vn,di vay,đi vay,1.0000
vn,dia 1,địa 1,1.0000
vn,dia 10,địa 10,1.0000
vn,dia 11,địa 11,1.0000
vn,dia 12,địa 12,1.0000
vn,dia 2,địa 2,1.0000
vn,dia 3,địa 3,1.0000
vn,dia 4,địa 4,1.0000
vn,dia 5,địa 5,1.0000
vn,dia 6,địa 6,1.0000
vn,dia 7,địa 7,1.0000
vn,dia 9,địa 9,1.0000
vn,dia a,địa a,1.0000
vn,dia b,địa b,1.0000
vn,dia ban,địa bàn,0.9158
vn,dia c,địa c,1.0000
vn,dia cap,địa cấp,1.0000
vn,dia chat,địa chất,1.0000
vn,dia chi,địa chỉ,0.9804
vn,dia chinh,địa chính,1.0000
vn,dia cho,địa cho,1.0000
vn,dia cua,địa của,1.0000
vn,dia cuc,địa cục,1.0000
vn,dia da,địa đã,1.0000
vn,dia danh,địa danh,1.0000
vn,dia de,địa để,0.9286
vn,dia diem,địa điểm,0.9948
vn,dia do,địa do,1.0000
vn,dia duoc,địa được,1.0000
vn,dia gioi,địa giới,0.9821
vn,dia gom,địa gồm,1.0000
vn,dia hang,địa hàng,0.9286
vn,dia hien,địa hiện,1.0000
vn,dia hinh,địa hình,1.0000
vn,dia hoa,địa hóa,1.0000
vn,dia hoac,địa hoặc,1.0000
vn,dia la,địa là,1.0000
vn,dia ly,địa lý,1.0000
vn,dia ma,địa mà,0.9333
vn,dia o,địa ở,1.0000
vn,dia phai,địa phải,1.0000
vn,dia phan,địa phận,1.0000
vn,dia phuong,địa phương,0.9996
vn,dia quy,địa quy,1.0000
vn,dia sau,địa sau,1.0000
vn,dia theo,địa theo,1.0000
vn,dia thuc,địa thực,1.0000
vn,dia thuoc,địa thuộc,1.0000
vn,dia trong,địa trong,0.9565
vn,dia tru,địa trừ,1.0000
vn,dia va,địa và,0.9647
vn,dia ve,địa về,1.0000
vn,dia viec,địa việc,1.0000
vn,dia viet,địa việt,1.0000
vn,dia vung,địa vùng,1.0000
vn,diahinh chuoi,diahinh chuỗi,1.0000
vn,dich 1,dịch 1,1.0000
vn,dich 2,dịch 2,0.9091
vn,dich bang,dịch bằng,0.9730
vn,dich benh,dịch bệnh,1.0000
vn,dich bi,dịch bị,1.0000
vn,dich bu,dịch bù,1.0000
vn,dich c,dịch c,0.9474
vn,dich ca,đích cá,1.0000
vn,dich cap,đích cấp,0.9286
vn,dich chi,dịch chi,0.9821
vn,dich chuyen,dịch chuyển,0.9328
vn,dich dang,dịch đáng,0.9036
vn,dich day,dịch đầy,0.9474
vn,dich den,dịch đến,1.0000
vn,dich dia,dịch địa,0.9375
vn,dich dich,dịch dịch,1.0000
vn,dich dien,dịch điện,0.9988
vn,dich dung,đích đúng,1.0000
vn,dich giam,dịch giám,1.0000
vn,dich giua,dịch giữa,1.0000
vn,dich hai,dịch hại,1.0000
vn,dich ho,dịch hồ,0.9231
vn,dich khai,đích khai,1.0000
vn,dich khi,dịch khi,0.9091
vn,dich kinh,đích kinh,0.9783
vn,dich la,dịch là,0.9231
vn,dich lap,dịch lập,1.0000
vn,dich loai,dịch loại,0.9615
vn,dich mua,dịch mua,0.9434
vn,dich nap,dịch nạp,1.0000
vn,dich neu,dịch nếu,0.9474
vn,dich ngan,dịch ngân,0.9802
vn,dich nguoi,dịch người,0.9167
vn,dich nhan,dịch nhận,0.9091
vn,dich nhat,dịch nhật,0.9286
vn,dich nhiem,đích nhiệm,1.0000
vn,dich pham,đích phạm,1.0000
vn,dich phat,dịch phát,1.0000
vn,dich qua,dịch qua,1.0000
vn,dich ra,dịch ra,1.0000
vn,dich rua,đích rửa,1.0000
vn,dich rut,dịch rút,1.0000
vn,dich sai,đích sai,0.9091
vn,dich sinh,đích sinh,0.9375
vn,dich su,đích sử,0.9428
vn,dich ten,dịch tên,1.0000
vn,dich thanh,dịch thanh,0.9698
vn,dich the,dịch thẻ,0.9897
vn,dich thoa,dịch thỏa,1.0000
vn,dich thuat,dịch thuật,1.0000
vn,dich thue,dịch thuế,0.9752
vn,dich tien,dịch tiền,0.9688
vn,dich tieng,dịch tiếng,1.0000
vn,dich tiet,đích tiết,1.0000
vn,dich tieu,đích tiêu,1.0000
vn,dich toi,dịch tối,0.9167
vn,dich tren,dịch trên,1.0000
vn,dich trong,dịch trong,0.9855
vn,dich truc,dịch trực,0.9792
vn,dich trung,dịch trung,0.9375
vn,dich truong,dịch trường,0.9286
vn,dich tuong,dịch tương,0.9444
vn,dich vang,dịch vãng,1.0000
vn,dich ve,dịch về,1.0000
vn,dich vien,dịch viên,0.9913
vn,dich voi,dịch với,1.0000
vn,dich von,dịch vốn,1.0000
vn,dich vu,dịch vụ,0.9972
vn,dich vubuu,dịch vụbưu,1.0000
vn,dich xay,đích xây,0.9375
vn,dich xu,đích xử,1.0000
vn,diem 1,điểm 1,1.0000
vn,diem 2,điểm 2,0.9846
vn,diem 3,điểm 3,1.0000
vn,diem 4,điểm 4,1.0000
vn,diem 5,điểm 5,1.0000
vn,diem 6,điểm 6,1.0000
vn,diem 7,điểm 7,1.0000
vn,diem a,điểm a,0.9995
vn,diem a1,điểm a1,1.0000
vn,diem ap,điểm áp,1.0000
vn,diem b,điểm b,0.9993
vn,diem bat,điểm bắt,0.9130
vn,diem ben,điểm bên,1.0000
vn,diem c,điểm c,1.0000
vn,diem cac,điểm các,1.0000
vn,diem can,điểm cần,0.9000
vn,diem cao,điểm cao,1.0000
vn,diem cap,điểm cấp,0.9167
vn,diem cham,điểm chấm,1.0000
vn,diem chap,điểm chấp,1.0000
vn,diem chinh,điểm chính,0.9167
vn,diem cho,điểm cho,1.0000
vn,diem chot,điểm chốt,1.0000
vn,diem chung,điểm chứng,1.0000
vn,diem chuyen,điểm chuyển,0.9804
vn,diem con,điểm còn,1.0000
vn,diem cong,điểm công,0.9600
vn,diem cua,điểm của,0.9956
vn,diem cum,điểm cụm,1.0000
vn,diem cung,điểm cung,1.0000
vn,diem cuoi,điểm cuối,1.0000
vn,diem dac,điểm đặc,1.0000
vn,diem dang,điểm đăng,1.0000
vn,diem dat,điểm đặt,0.9823
vn,diem den,điểm đến,1.0000
vn,diem denghiduoc,điểm đềnghịđược,1.0000
vn,diem denghilap,điểm đềnghịlập,1.0000
vn,diem dia,điểm địa,1.0000
vn,diem dieu,điểm điều,1.0000
vn,diem dinh,điểm định,0.9062
vn,diem doanh,điểm doanh,1.0000
vn,diem doi,điểm đối,0.9524
vn,diem dong,điểm đóng,0.9000
vn,diem duoc,điểm được,1.0000
vn,diem e,điểm e,1.0000
vn,diem g,điểm g,1.0000
vn,diem gan,điểm gần,0.9677
vn,diem giam,điểm giám,1.0000
vn,diem giao,điểm giao,0.9903
vn,diem gm,điểm gm,1.0000
vn,diem gui,điểm gửi,1.0000
vn,diem h,điểm h,1.0000
vn,diem he,điểm hệ,1.0000
vn,diem het,điểm hết,1.0000
vn,diem hinh,điểm hình,1.0000
vn,diem hoac,điểm hoặc,1.0000
vn,diem hoan,điểm hoàn,1.0000
vn,diem hoat,điểm hoạt,1.0000
vn,diem i,điểm i,1.0000
vn,diem k,điểm k,1.0000
vn,diem ke,điểm kế,0.9231
vn,diem ket,điểm kết,1.0000
vn,diem khac,điểm khác,1.0000
vn,diem khach,điểm khách,1.0000
vn,diem khep,điểm khép,1.0000
vn,diem khi,điểm khi,1.0000
vn,diem khoan,điểm khoản,0.9985
vn,diem kiem,điểm kiểm,1.0000
vn,diem kinh,điểm kinh,1.0000
vn,diem l,điểm l,1.0000
vn,diem lam,điểm làm,0.9643
vn,diem lay,điểm lấy,1.0000
vn,diem m,điểm m,1.0000
vn,diem ma,điểm mà,0.9412
vn,diem moi,điểm mới,1.0000
vn,diem mot,điểm một,1.0000
vn,diem n,điểm n,1.0000
vn,diem nay,điểm này,1.0000
vn,diem ngay,điểm ngày,1.0000
vn,diem nghi,điểm nghị,0.9286
vn,diem nghihuu,điểm nghỉhưu,1.0000
vn,diem ngung,điểm ngừng,1.0000
vn,diem nguoi,điểm người,1.0000
vn,diem nha,điểm nhà,1.0000
vn,diem nhan,điểm nhận,0.9048
vn,diem nhu,điểm như,1.0000
vn,diem nop,điểm nộp,1.0000
vn,diem p,điểm p,1.0000
vn,diem phat,điểm phát,1.0000
vn,diem phuc,điểm phục,0.9091
vn,diem phuong,điểm phương,1.0000
vn,diem pvn,điểm pvn,1.0000
vn,diem q,điểm q,1.0000
vn,diem quoc,điểm quốc,1.0000
vn,diem quy,điểm quy,0.9649
vn,diem quyet,điểm quyết,1.0000
vn,diem san,điểm sản,1.0000
vn,diem sau,điểm sau,1.0000
vn,diem sinh,điểm sinh,1.0000
vn,diem so,điểm số,0.9123
vn,diem thanh,điểm thanh,0.9714
vn,diem theo,điểm theo,1.0000
vn,diem thoi,điểm thời,0.9600
vn,diem thong,điểm thông,1.0000
vn,diem thu,điểm thu,0.9828
vn,diem thuc,điểm thực,1.0000
vn,diem thuoc,điểm thuộc,1.0000
vn,diem tien,điểm tiến,0.9375
vn,diem tiep,điểm tiếp,1.0000
vn,diem tim,điểm tìm,1.0000
vn,diem tin,điểm tín,1.0000
vn,diem to,điểm tổ,1.0000
vn,diem toi,điểm tối,1.0000
vn,diem tro,điểm trở,1.0000
vn,diem trong,điểm trong,1.0000
vn,diem truong,điểm trường,1.0000
vn,diem truy,điểm truy,1.0000
vn,diem tung,điểm từng,1.0000
vn,diem va,điểm và,1.0000
vn,diem ve,điểm về,1.0000
vn,diem voi,điểm với,1.0000
vn,diem xac,điểm xác,1.0000
vn,diem xay,điểm xây,0.9062
vn,diem xu,điểm xử,0.9412
vn,diem yeu,điểm yếu,0.9402
vn,dien 01,điện 01,1.0000
vn,dien 100,điện 100,1.0000
vn,dien 2,điện 2,0.9070
vn,dien 4,điện 4,0.9615
vn,dien 6,điện 6,0.9091
vn,dien 8,điện 8,0.9000
vn,dien a,điện a,0.9000
vn,dien anh,điện ảnh,0.9000
vn,dien bat,điện bắt,0.9286
vn,dien boc,điện bọc,1.0000
vn,dien cang,diện cảng,1.0000
vn,dien chitieu,diện chỉtiêu,1.0000
vn,dien chu,diện chủ,0.9917
vn,dien cua,diện của,0.9434
vn,dien dan,diễn đàn,1.0000
vn,dien den,điện đến,0.9730
vn,dien dich,điện dịch,1.0000
vn,dien diem,diện điểm,1.0000
vn,dien dieu,điện điều,0.9600
vn,dien doc,diện độc,0.9167
vn,dien don,diện đơn,1.0000
vn,dien dung,điện dùng,0.9000
vn,dien gay,điện gây,1.0000
vn,dien giai,diễn giải,1.0000
vn,dien gom,điện gồm,1.0000
vn,dien hat,điện hạt,1.0000
vn,dien hinh,điển hình,1.0000
vn,dien hoi,diện hội,1.0000
vn,dien hop,diện hợp,0.9808
vn,dien huy,diện huy,1.0000
vn,dien it,diện ít,0.9091
vn,dien khong,điện không,0.9231
vn,dien khu,điện khu,1.0000
vn,dien lanh,diện lãnh,0.9375
vn,dien lap,diện lập,1.0000
vn,dien lay,điện lấy,1.0000
vn,dien luc,điện lực,1.0000
vn,dien may,điện máy,1.0000
vn,dien nang,điện năng,0.9524
vn,dien ngan,diện ngân,1.0000
vn,dien ngoai,diện ngoại,0.9565
vn,dien nha,diện nhà,1.0000
vn,dien nong,điện nông,1.0000
vn,dien phan,diện phần,0.9668
vn,dien phap,diện pháp,1.0000
vn,dien phuong,điện phương,1.0000
vn,dien quoc,điện quốc,1.0000
vn,dien ra,diễn ra,0.9310
vn,dien rong,diện rộng,1.0000
vn,dien sang,điện sang,0.9333
vn,dien son,điện sơn,1.0000
vn,dien tap,diễn tập,1.0000
vn,dien ten,điền tên,0.9167
vn,dien theo,diện theo,0.9187
vn,dien thiet,điện thiết,1.0000
vn,dien thoai,điện thoại,0.9892
vn,dien thuoc,điện thuộc,1.0000
vn,dien tich,diện tích,0.9747
vn,dien tin,điện tín,1.0000
vn,dien to,diện tổ,0.9867
vn,dien toan,điện toán,0.9783
vn,dien tren,điện trên,0.9000
vn,dien truyen,diễn truyền,0.9744
vn,dien tu,điện tử,0.9951
vn,dien tucho,điện tửcho,1.0000
vn,dien tucua,điện tửcủa,1.0000
vn,dien vo,diện vô,1.0000
vn,dien von,diện vốn,1.0000
vn,dien xe,điện xe,0.9286
vn,dientich so,dientich số,1.0000
vn,diep du,điệp dữ,1.0000
vn,diep ket,điệp kết,1.0000
vn,diep mang,điệp mạng,1.0000
vn,diep ninh,điệp ninh,1.0000
vn,diep stt,điệp stt,1.0000
vn,diet hang,diệt hàng,1.0000
vn,dieu 1,điều 1,1.0000
vn,dieu 10,điều 10,1.0000
vn,dieu 100,điều 100,1.0000
vn,dieu 101,điều 101,1.0000
vn,dieu 102,điều 102,1.0000
vn,dieu 103,điều 103,1.0000
vn,dieu 104,điều 104,1.0000
vn,dieu 105,điều 105,1.0000
vn,dieu 106,điều 106,1.0000
vn,dieu 107,điều 107,1.0000
vn,dieu 108,điều 108,1.0000
vn,dieu 109,điều 109,1.0000
vn,dieu 10a,điều 10a,1.0000
vn,dieu 11,điều 11,1.0000
vn,dieu 110,điều 110,1.0000
vn,dieu 111,điều 111,1.0000
vn,dieu 112,điều 112,1.0000
vn,dieu 113,điều 113,1.0000
vn,dieu 114,điều 114,1.0000
vn,dieu 115,điều 115,1.0000
vn,dieu 116,điều 116,1.0000
vn,dieu 117,điều 117,1.0000
vn,dieu 118,điều 118,1.0000
vn,dieu 119,điều 119,1.0000
vn,dieu 12,điều 12,1.0000
vn,dieu 120,điều 120,1.0000
vn,dieu 121,điều 121,1.0000
vn,dieu 122,điều 122,1.0000
vn,dieu 125,điều 125,1.0000
vn,dieu 126,điều 126,1.0000
vn,dieu 127,điều 127,1.0000
vn,dieu 128,điều 128,1.0000
vn,dieu 13,điều 13,1.0000
vn,dieu 130,điều 130,1.0000
vn,dieu 134,điều 134,1.0000
vn,dieu 135,điều 135,1.0000
vn,dieu 136,điều 136,1.0000
vn,dieu 137,điều 137,1.0000
vn,dieu 138,điều 138,1.0000
vn,dieu 139,điều 139,1.0000
vn,dieu 14,điều 14,1.0000
vn,dieu 140,điều 140,1.0000
vn,dieu 141,điều 141,1.0000
vn,dieu 14a,điều 14a,1.0000
vn,dieu 15,điều 15,1.0000
vn,dieu 152,điều 152,1.0000
vn,dieu 15a,điều 15a,1.0000
vn,dieu 16,điều 16,1.0000
vn,dieu 165,điều 165,1.0000
vn,dieu 17,điều 17,1.0000
vn,dieu 18,điều 18,1.0000
vn,dieu 19,điều 19,1.0000
vn,dieu 2,điều 2,0.9993
vn,dieu 20,điều 20,1.0000
vn,dieu 21,điều 21,1.0000
vn,dieu 22,điều 22,0.9990
vn,dieu 223,điều 223,1.0000
vn,dieu 225,điều 225,1.0000
vn,dieu 226b,điều 226b,1.0000
vn,dieu 23,điều 23,1.0000
vn,dieu 24,điều 24,1.0000
vn,dieu 25,điều 25,1.0000
vn,dieu 250,điều 250,1.0000
vn,dieu 251,điều 251,1.0000
vn,dieu 26,điều 26,1.0000
vn,dieu 27,điều 27,1.0000
vn,dieu 28,điều 28,1.0000
vn,dieu 28a,điều 28a,1.0000
vn,dieu 28b,điều 28b,1.0000
vn,dieu 28c,điều 28c,1.0000
vn,dieu 29,điều 29,1.0000
vn,dieu 29a,điều 29a,1.0000
vn,dieu 3,điều 3,1.0000
vn,dieu 30,điều 30,1.0000
vn,dieu 31,điều 31,1.0000
vn,dieu 32,điều 32,1.0000
vn,dieu 33,điều 33,1.0000
vn,dieu 34,điều 34,1.0000
vn,dieu 35,điều 35,1.0000
vn,dieu 35a,điều 35a,1.0000
vn,dieu 36,điều 36,1.0000
vn,dieu 37,điều 37,1.0000
vn,dieu 38,điều 38,1.0000
vn,dieu 39,điều 39,1.0000
vn,dieu 3a,điều 3a,1.0000
vn,dieu 4,điều 4,1.0000
vn,dieu 40,điều 40,1.0000
vn,dieu 41,điều 41,1.0000
vn,dieu 42,điều 42,1.0000
vn,dieu 43,điều 43,1.0000
vn,dieu 44,điều 44,1.0000
vn,dieu 45,điều 45,1.0000
vn,dieu 46,điều 46,1.0000
vn,dieu 47,điều 47,1.0000
vn,dieu 48,điều 48,1.0000
vn,dieu 49,điều 49,1.0000
vn,dieu 4a,điều 4a,1.0000
vn,dieu 5,điều 5,1.0000
vn,dieu 50,điều 50,1.0000
vn,dieu 51,điều 51,1.0000
vn,dieu 52,điều 52,1.0000
vn,dieu 53,điều 53,1.0000
vn,dieu 53a,điều 53a,1.0000
vn,dieu 54,điều 54,1.0000
vn,dieu 55,điều 55,1.0000
vn,dieu 56,điều 56,1.0000
vn,dieu 57,điều 57,1.0000
vn,dieu 58,điều 58,1.0000
vn,dieu 59,điều 59,1.0000
vn,dieu 5a,điều 5a,0.9091
vn,dieu 6,điều 6,1.0000
vn,dieu 60,điều 60,1.0000
vn,dieu 61,điều 61,1.0000
vn,dieu 62,điều 62,1.0000
vn,dieu 63,điều 63,1.0000
vn,dieu 64,điều 64,1.0000
vn,dieu 65,điều 65,1.0000
vn,dieu 66,điều 66,1.0000
vn,dieu 67,điều 67,1.0000
vn,dieu 68,điều 68,1.0000
vn,dieu 69,điều 69,1.0000
vn,dieu 6a,điều 6a,1.0000
vn,dieu 7,điều 7,1.0000
vn,dieu 70,điều 70,1.0000
vn,dieu 71,điều 71,1.0000
vn,dieu 72,điều 72,1.0000
vn,dieu 73,điều 73,1.0000
vn,dieu 74,điều 74,1.0000
vn,dieu 75,điều 75,1.0000
vn,dieu 76,điều 76,1.0000
vn,dieu 77,điều 77,1.0000
vn,dieu 78,điều 78,1.0000
vn,dieu 79,điều 79,1.0000
vn,dieu 7a,điều 7a,1.0000
vn,dieu 8,điều 8,1.0000
vn,dieu 80,điều 80,1.0000
vn,dieu 81,điều 81,1.0000
vn,dieu 82,điều 82,1.0000
vn,dieu 83,điều 83,1.0000
vn,dieu 84,điều 84,1.0000
vn,dieu 85,điều 85,1.0000
vn,dieu 86,điều 86,1.0000
vn,dieu 87,điều 87,1.0000
vn,dieu 88,điều 88,1.0000
vn,dieu 89,điều 89,1.0000
vn,dieu 9,điều 9,1.0000
vn,dieu 90,điều 90,1.0000
vn,dieu 91,điều 91,1.0000
vn,dieu 92,điều 92,1.0000
vn,dieu 93,điều 93,1.0000
vn,dieu 94,điều 94,1.0000
vn,dieu 95,điều 95,1.0000
vn,dieu 96,điều 96,1.0000
vn,dieu 97,điều 97,1.0000
vn,dieu 98,điều 98,1.0000
vn,dieu 99,điều 99,1.0000
vn,dieu boi,điều bởi,1.0000
vn,dieu cam,điều cấm,1.0000
vn,dieu che,điều chế,1.0000
vn,dieu chinh,điều chỉnh,1.0000
vn,dieu chuyen,điều chuyển,1.0000
vn,dieu cua,điều của,1.0000
vn,dieu dong,điều động,1.0000
vn,dieu duong,điều dưỡng,1.0000
vn,dieu hanh,điều hành,0.9986
vn,dieu khien,điều khiển,0.9956
vn,dieu khoan,điều khoản,0.9973
vn,dieu kien,điều kiện,0.9995
vn,dieu le,điều lệ,0.9992
vn,dieu luat,điều luật,1.0000
vn,dieu muc,điều mục,1.0000
vn,dieu nay,điều này,1.0000
vn,dieu nghi,điều nghị,1.0000
vn,dieu nhu,điều như,1.0000
vn,dieu phoi,điều phối,1.0000
vn,dieu quy,điều quy,1.0000
vn,dieu tai,điều tại,1.0000
vn,dieu tan,điều tần,1.0000
vn,dieu theo,điều theo,1.0000
vn,dieu tiet,điều tiết,1.0000
vn,dieu tra,điều tra,0.9995
vn,dieu tri,điều trị,1.0000
vn,dieu tu,điều từ,1.0000
vn,dieu uoc,điều ước,1.0000
vn,dieu va,điều và,0.9885
vn,dim gia,dìm giá,1.0000
vn,dinh 1,định 1,1.0000
vn,dinh 10,định 10,1.0000
vn,dinh 16,định 16,0.9091
vn,dinh 2,định 2,1.0000
vn,dinh 25,định 25,1.0000
vn,dinh 3,định 3,0.9926
vn,dinh 4,định 4,0.9880
vn,dinh 5,định 5,0.9556
vn,dinh 6,định 6,0.9655
vn,dinh 7,định 7,0.9500
vn,dinh 8,định 8,1.0000
vn,dinh 85,định 85,1.0000
vn,dinh 94,định 94,1.0000
vn,dinh a,định a,1.0000
vn,dinh an,định an,0.9467
vn,dinh ap,định áp,1.0000
vn,dinh b,định b,0.9956
vn,dinh bang,định bằng,0.9714
vn,dinh ben,định bên,1.0000
vn,dinh bi,định bị,0.9286
vn,dinh bieu,định biểu,1.0000
vn,dinh c,định c,1.0000
vn,dinh ca,đình cá,0.9014
vn,dinh cac,định các,0.9911
vn,dinh cam,định cấm,1.0000
vn,dinh cap,định cấp,0.9849
vn,dinh cham,định chấm,0.9118
vn,dinh chap,định chấp,1.0000
vn,dinh che,định chế,1.0000
vn,dinh chiu,định chịu,0.9231
vn,dinh cho,định cho,1.0000
vn,dinh chu,định chủ,0.9881
vn,dinh chuc,định chức,1.0000
vn,dinh chuyen,định chuyển,0.9938
vn,dinh con,định còn,0.9412
vn,dinh cptpp,định cptpp,1.0000
vn,dinh cua,định của,0.9993
vn,dinh cuc,định cục,1.0000
vn,dinh cuoi,định cuối,1.0000
vn,dinh cuong,định cưỡng,1.0000
vn,dinh dam,định đảm,0.9800
vn,dinh dan,định dẫn,0.9167
vn,dinh dang,định dạng,0.9297
vn,dinh danh,định danh,0.9685
vn,dinh dat,định đặt,1.0000
vn,dinh dau,định đầu,0.9337
vn,dinh dich,định dịch,1.0000
vn,dinh diem,định điểm,1.0000
vn,dinh dien,định diện,0.9474
vn,dinh dieu,định điều,1.0000
vn,dinh doanh,định doanh,1.0000
vn,dinh doc,định độc,1.0000
vn,dinh doi,định đối,0.9705
vn,dinh don,định đơn,1.0000
vn,dinh duoc,định được,0.9954
vn,dinh duoi,định dưới,1.0000
vn,dinh duy,định duy,1.0000
vn,dinh e,định e,1.0000
vn,dinh gan,định gắn,0.9804
vn,dinh ghi,định ghi,1.0000
vn,dinh gia,định giá,0.9863
vn,dinh giai,định giải,1.0000
vn,dinh giao,định giao,1.0000
vn,dinh gioi,định giới,1.0000
vn,dinh giu,định giữ,1.0000
vn,dinh giua,định giữa,0.9000
vn,dinh gom,định gồm,0.9167
vn,dinh gui,định gửi,1.0000
vn,dinh guong,đình gương,1.0000
vn,dinh han,định hạn,1.0000
vn,dinh hanh,định hành,1.0000
vn,dinh he,định hệ,1.0000
vn,dinh hien,định hiện,0.9976
vn,dinh hieu,định hiệu,1.0000
vn,dinh hinh,định hình,0.9800
vn,dinh ho,định hồ,0.9582
vn,dinh hoa,định hóa,0.9091
vn,dinh hoac,định hoặc,0.9836
vn,dinh hoat,định hoạt,1.0000
vn,dinh hoso,định hồsơ,1.0000
vn,dinh huong,định hướng,0.9756
vn,dinh kem,đính kèm,0.9440
vn,dinh ket,định kết,1.0000
vn,dinh kha,định khả,1.0000
vn,dinh khac,định khác,1.0000
vn,dinh khach,định khách,1.0000
vn,dinh khai,định khai,1.0000
vn,dinh khen,định khen,1.0000
vn,dinh khi,định khi,0.9423
vn,dinh khoi,định khởi,0.9636
vn,dinh khong,định không,0.9225
vn,dinh khu,định khu,1.0000
vn,dinh khung,định khung,1.0000
vn,dinh kiem,định kiểm,1.0000
vn,dinh kien,định kiến,1.0000
vn,dinh kinh,định kinh,0.9500
vn,dinh la,định là,0.9763
vn,dinh lai,định lại,0.9671
vn,dinh lau,định lâu,1.0000
vn,dinh lien,định liên,0.9711
vn,dinh linh,định lĩnh,0.9250
vn,dinh loai,định loại,1.0000
vn,dinh lon,định lớn,1.0000
vn,dinh lua,định lựa,1.0000
vn,dinh luoc,định lược,1.0000
vn,dinh luong,định lượng,0.9773
vn,dinh mat,định mặt,0.9565
vn,dinh mau,định mẫu,1.0000
vn,dinh mien,định miễn,1.0000
vn,dinh mot,định một,1.0000
vn,dinh mua,định mua,1.0000
vn,dinh muc,định mức,0.9891
vn,dinh nay,định này,0.9995
vn,dinh ngan,định ngân,1.0000
vn,dinh nghia,định nghĩa,1.0000
vn,dinh nguoi,định người,0.9760
vn,dinh nguon,định nguồn,1.0000
vn,dinh nguong,định ngưỡng,1.0000
vn,dinh nguyen,định nguyên,1.0000
vn,dinh nha,định nhà,1.0000
vn,dinh nhiem,định nhiệm,1.0000
vn,dinh nhu,định như,0.9401
vn,dinh noi,định nội,0.9941
vn,dinh phai,định phải,1.0000
vn,dinh pham,định phạm,0.9630
vn,dinh phap,định pháp,0.9989
vn,dinh phat,định phát,0.9091
vn,dinh phe,định phê,1.0000
vn,dinh phien,định phiên,0.9375
vn,dinh phu,định phù,0.9636
vn,dinh phuong,định phương,1.0000
vn,dinh quan,định quản,0.9459
vn,dinh quy,định quy,0.9837
vn,dinh quyen,định quyền,1.0000
vn,dinh quyet,định quyết,1.0000
vn,dinh rieng,định riêng,1.0000
vn,dinh ro,định rõ,1.0000
vn,dinh sau,định sau,1.0000
vn,dinh so,định số,0.9978
vn,dinh so151,định số151,1.0000
vn,dinh so152,định số152,1.0000
vn,dinh so197,định số197,1.0000
vn,dinh sua,định sửa,1.0000
vn,dinh tai,định tại,0.9960
vn,dinh tam,định tạm,1.0000
vn,dinh ten,định tên,1.0000
vn,dinh tham,định thẩm,0.9822
vn,dinh thau,định thầu,1.0000
vn,dinh thay,định thay,1.0000
vn,dinh them,định thêm,1.0000
vn,dinh theo,định theo,0.9933
vn,dinh thiet,định thiết,1.0000
vn,dinh thoi,định thời,0.9381
vn,dinh thu,định thu,0.9055
vn,dinh thuat,định thuật,1.0000
vn,dinh thuc,định thực,1.0000
vn,dinh thuoc,định thuộc,0.9524
vn,dinh tich,định tịch,0.9911
vn,dinh tiep,định tiếp,1.0000
vn,dinh tieu,định tiêu,1.0000
vn,dinh to,định tổ,0.9510
vn,dinh tong,định tổng,1.0000
vn,dinh tra,định trả,0.9000
vn,dinh trach,định trách,1.0000
vn,dinh trai,định trái,0.9444
vn,dinh tren,định trên,0.9895
vn,dinh trinh,định trình,1.0000
vn,dinh trong,định trong,0.9911
vn,dinh tru,định trừ,0.9762
vn,dinh truoc,định trước,1.0000
vn,dinh truong,định trường,0.9880
vn,dinh truy,định truy,1.0000
vn,dinh tthc,định tthc,1.0000
vn,dinh tuong,định tương,1.0000
vn,dinh ty,định tỷ,1.0000
vn,dinh va,định và,0.9110
vn,dinh van,định văn,0.9014
vn,dinh vao,định vào,1.0000
vn,dinh ve,định về,0.9930
vn,dinh vechedothong,định vềchếđộthông,1.0000
vn,dinh vecong,định vềcông,1.0000
vn,dinh veviec,định vềviệc,1.0000
vn,dinh viec,định việc,1.0000
vn,dinh vien,định viên,0.9574
vn,dinh vn,định vn,1.0000
vn,dinh voi,định với,1.0000
vn,dinh von,định vốn,1.0000
vn,dinh x,định x,1.0000
vn,dinh xa,định xã,1.0000
vn,dinh xac,định xác,1.0000
vn,dinh xem,định xem,1.0000
vn,dinh xet,định xét,1.0000
vn,dinh xu,định xử,1.0000
vn,dinh xuat,định xuất,0.9130
vn,dinh yeu,định yêu,0.9500
vn,dk ban,đk ban,1.0000
vn,dk tdt,đk tđt,1.0000
vn,dm tai,dm tại,0.9375
vn,do 02,độ 02,0.9792
vn,do am,độ ẩm,1.0000
vn,do anh,độ ảnh,1.0000
vn,do bo,do bộ,0.9091
vn,do bui,độ bụi,1.0000
vn,do cac,do các,0.9011
vn,do cach,do cách,0.9091
vn,do cao,độ cao,1.0000
vn,do cfb,độ cfb,1.0000
vn,do chanh,do chánh,1.0000
vn,do chap,độ chấp,1.0000
vn,do cuc,do cục,0.9123
vn,do dac,đo đạc,0.9829
vn,do dai,độ dài,0.9494
vn,do du,đồ dữ,0.9124
vn,do galois,độ galois,1.0000
vn,do ghi,đó ghi,0.9815
vn,do ha,đô hà,0.9412
vn,do he,do hệ,0.9032
vn,do het,do hết,0.9600
vn,do hoa,đồ họa,0.9300
vn,do hoi,do hội,1.0000
vn,do huu,độ hưu,0.9500
vn,do khach,do khách,0.9451
vn,do khai,dò khai,0.9832
vn,do khoang,dò khoáng,0.9921
vn,do lanh,do lãnh,0.9167
vn,do lech,độ lệch,1.0000
vn,do lien,do liên,0.9000
vn,do loi,do lỗi,0.9905
vn,do luc,do lực,1.0000
vn,do luong,đo lường,0.9897
vn,do minh,do mình,1.0000
vn,do ngan,do ngân,0.9827
vn,do nguy,độ nguy,1.0000
vn,do nha,do nhà,0.9562
vn,do nhay,độ nhạy,1.0000
vn,do phap,do pháp,1.0000
vn,do phi,độ phì,0.9583
vn,do phong,do phòng,0.9444
vn,do rong,độ rộng,1.0000
vn,do rui,độ rủi,0.9742
vn,do suy,độ suy,1.0000
vn,do tam,do tạm,0.9091
vn,do tau,dỡ tàu,0.9487
vn,do than,do thân,0.9167
vn,do thi,đô thị,0.9635
vn,do thien,do thiên,1.0000
vn,do thue,do thuê,1.0000
vn,do thutruong,do thủtrưởng,1.0000
vn,do tieu,độ tiêu,0.9054
vn,do tim,dò tìm,0.9231
vn,do to,do tổ,0.9279
vn,do uong,đồ uống,1.0000
vn,do uy,do ủy,0.9450
vn,do vat,đồ vật,0.9362
vn,do voi,đó với,0.9565
vn,do vuong,độ vuông,1.0000
vn,do x,độ x,1.0000
vn,do xml,đồ xml,1.0000
vn,do xts,độ xts,1.0000
vn,doa an,dọa an,1.0000
vn,doa den,dọa đến,1.0000
vn,doa tinh,dọa tính,1.0000
vn,doa xam,dọa xâm,1.0000
vn,doan 2006,đoạn 2006,1.0000
vn,doan 2008,đoạn 2008,1.0000
vn,doan 2011,đoạn 2011,1.0000
vn,doan bang,đoạn băng,1.0000
vn,doan bien,đoàn biên,1.0000
vn,doan canh,đoàn cảnh,1.0000
vn,doan cap,đoàn cấp,1.0000
vn,doan dac,đoàn đặc,1.0000
vn,doan dai,đoàn đại,1.0000
vn,doan dia,đoàn địa,1.0000
vn,doan dien,đoàn điện,1.0000
vn,doan giam,đoàn giám,1.0000
vn,doan hoat,đoạn hoạt,0.9535
vn,doan ii,đoạn ii,1.0000
vn,doan ket,đoàn kết,1.0000
vn,doan kiem,đoàn kiểm,0.9860
vn,doan kinh,đoàn kinh,1.0000
vn,doan lich,đoạn lịch,1.0000
vn,doan mo,đoạn mở,1.0000
vn,doan nay,đoạn này,1.0000
vn,doan ngung,đoạn ngưng,1.0000
vn,doan nhung,đoan những,1.0000
vn,doan qua,đoạn quá,0.9000
vn,doan ra,đoàn ra,1.0000
vn,doan sau,đoạn sau,1.0000
vn,doan thanh,đoàn thanh,0.9834
vn,doan the,đoàn thể,1.0000
vn,doan thetrong,đoàn thểtrong,1.0000
vn,doan thetrung,đoàn thểtrung,1.0000
vn,doan tong,đoàn tổng,1.0000
vn,doan trinh,đoàn trinh,1.0000
vn,doan truoc,đoạn trước,0.9545
vn,doan truong,đoàn trưởng,1.0000
vn,doan truy,đoạn truy,1.0000
vn,doan tu,đoạn từ,0.9583
vn,doan vao,đoàn vào,0.9333
vn,doan vien,đoàn viên,1.0000
vn,doan viet,đoàn việt,1.0000
vn,doan xay,đoạn xây,0.9000
vn,doanh bat,doanh bất,0.9694
vn,doanh bo,doanh bộ,1.0000
vn,doanh ca,doanh cá,1.0000
vn,doanh cac,doanh các,1.0000
vn,doanh cap,doanh cấp,1.0000
vn,doanh chinh,doanh chính,1.0000
vn,doanh chung,doanh chứng,1.0000
vn,doanh cong,doanh công,0.9091
vn,doanh cua,doanh của,1.0000
vn,doanh dam,doanh đảm,1.0000
vn,doanh dap,doanh đáp,1.0000
vn,doanh de,doanh để,0.9737
vn,doanh dich,doanh dịch,1.0000
vn,doanh doi,doanh đối,1.0000
vn,doanh duoc,doanh được,1.0000
vn,doanh giay,doanh giấy,1.0000
vn,doanh gom,doanh gồm,1.0000
vn,doanh gui,doanh gửi,1.0000
vn,doanh ho,doanh hồ,1.0000
vn,doanh hoac,doanh hoặc,1.0000
vn,doanh hoat,doanh hoạt,1.0000
vn,doanh hoc,doanh học,1.0000
vn,doanh ket,doanh kết,1.0000
vn,doanh kha,doanh khả,1.0000
vn,doanh khac,doanh khác,1.0000
vn,doanh khong,doanh không,1.0000
vn,doanh kiem,doanh kiểm,1.0000
vn,doanh la,doanh là,1.0000
vn,doanh lam,doanh làm,1.0000
vn,doanh lien,doanh liên,0.9984
vn,doanh linh,doanh lĩnh,1.0000
vn,doanh luat,doanh luật,1.0000
vn,doanh moi,doanh mới,0.9000
vn,doanh mot,doanh một,1.0000
vn,doanh ngan,doanh ngân,1.0000
vn,doanh nganh,doanh ngành,1.0000
vn,doanh nghiep,doanh nghiệp,0.9994
vn,doanh ngoai,doanh ngoại,1.0000
vn,doanh nha,doanh nhà,1.0000
vn,doanh nhap,doanh nhập,1.0000
vn,doanh nuoc,doanh nước,1.0000
vn,doanh phai,doanh phải,1.0000
vn,doanh phu,doanh phù,0.9583
vn,doanh quan,doanh quản,0.9000
vn,doanh quyet,doanh quyết,1.0000
vn,doanh san,doanh sản,1.0000
vn,doanh su,doanh sử,1.0000
vn,doanh tai,doanh tại,0.9024
vn,doanh thi,doanh thì,1.0000
vn,doanh thuc,doanh thực,0.9583
vn,doanh thuoc,doanh thuộc,1.0000
vn,doanh thuong,doanh thương,0.9615
vn,doanh to,doanh tổ,1.0000
vn,doanh toi,doanh tối,1.0000
vn,doanh tren,doanh trên,1.0000
vn,doanh tro,doanh trò,0.9868
vn,doanh tru,doanh trừ,0.9167
vn,doanh truc,doanh trực,1.0000
vn,doanh truoc,doanh trước,1.0000
vn,doanh va,doanh và,1.0000
vn,doanh van,doanh vận,0.9259
vn,doanh vang,doanh vàng,1.0000
vn,doanh ve,doanh về,1.0000
vn,doanh voi,doanh với,1.0000
vn,doanh von,doanh vốn,1.0000
vn,doanh xang,doanh xăng,1.0000
vn,doanh xo,doanh xổ,1.0000
vn,doanh xuat,doanh xuất,1.0000
vn,doat tai,đoạt tài,1.0000
vn,doc 1,đốc 1,0.9000
vn,doc 2,đốc 2,0.9348
vn,doc bien,dọc biên,0.9167
vn,doc buoc,đốc bước,1.0000
vn,doc ca,đốc cá,1.0000
vn,doc cac,đốc các,0.9609
vn,doc chi,đốc chi,0.9402
vn,doc chu,đốc chủ,1.0000
vn,doc cong,đốc công,1.0000
vn,doc cua,đốc của,1.0000
vn,doc denghicap,đốc đềnghịcấp,1.0000
vn,doc dieu,đốc điều,1.0000
vn,doc doanh,đốc doanh,1.0000
vn,doc don,đốc đơn,0.9444
vn,doc ghi,đọc ghi,1.0000
vn,doc giam,đốc giám,1.0000
vn,doc hai,độc hại,0.9892
vn,doc hoa,độc hóa,1.0000
vn,doc hoac,đốc hoặc,0.9583
vn,doc ke,đốc kế,0.9811
vn,doc kho,đốc kho,1.0000
vn,doc khong,đốc không,1.0000
vn,doc kiem,đốc kiểm,1.0000
vn,doc ky,đốc ký,1.0000
vn,doc la,đốc là,0.9200
vn,doc lap,độc lập,0.9993
vn,doc lo,độc lỗ,1.0000
vn,doc ngan,đốc ngân,1.0000
vn,doc nguyen,đốc nguyễn,1.0000
vn,doc nhnn,đốc nhnn,1.0000
vn,doc noi,đốc nơi,0.9677
vn,doc phai,đốc phải,0.9500
vn,doc pham,đốc phạm,1.0000
vn,doc phe,đốc phê,1.0000
vn,doc pho,đốc phó,0.9970
vn,doc quyen,độc quyền,1.0000
vn,doc quyet,đốc quyết,0.9806
vn,doc so,đốc sở,0.9728
vn,doc suon,dốc sườn,1.0000
vn,doc tham,đốc thẩm,1.0000
vn,doc thuc,đốc thực,1.0000
vn,doc to,đốc tổ,0.9796
vn,doc tong,đốc tổng,1.0000
vn,doc totrinh,đốc tờtrình,1.0000
vn,doc truc,đốc trực,1.0000
vn,doc trung,đốc trung,1.0000
vn,doc ve,đốc về,1.0000
vn,doc viec,đốc việc,1.0000
vn,dochuyen mon,độchuyên môn,1.0000
vn,doi 1,đổi 1,0.9600
vn,doi an,đối an,1.0000
vn,doi bai,đổi bãi,1.0000
vn,doi bat,đổi bất,0.9286
vn,doi bien,đội biên,0.9579
vn,doi bo,đổi bổ,0.9928
vn,doi canh,đội cảnh,1.0000
vn,doi cau,đổi cấu,0.9630
vn,doi chia,đổi chia,1.0000
vn,doi chieu,đối chiếu,0.9919
vn,doi chuc,đổi chức,1.0000
vn,doi cong,đổi công,0.9297
vn,doi cum,đổi cụm,1.0000
vn,doi cung,đổi cung,0.9533
vn,doi den,đổi đến,0.9091
vn,doi dia,đổi địa,1.0000
vn,doi diem,đổi điểm,1.0000
vn,doi dieu,đổi điều,0.9431
vn,doi doanh,đổi doanh,1.0000
vn,doi gia,đổi giá,0.9091
vn,doi giay,đổi giấy,0.9741
vn,doi han,đổi hạn,1.0000
vn,doi hien,đổi hiện,0.9737
vn,doi hinh,đổi hình,1.0000
vn,doi hoi,đòi hỏi,0.9167
vn,doi huy,đổi hủy,1.0000
vn,doi khoan,đổi khoản,0.9427
vn,doi kich,đổi kích,1.0000
vn,doi la,đổi là,1.0000
vn,doi lien,đổi liên,0.9130
vn,doi ma,đổi mã,0.9579
vn,doi mat,đổi mật,0.9375
vn,doi mo,đổi mô,0.9091
vn,doi moi,đổi mới,0.9953
vn,doi mot,đổi một,0.9881
vn,doi ngan,đối ngân,0.9136
vn,doi ngu,đội ngũ,1.0000
vn,doi nguoi,đổi người,0.9545
vn,doi nguon,đối nguồn,0.9333
vn,doi nguyen,dõi nguyên,0.9091
vn,doi nhom,đội nhóm,1.0000
vn,doi noi,đổi nội,0.9325
vn,doi phai,đổi phải,0.9649
vn,doi phuong,đổi phương,1.0000
vn,doi quy,đổi quy,0.9200
vn,doi quyen,đổi quyền,1.0000
vn,doi ranh,đổi ranh,1.0000
vn,doi rieng,dõi riêng,0.9600
vn,doi rui,dõi rủi,1.0000
vn,doi sang,đổi sang,0.9722
vn,doi sau,đổi sau,0.9643
vn,doi soat,đối soát,0.9845
vn,doi song,đời sống,1.0000
vn,doi tac,đối tác,0.9977
vn,doi ten,đổi tên,1.0000
vn,doi thanh,đổi thành,0.9412
vn,doi thiet,đời thiết,1.0000
vn,doi thong,đổi thông,0.9645
vn,doi tien,đổi tiền,0.9464
vn,doi tiep,đổi tiếp,1.0000
vn,doi tiet,đổi tiết,1.0000
vn,doi trai,đổi trái,0.9500
vn,doi truong,đội trưởng,0.9307
vn,doi truy,đồi trụy,0.9524
vn,doi truyen,đổi truyền,1.0000
vn,doi tuong,đối tượng,0.9923
vn,doi ty,đổi tỷ,1.0000
vn,doi vao,đổi vào,0.9444
vn,doi ve,đổi về,0.9561
vn,doi vi,đổi vị,0.9130
vn,doi voi,đối với,0.9980
vn,doi xoa,đổi xóa,0.9655
vn,doi xung,đối xứng,0.9787
vn,dola my,đôla mỹ,1.0000
vn,don ban,đơn bán,0.9733
vn,don chung,đơn chứng,1.0000
vn,don cong,đồn công,0.9375
vn,don da,đơn đã,0.9167
vn,don dang,đơn đăng,0.9804
vn,don de,đơn đề,0.9934
vn,don doc,đôn đốc,1.0000
vn,don gia,đơn giá,0.9747
vn,don giai,đơn giải,1.0000
vn,don gian,đơn giản,1.0000
vn,don hang,đơn hàng,1.0000
vn,don hoac,đơn hoặc,1.0000
vn,don khieu,đơn khiếu,1.0000
vn,don kiem,đơn kiêm,1.0000
vn,don le,đơn lẻ,1.0000
vn,don mau,đơn mẫu,1.0000
vn,don mua,đơn mua,1.0000
vn,don phai,đơn phải,1.0000
vn,don phieu,đơn phiếu,1.0000
vn,don phuong,đơn phương,1.0000
vn,don thanh,đơn thanh,1.0000
vn,don theo,đơn theo,1.0000
vn,don thu,đơn thư,0.9897
vn,don tiep,đón tiếp,1.0000
vn,don to,đơn tờ,0.9091
vn,don va,đơn và,1.0000
vn,don vi,đơn vị,0.9952
vn,don vico,đơn vịcó,1.0000
vn,don vigui,đơn vịgửi,1.0000
vn,don vihoac,đơn vịhoặc,1.0000
vn,don vikem,đơn vịkèm,1.0000
vn,don vilien,đơn vịliên,1.0000
vn,don vinoi,đơn vịnơi,1.0000
vn,don viphai,đơn vịphải,1.0000
vn,don viquyet,đơn vịquyết,1.0000
vn,don vitang,đơn vịtặng,1.0000
vn,don vithuc,đơn vịthực,1.0000
vn,don vithuoc,đơn vịthuộc,1.0000
vn,don vitrinh,đơn vịtrình,1.0000
vn,don vitruoc,đơn vịtrước,1.0000
vn,don viva,đơn vịvà,1.0000
vn,don xin,đơn xin,1.0000
vn,don yeu,đơn yêu,1.0000
vn,dong 01,đồng 01,0.9828
vn,dong 17,đồng 17,0.9000
vn,dong 24,động 24,1.0000
vn,dong 585,động 585,1.0000
vn,dong alco,đồng alco,1.0000
vn,dong an,động an,0.9859
vn,dong atm,động atm,1.0000
vn,dong bac,đông bắc,0.9000
vn,dong bat,động bất,0.9070
vn,dong bay,động bay,1.0000
vn,dong bcc,đồng bcc,1.0000
vn,dong bien,đồng biên,0.9286
vn,dong binh,động bình,0.9917
vn,dong bot,đồng bot,1.0000
vn,dong bt,đồng bt,1.0000
vn,dong buu,động bưu,1.0000
vn,dong canh,động cảnh,1.0000
vn,dong cao,động cao,1.0000
vn,dong chat,động chất,0.9873
vn,dong chay,dòng chảy,0.9792
vn,dong chong,động chống,1.0000
vn,dong cong,động công,0.9414
vn,dong cua,động của,0.9631
vn,dong cuoc,đông cuộc,0.9412
vn,dong dan,đồng dân,0.9240
vn,dong den,đồng đến,0.9840
vn,dong detang,động đểtặng,1.0000
vn,dong dia,động địa,0.9268
vn,dong doi,đồng đối,0.9566
vn,dong don,đồng đơn,0.9500
vn,dong dot,động đột,1.0000
vn,dong duy,động duy,1.0000
vn,dong dvcntt,động đvcntt,1.0000
vn,dong email,động email,1.0000
vn,dong ghi,động ghi,0.9250
vn,dong giai,động giải,0.9302
vn,dong giam,động giám,0.9358
vn,dong giay,động giấy,1.0000
vn,dong goi,đóng gói,1.0000
vn,dong gop,đóng góp,0.9860
vn,dong gsm,động gsm,1.0000
vn,dong h2h,động h2h,1.0000
vn,dong ha,đồng ha,0.9417
vn,dong hanh,động hành,1.0000
vn,dong hoc,động học,1.0000
vn,dong in,động in,0.9722
vn,dong khao,động khảo,1.0000
vn,dong khoang,động khoáng,0.9744
vn,dong khung,động khủng,1.0000
vn,dong khuyen,động khuyến,1.0000
vn,dong kinh,động kinh,0.9249
vn,dong livestream,động livestream,1.0000
vn,dong loai,động loại,0.9167
vn,dong luan,động luân,1.0000
vn,dong luc,động lực,1.0000
vn,dong luu,động lưu,0.9444
vn,dong m2m,động m2m,1.0000
vn,dong mat,động mặt,0.9763
vn,dong may,động máy,0.9630
vn,dong moc,đồng móc,0.9474
vn,dong muoi,đồng mười,1.0000
vn,dong nai,đồng nai,1.0000
vn,dong nang,động nâng,0.9394
vn,dong nganh,động ngành,1.0000
vn,dong nghien,động nghiên,0.9274
vn,dong nghiep,động nghiệp,0.9254
vn,dong nham,động nhằm,0.9444
vn,dong nhap,động nhập,1.0000
vn,dong nhat,đồng nhất,0.9667
vn,dong on,động ổn,1.0000
vn,dong pham,động phạm,1.0000
vn,dong san,động sản,0.9608
vn,dong tao,động tạo,1.0000
vn,dong thang,đồng tháng,1.0000
vn,dong thap,đồng tháp,1.0000
vn,dong thay,động thay,1.0000
vn,dong thoi,đồng thời,0.9862
vn,dong thuy,động thủy,0.9474
vn,dong tiep,động tiếp,0.9091
vn,dong totrinh,động tờtrình,1.0000
vn,dong tri,động trí,0.9167
vn,dong trich,động trích,1.0000
vn,dong trien,động triển,0.9375
vn,dong tro,đồng trở,0.9507
vn,dong truy,động truy,1.0000
vn,dong truyen,động truyền,1.0000
vn,dong ung,động ứng,1.0000
vn,dong uom,động ươm,1.0000
vn,dong vang,đồng vắng,0.9926
vn,dong vao,động vào,0.9600
vn,dong vat,động vật,1.0000
vn,dong vien,động viễn,0.9772
vn,dong viet,đồng việt,0.9714
vn,dong von,động vốn,1.0000
vn,dong vutochuc,đồng vụtổchức,1.0000
vn,dong w,động w,1.0000
vn,dong xam,động xâm,0.9877
vn,dong xay,động xây,0.9282
vn,dong xet,đồng xét,1.0000
vn,dong xuat,động xuất,0.9967
vn,dong xuc,động xúc,1.0000
vn,dong y,đồng ý,1.0000
vn,dot chao,đợt chào,1.0000
vn,dot loi,đột lợi,1.0000
vn,dot thong,đột thông,1.0000
vn,dot tiep,đợt tiếp,1.0000
vn,dot truoc,đợt trước,1.0000
vn,dot xuat,đột xuất,1.0000
vn,dotinh than,đỡtinh thần,1.0000
vn,dovemoi mat,độvềmọi mặt,1.0000
vn,dtm he,dtm hệ,1.0000
vn,dtm phai,dtm phải,1.0000
vn,du 06,đủ 06,1.0000
vn,du 1,dụ 1,0.9091
vn,du 12,đủ 12,0.9231
vn,du 14,đủ 14,0.9643
vn,du 15,đủ 15,1.0000
vn,du 17,đủ 17,1.0000
vn,du 18,đủ 18,1.0000
vn,du 20,đủ 20,1.0000
vn,du 202,dụ 202,1.0000
vn,du 23,đủ 23,1.0000
vn,du an,dự án,0.9978
vn,du bang,đủ bằng,0.9138
vn,du bao,dự báo,0.9218
vn,du bu,đủ bù,1.0000
vn,du cac,đủ các,0.9062
vn,du chinh,đủ chính,0.9927
vn,du cho,đủ cho,0.9344
vn,du chuc,đủ chức,1.0000
vn,du con,dư còn,1.0000
vn,du cuoc,dự cuộc,1.0000
vn,du den,đủ đến,0.9565
vn,du dia,đủ địa,1.0000
vn,du dieu,đủ điều,0.9988
vn,du dinh,dự định,1.0000
vn,du doan,dự đoán,1.0000
vn,du dung,đủ đúng,0.9508
vn,du giay,đủ giấy,1.0000
vn,du ho,đủ hồ,0.9680
vn,du i,đủ i,0.9286
vn,du kha,đủ khả,0.9796
vn,du kiem,dự kiểm,1.0000
vn,du kien,dự kiến,0.9834
vn,du kinh,đủ kinh,0.9333
vn,du kip,đủ kịp,1.0000
vn,du lich,du lịch,0.9960
vn,du lieu,dữ liệu,0.9994
vn,du minh,dụ minh,0.9091
vn,du mot,đủ một,1.0000
vn,du nang,đủ năng,1.0000
vn,du neu,dư nếu,0.9375
vn,du nghia,đủ nghĩa,1.0000
vn,du no,dư nợ,0.9904
vn,du noi,đủ nội,1.0000
vn,du phien,dự phiên,1.0000
vn,du phong,dự phòng,0.9991
vn,du ro,đủ rõ,1.0000
vn,du rui,đủ rủi,0.9231
vn,du tat,dư tất,0.9231
vn,du thang,dụ tháng,1.0000
vn,du thao,dự thảo,1.0000
vn,du thau,dự thầu,0.9583
vn,du thoi,đủ thời,1.0000
vn,du thong,đủ thông,0.9602
vn,du tieu,đủ tiêu,0.9872
vn,du toan,dự toán,0.9942
vn,du trach,đủ trách,1.0000
vn,du tren,dư trên,0.9158
vn,du trinh,đủ trình,1.0000
vn,du tru,dự trữ,0.9870
vn,du trung,đủ trung,0.9500
vn,du tuoi,đủ tuổi,1.0000
vn,du uy,dự uy,1.0000
vn,du ve,đủ về,0.9672
vn,du viec,đủ việc,1.0000
vn,du y,đủ ý,1.0000
vn,du yeu,đủ yêu,0.9474
vn,du10 nam,đủ10 năm,1.0000
vn,du15 nam,đủ15 năm,1.0000
vn,du20 nam,đủ20 năm,1.0000
vn,dua bo,đua bộ,1.0000
vn,dua cac,đưa các,1.0000
vn,dua cham,đua chăm,1.0000
vn,dua cong,đưa công,1.0000
vn,dua cua,đua của,1.0000
vn,dua cung,đưa cung,1.0000
vn,dua do,đua do,0.9655
vn,dua doi,đua đối,0.9500
vn,dua don,đưa đón,1.0000
vn,dua he,đưa hệ,1.0000
vn,dua hinh,đua hình,0.9891
vn,dua ii,đua ii,1.0000
vn,dua iv,đua iv,1.0000
vn,dua kem,đua kèm,1.0000
vn,dua ket,đua kết,1.0000
vn,dua khen,đua khen,1.0000
vn,dua khu,đưa khu,1.0000
vn,dua luu,đưa lưu,1.0000
vn,dua muc,đưa mực,1.0000
vn,dua neu,đua nếu,1.0000
vn,dua ngan,đua ngân,1.0000
vn,dua nganh,đua ngành,1.0000
vn,dua nguoi,đưa người,1.0000
vn,dua quy,đua quý,0.9444
vn,dua ra,đưa ra,1.0000
vn,dua tai,đưa tài,1.0000
vn,dua thang,đua tháng,1.0000
vn,dua them,đưa thêm,1.0000
vn,dua thong,đưa thông,1.0000
vn,dua thu,đưa thu,1.0000
vn,dua toan,đua toàn,1.0000
vn,dua tren,dựa trên,0.9663
vn,dua va,đua và,0.9744
vn,dua vao,đưa vào,0.9673
vn,dua viec,đua việc,1.0000
vn,duc bao,đúc bảo,0.9500
vn,duc bat,dục bắt,1.0000
vn,duc dai,dục đại,1.0000
vn,duc dao,dục đào,1.0000
vn,duc phap,dục pháp,1.0000
vn,duc phoc,đức phớc,0.9091
vn,duc the,dục thể,1.0000
vn,duc thuong,dục thường,1.0000
vn,duc tien,đúc tiền,0.9726
vn,duc tot,đức tốt,1.0000
vn,duc tri,đức trí,1.0000
vn,duc xa,đức xã,1.0000
vn,dun an,đun an,1.0000
vn,dun mat,đun mật,1.0000
vn,dung 100,dụng 100,1.0000
vn,dung bien,dụng biện,0.9382
vn,dung cao,dụng cao,1.0000
vn,dung chon,dựng chọn,0.9091
vn,dung cuthecua,dung cụthểcủa,1.0000
vn,dung dat,dụng đất,0.9860
vn,dung deu,dụng đều,1.0000
vn,dung dexet,dùng đểxét,1.0000
vn,dung di,dụng di,1.0000
vn,dung dich,dụng dịch,0.9815
vn,dung ham,dụng hàm,1.0000
vn,dung het,dụng hết,0.9432
vn,dung hieu,dụng hiệu,0.9829
vn,dung hoa,dụng hóa,0.9250
vn,dung internet,dụng internet,1.0000
vn,dung khach,dụng khách,1.0000
vn,dung kho,dụng kho,0.9643
vn,dung khoang,dụng khoáng,1.0000
vn,dung kinh,dụng kinh,0.9290
vn,dung lao,dụng lao,0.9912
vn,dung le,dụng lệ,1.0000
vn,dung lenh,dụng lệnh,0.9444
vn,dung luat,dụng luật,0.9677
vn,dung may,dụng máy,0.9355
vn,dung mobile,dụng mobile,1.0000
vn,dung nghien,dung nghiên,1.0000
vn,dung ngon,dụng ngôn,1.0000
vn,dung nguon,dụng nguồn,0.9611
vn,dung nham,dụng nhằm,0.9615
vn,dung nhien,dụng nhiên,1.0000
vn,dung nhieu,dụng nhiều,1.0000
vn,dung nuoc,dụng nước,0.9844
vn,dung online,dụng online,1.0000
vn,dung phao,dụng pháo,1.0000
vn,dung phi,dụng phi,0.9181
vn,dung pin,dụng pin,1.0000
vn,dung rong,dụng rộng,1.0000
vn,dung rung,dụng rừng,0.9915
vn,dung sieu,dựng siêu,0.9804
vn,dung song,dụng sóng,0.9545
vn,dung tai,dụng tài,0.9097
vn,dung tan,dụng tần,0.9359
vn,dung tao,dụng tạo,1.0000
vn,dung tem,dụng tem,1.0000
vn,dung than,dùng than,0.9375
vn,dung the,dụng thẻ,0.9324
vn,dung thuat,dụng thuật,1.0000
vn,dung tich,dung tích,0.9328
vn,dung tiet,dụng tiết,1.0000
vn,dung trai,dụng trái,0.9291
vn,dung tri,dụng trí,1.0000
vn,dung truc,dụng trực,0.9123
vn,dung uu,dụng ưu,0.9412
vn,dung vang,dụng vàng,0.9231
vn,dung vao,dụng vào,0.9356
vn,dung vat,dụng vật,0.9630
vn,dung viet,dụng việt,0.9753
vn,dung vneid,dụng vneid,1.0000
vn,dung von,dụng vốn,0.9929
vn,dung vuot,dụng vượt,0.9725
vn,dung xam,dung xâm,1.0000
vn,dung xe,dụng xe,0.9737
vn,dung xep,dụng xếp,1.0000
vn,dung xet,dụng xét,0.9000
vn,duo c,đượ c,0.9706
vn,duo ng,đườ ng,1.0000
vn,duoc 1,được 1,1.0000
vn,duoc 2,được 2,1.0000
vn,duoc 3,được 3,1.0000
vn,duoc ai,được ai,1.0000
vn,duoc ap,được áp,1.0000
vn,duoc b,được b,1.0000
vn,duoc bang,được bằng,0.9828
vn,duoc bau,được bầu,1.0000
vn,duoc ben,được bên,1.0000
vn,duoc biet,được biết,1.0000
vn,duoc bieu,được biểu,1.0000
vn,duoc binh,được bình,1.0000
vn,duoc boi,được bồi,0.9487
vn,duoc bu,được bù,1.0000
vn,duoc c,được c,1.0000
vn,duoc cac,được các,0.9957
vn,duoc cap,được cấp,0.9339
vn,duoc chap,được chấp,1.0000
vn,duoc chia,được chia,1.0000
vn,duoc cho,được cho,0.9706
vn,duoc chu,được chủ,0.9954
vn,duoc chuan,được chuẩn,1.0000
vn,duoc chung,được chứng,0.9955
vn,duoc chuyen,được chuyển,0.9874
vn,duoc co,được cơ,0.9853
vn,duoc coi,được coi,1.0000
vn,duoc cong,được công,0.9470
vn,duoc cua,được của,0.9394
vn,duoc cuc,được cục,1.0000
vn,duoc cudi,được cửđi,1.0000
vn,duoc cung,được cung,0.9852
vn,duoc dai,được đại,1.0000
vn,duoc dam,được đảm,0.9881
vn,duoc danh,được đánh,0.9580
vn,duoc dao,được đào,1.0000
vn,duoc dat,được đặt,0.9589
vn,duoc dau,được đầu,0.9760
vn,duoc day,được đầy,1.0000
vn,duoc denghikhen,được đềnghịkhen,1.0000
vn,duoc dich,được dịch,1.0000
vn,duoc dieu,được điều,1.0000
vn,duoc do,được do,1.0000
vn,duoc doanh,được doanh,1.0000
vn,duoc doc,được đọc,0.9474
vn,duoc don,được đơn,0.9744
vn,duoc dua,được đưa,0.9681
vn,duoc dung,được dùng,0.9780
vn,duoc duoc,được được,1.0000
vn,duoc duoi,được dưới,1.0000
vn,duoc duyet,được duyệt,1.0000
vn,duoc gap,được gặp,0.9583
vn,duoc gay,được gây,1.0000
vn,duoc ghi,được ghi,1.0000
vn,duoc giai,được giải,1.0000
vn,duoc giao,được giao,0.9997
vn,duoc giay,được giấy,1.0000
vn,duoc gioi,được giới,1.0000
vn,duoc giu,được giữ,1.0000
vn,duoc goi,được gọi,1.0000
vn,duoc gui,được gửi,1.0000
vn,duoc hach,được hạch,1.0000
vn,duoc hanh,được hành,1.0000
vn,duoc he,được hệ,1.0000
vn,duoc hieu,được hiểu,0.9961
vn,duoc hinh,được hình,1.0000
vn,duoc hoac,được hoặc,1.0000
vn,duoc hoan,được hoàn,0.9826
vn,duoc hoat,được hoạt,1.0000
vn,duoc hop,được hợp,0.9231
vn,duoc hoso,được hồsơ,1.0000
vn,duoc huong,được hưởng,0.9170
vn,duoc in,được in,1.0000
vn,duoc keo,được kéo,1.0000
vn,duoc ket,được kết,1.0000
vn,duoc khac,được khắc,1.0000
vn,duoc khach,được khách,1.0000
vn,duoc khai,được khai,0.9938
vn,duoc khen,được khen,1.0000
vn,duoc khi,được khi,1.0000
vn,duoc khieu,được khiếu,1.0000
vn,duoc khoan,được khoán,0.9310
vn,duoc khoi,được khởi,0.9580
vn,duoc khong,được không,1.0000
vn,duoc khuyen,được khuyến,1.0000
vn,duoc kich,được kích,1.0000
vn,duoc kiem,được kiểm,0.9954
vn,duoc kien,được kiến,1.0000
vn,duoc kinh,được kinh,1.0000
vn,duoc ky,được ký,1.0000
vn,duoc la,được là,1.0000
vn,duoc lam,được làm,0.9897
vn,duoc lap,được lập,0.9098
vn,duoc lay,được lấy,1.0000
vn,duoc lenh,được lệnh,1.0000
vn,duoc lien,được liên,1.0000
vn,duoc liet,được liệt,1.0000
vn,duoc loai,được loại,1.0000
vn,duoc lua,được lựa,1.0000
vn,duoc luu,được lưu,1.0000
vn,duoc ma,được mã,0.9681
vn,duoc mien,được miễn,1.0000
vn,duoc moi,được mời,0.9565
vn,duoc mot,được một,1.0000
vn,duoc mua,được mua,1.0000
vn,duoc nang,được nâng,0.9333
vn,duoc nap,được nạp,1.0000
vn,duoc ngan,được ngân,1.0000
vn,duoc nghi,được nghỉ,1.0000
vn,duoc nghiem,được nghiệm,1.0000
vn,duoc ngung,được ngừng,0.9167
vn,duoc nguoi,được người,1.0000
vn,duoc nguyen,được nguyên,1.0000
vn,duoc nha,được nhà,1.0000
vn,duoc nhap,được nhập,1.0000
vn,duoc nhieu,được nhiều,0.9899
vn,duoc niem,được niêm,1.0000
vn,duoc no,được nợ,1.0000
vn,duoc nop,được nộp,1.0000
vn,duoc phan,được phân,0.9593
vn,duoc phap,được pháp,1.0000
vn,duoc phat,được phát,1.0000
vn,duoc phe,được phê,1.0000
vn,duoc phep,được phép,1.0000
vn,duoc pho,được phổ,1.0000
vn,duoc phuc,được phục,0.9444
vn,duoc phuong,được phương,1.0000
vn,duoc quan,được quản,1.0000
vn,duoc quet,được quét,1.0000
vn,duoc quoc,được quốc,1.0000
vn,duoc quy,được quy,0.9817
vn,duoc quyen,được quyền,1.0000
vn,duoc quyet,được quyết,1.0000
vn,duoc rut,được rút,1.0000
vn,duoc san,được sản,0.9362
vn,duoc sao,được sao,1.0000
vn,duoc sap,được sắp,0.9643
vn,duoc sau,được sau,1.0000
vn,duoc sinh,được sinh,1.0000
vn,duoc sua,được sửa,1.0000
vn,duoc tach,được tách,1.0000
vn,duoc tam,được tạm,0.9556
vn,duoc tang,được tặng,0.9880
vn,duoc tao,được tạo,1.0000
vn,duoc tap,được tập,1.0000
vn,duoc tat,được tất,0.9091
vn,duoc thap,được thấp,1.0000
vn,duoc thau,được thấu,1.0000
vn,duoc thay,được thay,1.0000
vn,duoc the,được thể,0.9186
vn,duoc theo,được theo,1.0000
vn,duoc thiet,được thiết,1.0000
vn,duoc thoa,được thỏa,0.9800
vn,duoc thua,được thừa,1.0000
vn,duoc thuc,được thực,0.9998
vn,duoc thue,được thuê,1.0000
vn,duoc tich,được tích,1.0000
vn,duoc tiep,được tiếp,1.0000
vn,duoc tiet,được tiết,0.9000
vn,duoc tieu,được tiêu,1.0000
vn,duoc tim,được tìm,1.0000
vn,duoc tinh,được tính,0.9477
vn,duoc to,được tổ,0.9161
vn,duoc toi,được tối,1.0000
vn,duoc tong,được tổng,0.9859
vn,duoc trang,được trang,0.9770
vn,duoc trao,được trao,1.0000
vn,duoc tren,được trên,1.0000
vn,duoc trich,được trích,1.0000
vn,duoc trien,được triển,1.0000
vn,duoc trinh,được trình,1.0000
vn,duoc trong,được trong,0.9388
vn,duoc tru,được trừ,0.9851
vn,duoc truy,được truy,1.0000
vn,duoc truyen,được truyền,1.0000
vn,duoc tu,được từ,0.9499
vn,duoc tung,được từng,1.0000
vn,duoc tuyen,được tuyển,1.0000
vn,duoc ung,được ứng,1.0000
vn,duoc uu,được ưu,1.0000
vn,duoc uy,được ủy,0.9332
vn,duoc va,được và,1.0000
vn,duoc vao,được vào,1.0000
vn,duoc vay,được vay,1.0000
vn,duoc ve,được về,0.9375
vn,duoc viec,được việc,1.0000
vn,duoc vien,được viện,1.0000
vn,duoc voi,được với,1.0000
vn,duoc vuot,được vượt,1.0000
vn,duoc xac,được xác,1.0000
vn,duoc xay,được xây,1.0000
vn,duoc xem,được xem,1.0000
vn,duoc xep,được xếp,1.0000
vn,duoc xet,được xét,1.0000
vn,duoc xoa,được xóa,0.9250
vn,duoc xu,được xử,1.0000
vn,duoc xuat,được xuất,1.0000
vn,duoc y,được ý,1.0000
vn,duoc yeu,được yêu,1.0000
vn,duoi 0,dưới 0,0.9412
vn,duoi 01,dưới 01,1.0000
vn,duoi 02,dưới 02,1.0000
vn,duoi 03,dưới 03,1.0000
vn,duoi 05,dưới 05,1.0000
vn,duoi 06,dưới 06,1.0000
vn,duoi 1,dưới 1,0.9818
vn,duoi 10,dưới 10,1.0000
vn,duoi 100,dưới 100,1.0000
vn,duoi 14,dưới 14,1.0000
vn,duoi 15,dưới 15,1.0000
vn,duoi 18,dưới 18,1.0000
vn,duoi 20,dưới 20,1.0000
vn,duoi 200,dưới 200,1.0000
vn,duoi 25,dưới 25,1.0000
vn,duoi 250,dưới 250,1.0000
vn,duoi 3,dưới 3,0.9524
vn,duoi 30,dưới 30,1.0000
vn,duoi 300,dưới 300,1.0000
vn,duoi 40,dưới 40,1.0000
vn,duoi 400,dưới 400,1.0000
vn,duoi 5,dưới 5,1.0000
vn,duoi 50,dưới 50,1.0000
vn,duoi 500,dưới 500,1.0000
vn,duoi 6,dưới 6,1.0000
vn,duoi 60,dưới 60,1.0000
vn,duoi 80,dưới 80,1.0000
vn,duoi bat,dưới bất,0.9630
vn,duoi cac,dưới các,1.0000
vn,duoi dang,dưới dạng,0.9947
vn,duoi dat,dưới đất,1.0000
vn,duoi day,dưới đây,0.9992
vn,duoi hinh,dưới hình,1.0000
vn,duoi moi,dưới mọi,1.0000
vn,duoi mot,dưới một,1.0000
vn,duoi nuoc,dưới nước,1.0000
vn,duoi su,dưới sự,1.0000
vn,duoi ten,dưới tên,1.0000
vn,duoi theo,dưới theo,1.0000
vn,duoi truc,dưới trực,1.0000
vn,duong a,dưỡng a,0.9394
vn,duong bo,đường bộ,0.9920
vn,duong buu,đường bưu,1.0000
vn,duong can,dưỡng cán,0.9630
vn,duong chuyen,dưỡng chuyên,0.9104
vn,duong dan,đường dẫn,1.0000
vn,duong dao,dưỡng đào,0.9091
vn,duong day,đường dây,1.0000
vn,duong giam,dưỡng giám,0.9545
vn,duong giao,đường giao,1.0000
vn,duong gm,đường gm,1.0000
vn,duong hoi,đương hội,0.9000
vn,duong hop,đương hợp,1.0000
vn,duong khong,đương không,0.9444
vn,duong kien,dưỡng kiến,1.0000
vn,duong kinh,đường kính,1.0000
vn,duong lich,dương lịch,1.0000
vn,duong loi,đường lối,1.0000
vn,duong muc,đương mức,1.0000
vn,duong nang,dưỡng nâng,1.0000
vn,duong nghe,dưỡng nghề,1.0000
vn,duong nghiep,dưỡng nghiệp,1.0000
vn,duong nhan,dưỡng nhân,0.9000
vn,duong nhiem,đương nhiệm,1.0000
vn,duong nhien,đương nhiên,1.0000
vn,duong ong,đường ống,1.0000
vn,duong phat,dưỡng phát,1.0000
vn,duong sat,đường sắt,1.0000
vn,duong sua,dưỡng sửa,1.0000
vn,duong ten,đường tên,0.9167
vn,duong thuoc,đương thuộc,0.9571
vn,duong thuong,dưỡng thường,1.0000
vn,duong thuy,đường thủy,0.9734
vn,duong tieu,dưỡng tiêu,1.0000
vn,duong toi,đương tối,1.0000
vn,duong trai,dưỡng trại,1.0000
vn,duong tren,đương trên,1.0000
vn,duong trinh,dưỡng trình,1.0000
vn,duong tro,đương trở,0.9787
vn,duong truyen,đường truyền,1.0000
vn,duong tu,đương từ,1.0000
vn,duong vien,đường viền,0.9479
vn,duong voi,đương với,1.0000
vn,dut ap,dứt áp,1.0000
vn,dut cung,dứt cung,1.0000
vn,dut dang,dứt đăng,1.0000
vn,dut diem,dứt điểm,1.0000
vn,dut hanh,dứt hành,1.0000
vn,dut hieu,dứt hiệu,1.0000
vn,dut hoac,dứt hoặc,1.0000
vn,dut hoat,dứt hoạt,1.0000
vn,dut hop,dứt hợp,1.0000
vn,dut ket,dứt kết,1.0000
vn,dut la,dứt là,1.0000
vn,dut ngay,dứt ngay,1.0000
vn,dut phong,dứt phong,1.0000
vn,dut su,dứt sử,0.9524
vn,dut tap,dứt tập,1.0000
vn,dut thong,dứt thông,1.0000
vn,dut thuc,dứt thực,1.0000
vn,dut tu,dứt tư,0.9333
vn,dut viec,dứt việc,1.0000
vn,dutieu chuan,đủtiêu chuẩn,1.0000
vn,duy nhat,duy nhất,1.0000
vn,duy tri,duy trì,1.0000
vn,duyet 1,duyệt 1,1.0000
vn,duyet 2,duyệt 2,1.0000
vn,duyet 3,duyệt 3,1.0000
vn,duyet 4,duyệt 4,1.0000
vn,duyet 5,duyệt 5,1.0000
vn,duyet a,duyệt a,1.0000
vn,duyet b,duyệt b,1.0000
vn,duyet c,duyệt c,1.0000
vn,duyet cac,duyệt các,1.0000
vn,duyet chi,duyệt chi,0.9130
vn,duyet cho,duyệt cho,1.0000
vn,duyet chu,duyệt chủ,1.0000
vn,duyet chuong,duyệt chương,1.0000
vn,duyet cong,duyệt công,0.9130
vn,duyet cu,duyệt cụ,1.0000
vn,duyet cua,duyệt của,1.0000
vn,duyet danh,duyệt danh,1.0000
vn,duyet dia,duyệt địa,1.0000
vn,duyet dieu,duyệt điều,1.0000
vn,duyet doanh,duyệt doanh,1.0000
vn,duyet doi,duyệt đối,1.0000
vn,duyet don,duyệt đơn,1.0000
vn,duyet dong,duyệt đồng,1.0000
vn,duyet duoc,duyệt được,1.0000
vn,duyet gia,duyệt giá,1.0000
vn,duyet giao,duyệt giao,0.9167
vn,duyet gom,duyệt gồm,1.0000
vn,duyet ho,duyệt hồ,0.9583
vn,duyet hoac,duyệt hoặc,1.0000
vn,duyet hop,duyệt hợp,1.0000
vn,duyet ke,duyệt kế,0.9907
vn,duyet ket,duyệt kết,1.0000
vn,duyet khi,duyệt khi,1.0000
vn,duyet khong,duyệt không,1.0000
vn,duyet kinh,duyệt kinh,1.0000
vn,duyet ky,duyệt ký,1.0000
vn,duyet lai,duyệt lại,1.0000
vn,duyet lenh,duyệt lệnh,1.0000
vn,duyet ma,duyệt mà,1.0000
vn,duyet mau,duyệt mẫu,1.0000
vn,duyet muc,duyệt mức,1.0000
vn,duyet nhiem,duyệt nhiệm,1.0000
vn,duyet nhung,duyệt nhưng,1.0000
vn,duyet noi,duyệt nội,1.0000
vn,duyet phai,duyệt phải,1.0000
vn,duyet phe,duyệt phê,1.0000
vn,duyet phuong,duyệt phương,1.0000
vn,duyet quy,duyệt quy,0.9726
vn,duyet quyet,duyệt quyết,1.0000
vn,duyet sau,duyệt sau,1.0000
vn,duyet sua,duyệt sửa,1.0000
vn,duyet tai,duyệt tại,0.9559
vn,duyet thay,duyệt thay,1.0000
vn,duyet theo,duyệt theo,1.0000
vn,duyet thi,duyệt thì,1.0000
vn,duyet thiet,duyệt thiết,1.0000
vn,duyet thong,duyệt thông,0.9375
vn,duyet thuc,duyệt thực,1.0000
vn,duyet to,duyệt tổ,1.0000
vn,duyet tra,duyệt tra,1.0000
vn,duyet tren,duyệt trên,1.0000
vn,duyet trong,duyệt trong,0.9722
vn,duyet truoc,duyệt trước,1.0000
vn,duyet truong,duyệt trường,1.0000
vn,duyet ty,duyệt tỷ,1.0000
vn,duyet va,duyệt và,1.0000
vn,duyet viec,duyệt việc,1.0000
vn,duyet voi,duyệt với,1.0000
vn,duyet xac,duyệt xác,1.0000
vn,dvc he,dvc hệ,1.0000
vn,dvc quoc,dvc quốc,1.0000
vn,dvcnt phai,đvcnt phải,1.0000
vn,dvcntt co,đvcntt có,1.0000
vn,dvcntt khach,đvcntt khách,1.0000
vn,dvcntt phai,đvcntt phải,1.0000
vn,dvcntt theo,đvcntt theo,1.0000
vn,dvcntt to,đvcntt tổ,1.0000
vn,dvcntt trong,đvcntt trong,1.0000
vn,dvctt cua,dvctt của,1.0000
vn,dxpa ban,đxpa ban,1.0000
vn,e buoc,e buộc,1.0000
vn,e c,ệ c,0.9583
vn,e cac,e các,1.0000
vn,e chiu,e chịu,1.0000
vn,e cong,e công,1.0000
vn,e dich,e dịch,1.0000
vn,e diem,e điểm,1.0000
vn,e dieu,e điều,1.0000
vn,e doi,e đối,0.9714
vn,e duoc,e được,1.0000
vn,e giay,e giấy,1.0000
vn,e hanh,e hành,1.0000
vn,e he,e hệ,1.0000
vn,e ket,e kết,1.0000
vn,e khoan,e khoản,1.0000
vn,e khong,e không,1.0000
vn,e kiem,e kiểm,1.0000
vn,e nguoi,e người,1.0000
vn,e nha,e nhà,1.0000
vn,e nhan,e nhận,0.9167
vn,e phoi,e phối,1.0000
vn,e phuong,e phương,1.0000
vn,e quan,e quản,1.0000
vn,e quyet,e quyết,1.0000
vn,e sua,e sửa,1.0000
vn,e thoi,e thời,1.0000
vn,e thuc,e thực,0.9792
vn,e to,e tổ,1.0000
vn,e tong,e tổng,1.0000
vn,e trach,e trách,1.0000
vn,e truong,e trường,0.9773
vn,e va,e và,1.0000
vn,e vao,e vào,1.0000
vn,e viec,e việc,1.0000
vn,e von,e vốn,1.0000
vn,e yeu,e yêu,1.0000
vn,eirp va,eirp và,1.0000
vn,em co,em có,1.0000
vn,em duoi,em dưới,1.0000
vn,em nguoi,em người,1.0000
vn,em ruot,em ruột,1.0000
vn,em tren,em trên,1.0000
vn,em tuyen,em tuyên,1.0000
vn,em va,em và,1.0000
vn,email cua,email của,1.0000
vn,email dia,email địa,1.0000
vn,email neu,email nếu,1.0000
vn,email so,email số,1.0000
vn,email va,email và,1.0000
vn,ep buoc,ép buộc,1.0000
vn,ep ha,ép hạ,1.0000
vn,ep tau,ép tàu,1.0000
vn,ep thanh,ép thành,1.0000
vn,f muc,f mức,0.9286
vn,fax hoac,fax hoặc,1.0000
vn,file ban,file bản,1.0000
vn,file du,file dữ,0.9286
vn,file duoc,file được,1.0000
vn,file hoac,file hoặc,1.0000
vn,file van,file văn,1.0000
vn,g buoc,g buộc,1.0000
vn,g cac,g các,1.0000
vn,g diem,g điểm,1.0000
vn,g doi,g đối,1.0000
vn,g gia,g giá,1.0000
vn,g ket,g kết,1.0000
vn,g khoan,g khoản,1.0000
vn,g khong,g không,1.0000
vn,g muc,g mục,0.9091
vn,g phuong,g phương,1.0000
vn,g quan,g quản,1.0000
vn,g tai,g tài,1.0000
vn,g thoi,g thời,1.0000
vn,g thong,g thông,1.0000
vn,g thuc,g thực,0.9756
vn,g to,g tổ,1.0000
vn,g trach,g trách,1.0000
vn,g truong,g trường,1.0000
vn,g tu,g từ,0.9167
vn,g va,g và,1.0000
vn,g xay,g xây,1.0000
vn,g1 tren,g1 trên,1.0000
vn,g4 tren,g4 trên,1.0000
vn,gach dau,gạch đầu,1.0000
vn,gan chip,gắn chíp,0.9811
vn,gan dao,gần đào,0.9231
vn,gan dau,gắn dấu,1.0000
vn,gan dia,gán địa,1.0000
vn,gan kem,gắn kèm,1.0000
vn,gan lien,gắn liền,0.9994
vn,gan nhat,gần nhất,1.0000
vn,gan the,gắn thẻ,1.0000
vn,gan tren,gắn trên,1.0000
vn,gan va,gần và,0.9412
vn,gan voi,gắn với,0.9844
vn,gap 02,gấp 02,1.0000
vn,gap co,gặp có,1.0000
vn,gap hai,gấp hai,1.0000
vn,gap hoc,gặp học,1.0000
vn,gap kho,gặp khó,1.0000
vn,gap mat,gặp mặt,1.0000
vn,gap phai,gặp phải,1.0000
vn,gap pham,gặp phạm,1.0000
vn,gap su,gặp sự,1.0000
vn,gap than,gặp thân,1.0000
vn,gap va,gặp và,0.9375
vn,gay anh,gây ảnh,1.0000
vn,gay bao,gây bạo,0.9474
vn,gay gian,gây gián,1.0000
vn,gay hai,gây hại,1.0000
vn,gay hau,gây hậu,1.0000
vn,gay hoang,gây hoang,0.9333
vn,gay kho,gây khó,1.0000
vn,gay lang,gây lãng,1.0000
vn,gay mat,gây mất,1.0000
vn,gay nguy,gây nguy,1.0000
vn,gay nham,gây nhầm,1.0000
vn,gay nhieu,gây nhiễu,1.0000
vn,gay o,gây ô,1.0000
vn,gay phuong,gây phương,1.0000
vn,gay ra,gây ra,1.0000
vn,gay roi,gây rối,1.0000
vn,gay that,gây thất,1.0000
vn,gay thiet,gây thiệt,1.0000
vn,gay ton,gây tổn,1.0000
vn,gen giong,gen giống,1.0000
vn,geo du,geo dữ,1.0000
vn,ghep bo,ghép bộ,1.0000
vn,ghep mo,ghép mô,1.0000
vn,ghi am,ghi âm,1.0000
vn,ghi cac,ghi các,1.0000
vn,ghi chep,ghi chép,1.0000
vn,ghi chu,ghi chú,0.9367
vn,ghi co,ghi có,0.9420
vn,ghi cu,ghi cụ,1.0000
vn,ghi day,ghi đầy,1.0000
vn,ghi de,ghi đè,1.0000
vn,ghi gia,ghi giá,1.0000
vn,ghi giam,ghi giảm,1.0000
vn,ghi hinh,ghi hình,1.0000
vn,ghi ho,ghi họ,1.0000
vn,ghi lai,ghi lại,1.0000
vn,ghi loi,ghi lời,1.0000
vn,ghi ma,ghi mã,0.9091
vn,ghi nhan,ghi nhận,0.9789
vn,ghi nhat,ghi nhật,1.0000
vn,ghi no,ghi nợ,1.0000
vn,ghi o,ghi ở,1.0000
vn,ghi phieu,ghi phiếu,1.0000
vn,ghi ro,ghi rõ,1.0000
vn,ghi tai,ghi tại,1.0000
vn,ghi tang,ghi tăng,1.0000
vn,ghi ten,ghi tên,1.0000
vn,ghi thong,ghi thông,1.0000
vn,ghi tren,ghi trên,1.0000
vn,ghi vao,ghi vào,1.0000
vn,ghi xuat,ghi xuất,1.0000
vn,ghichu chuoi,ghichu chuỗi,1.0000
vn,ghz thiet,ghz thiết,1.0000
vn,ghz va,ghz và,1.0000
vn,gia 01,giá 01,0.9231
vn,gia an,giá an,0.9076
vn,gia ben,giá bên,0.9268
vn,gia bieu,gia biểu,1.0000
vn,gia cao,giá cao,0.9655
vn,gia chap,giá chấp,0.9231
vn,gia chat,giá chất,1.0000
vn,gia chien,gia chiến,1.0000
vn,gia cho,giá cho,0.9251
vn,gia chuong,gia chương,0.9470
vn,gia cuoc,giá cước,0.9098
vn,gia cuoi,giá cuối,1.0000
vn,gia dao,gia đào,0.9375
vn,gia dat,giá đất,0.9231
vn,gia doan,gia đoàn,1.0000
vn,gia gay,gia gây,1.0000
vn,gia ghi,giá ghi,0.9464
vn,gia gia,giá giá,0.9914
vn,gia gop,gia góp,0.9706
vn,gia han,gia hạn,1.0000
vn,gia hieu,giá hiệu,0.9946
vn,gia kha,giá khả,1.0000
vn,gia khoi,giá khởi,0.9915
vn,gia khung,gia khủng,0.9512
vn,gia khuyen,giá khuyến,0.9333
vn,gia lai,giá lại,0.9568
vn,gia lan,giá lần,0.9375
vn,gia len,giá lên,0.9259
vn,gia loi,gia lợi,0.9655
vn,gia mao,giả mạo,1.0000
vn,gia mot,giá một,0.9298
vn,gia muc,giá mức,0.9014
vn,gia nghiem,giá nghiệm,0.9760
vn,gia nghien,gia nghiên,0.9630
vn,gia nguoi,giá người,0.9714
vn,gia niem,giá niêm,1.0000
vn,gia pha,giá phá,0.9375
vn,gia phi,giá phí,0.9091
vn,gia phoi,gia phối,0.9714
vn,gia phong,gia phòng,0.9600
vn,gia quyen,giá quyền,0.9756
vn,gia rui,giá rủi,1.0000
vn,gia suc,gia súc,1.0000
vn,gia tac,giá tác,0.9739
vn,gia tai,giá tài,0.9537
vn,gia tam,giá tạm,0.9000
vn,gia tang,gia tăng,0.9205
vn,gia thap,giá thấp,1.0000
vn,gia thoai,giá thoái,1.0000
vn,gia thue,giá thuê,0.9558
vn,gia tiem,giá tiềm,1.0000
vn,gia tin,giá tín,0.9091
vn,gia trat,gia trật,1.0000
vn,gia tri,giá trị,0.9948
vn,gia tridac,giá trịđặc,1.0000
vn,gia trien,gia triển,0.9474
vn,gia trithiet,giá trịthiết,1.0000
vn,gia tung,giá từng,0.9000
vn,gia ung,gia ứng,1.0000
vn,gia vang,giá vàng,1.0000
vn,gia vao,gia vào,0.9365
vn,gia ve,gia về,0.9555
vn,gia vien,giá viên,0.9971
vn,gia viet,gia việt,0.9185
vn,gia vu,gia vụ,1.0000
vn,gia vung,gia vùng,1.0000
vn,gia xe,giá xe,1.0000
vn,gia xep,giá xếp,1.0000
vn,gia y,gia ý,0.9714
vn,giac tin,giác tin,1.0000
vn,giac toi,giác tội,1.0000
vn,giai dap,giải đáp,1.0000
vn,giai doan,giai đoạn,1.0000
vn,giai ma,giải mã,1.0000
vn,giai ngan,giải ngân,1.0000
vn,giai phap,giải pháp,1.0000
vn,giai phong,giải phóng,1.0000
vn,giai quyet,giải quyết,0.9996
vn,giai the,giải thể,1.0000
vn,giai thich,giải thích,1.0000
vn,giai thuong,giải thưởng,1.0000
vn,giai toa,giải tỏa,1.0000
vn,giai toi,giải tối,1.0000
vn,giai tri,giải trí,1.0000
vn,giai trinh,giải trình,1.0000
vn,giam 50,giảm 50,1.0000
vn,giam bi,giam bị,1.0000
vn,giam chat,giảm chất,1.0000
vn,giam chi,giảm chi,1.0000
vn,giam cong,giam công,1.0000
vn,giam cua,giam của,0.9697
vn,giam de,giam để,1.0000
vn,giam dinh,giám định,1.0000
vn,giam doanh,giảm doanh,1.0000
vn,giam doc,giám đốc,0.9993
vn,giam doi,giam đối,0.9167
vn,giam don,giảm đơn,1.0000
vn,giam gia,giảm giá,0.9811
vn,giam giam,giam giám,1.0000
vn,giam giu,giam giữ,1.0000
vn,giam han,giảm hạn,1.0000
vn,giam ho,giám hộ,1.0000
vn,giam kha,giảm khả,1.0000
vn,giam kinh,giảm kinh,1.0000
vn,giam lai,giảm lãi,1.0000
vn,giam lu,giảm lũ,1.0000
vn,giam moi,giam mới,1.0000
vn,giam muc,giảm mức,1.0000
vn,giam ngheo,giảm nghèo,1.0000
vn,giam nghia,giảm nghĩa,1.0000
vn,giam nguon,giảm nguồn,1.0000
vn,giam nha,giam nhà,0.9583
vn,giam nhe,giảm nhẹ,1.0000
vn,giam nhu,giảm nhu,1.0000
vn,giam noi,giam nơi,1.0000
vn,giam phat,giảm phát,1.0000
vn,giam sat,giám sát,0.9995
vn,giam tai,giảm tài,0.9909
vn,giam tang,giảm tăng,1.0000
vn,giam thap,giảm thấp,1.0000
vn,giam thieu,giảm thiểu,1.0000
vn,giam thoi,giảm thời,0.9231
vn,giam thue,giảm thuế,0.9800
vn,giam thuoc,giam thuộc,1.0000
vn,giam tien,giảm tiền,1.0000
vn,giam trai,giam trại,1.0000
vn,giam tru,giảm trừ,1.0000
vn,giam von,giảm vốn,1.0000
vn,gian ap,gian áp,1.0000
vn,gian bat,gian bắt,0.9655
vn,gian bi,gian bị,1.0000
vn,gian cac,gian các,1.0000
vn,gian cap,gian cập,0.9167
vn,gian chot,gian chốt,1.0000
vn,gian chua,gian chưa,1.0000
vn,gian chung,gian chứng,0.9048
vn,gian chuyen,gian chuyển,0.9375
vn,gian con,gian còn,1.0000
vn,gian cong,gian công,1.0000
vn,gian cua,gian của,0.9815
vn,gian da,gian đã,0.9524
vn,gian dai,gian dài,1.0000
vn,gian dat,gian đất,0.9286
vn,gian dexet,gian đểxét,1.0000
vn,gian dia,gian địa,1.0000
vn,gian diep,gián điệp,1.0000
vn,gian dieu,gian điều,1.0000
vn,gian doan,gián đoạn,0.9928
vn,gian duong,gian đương,1.0000
vn,gian giai,gian giải,1.0000
vn,gian gian,gian gián,1.0000
vn,gian giu,gian giữ,1.0000
vn,gian gui,gian gửi,1.0000
vn,gian hang,gian hàng,1.0000
vn,gian hieu,gian hiệu,1.0000
vn,gian ho,gian hỗ,1.0000
vn,gian hoa,giản hóa,0.9882
vn,gian hoan,gian hoàn,1.0000
vn,gian hoat,gian hoạt,1.0000
vn,gian hop,gian hợp,0.9000
vn,gian it,gian ít,1.0000
vn,gian ket,gian kết,1.0000
vn,gian khong,gian không,1.0000
vn,gian kiem,gian kiểm,1.0000
vn,gian ky,gian ký,1.0000
vn,gian la,gian là,1.0000
vn,gian lam,gian làm,1.0000
vn,gian lan,gian lận,0.9925
vn,gian lap,gian lập,1.0000
vn,gian lien,gian liên,1.0000
vn,gian luu,gian lưu,1.0000
vn,gian mang,gian mạng,1.0000
vn,gian nang,gian nâng,1.0000
vn,gian nghi,gian nghỉ,0.9000
vn,gian nhan,gian nhận,0.9677
vn,gian nhat,gian nhất,1.0000
vn,gian niem,gian niêm,1.0000
vn,gian nop,gian nộp,1.0000
vn,gian nuoc,gian nước,1.0000
vn,gian phai,gian phải,1.0000
vn,gian pham,gian phạm,1.0000
vn,gian phuc,gian phục,1.0000
vn,gian som,gian sớm,1.0000
vn,gian tam,gian tạm,1.0000
vn,gian tap,gian tập,1.0000
vn,gian thu,gian thử,0.9273
vn,gian thuc,gian thực,1.0000
vn,gian thue,gian thuê,1.0000
vn,gian tiep,gián tiếp,0.9524
vn,gian tinh,gian tính,1.0000
vn,gian to,gian tổ,1.0000
vn,gian toi,gian tối,0.9286
vn,gian tren,gian trên,0.9167
vn,gian trien,gian triển,1.0000
vn,gian tu,gian từ,1.0000
vn,gian tu10,gian từ10,1.0000
vn,gian tuong,gian tương,1.0000
vn,gian va,gian và,0.9541
vn,gian vung,gian vùng,1.0000
vn,gian xa,gian xả,1.0000
vn,gian xac,gian xác,1.0000
vn,gian xet,gian xét,1.0000
vn,gian xu,gian xử,1.0000
vn,giang day,giảng dạy,1.0000
vn,giang vien,giảng viên,1.0000
vn,giao bang,giao bằng,1.0000
vn,giao ben,giao bên,1.0000
vn,giao cac,giao các,1.0000
vn,giao cham,giao chậm,0.9444
vn,giao chu,giao chủ,0.9505
vn,giao cong,giao công,1.0000
vn,giao cua,giao của,0.9655
vn,giao da,giao đã,0.9545
vn,giao dai,giao đại,1.0000
vn,giao dam,giao đảm,1.0000
vn,giao dat,giao đất,0.9752
vn,giao dau,giao đầu,1.0000
vn,giao de,giao để,0.9828
vn,giao den,giao đến,1.0000
vn,giao dich,giao dịch,0.9983
vn,giao dien,giao diện,1.0000
vn,giao dieu,giao điều,1.0000
vn,giao don,giao đơn,0.9474
vn,giao dua,giao đưa,1.0000
vn,giao duc,giáo dục,1.0000
vn,giao duoc,giao được,0.9529
vn,giao duoi,giao dưới,1.0000
vn,giao duong,giáo dưỡng,1.0000
vn,giao giay,giao giấy,1.0000
vn,giao gom,giao gồm,1.0000
vn,giao ha,giao hạ,1.0000
vn,giao ho,giao hồ,0.9688
vn,giao hoac,giao hoặc,0.9942
vn,giao hoan,giao hoàn,0.9630
vn,giao ket,giao kết,0.9983
vn,giao khoan,giao khoán,1.0000
vn,giao khong,giao không,0.9919
vn,giao kiem,giao kiểm,1.0000
vn,giao la,giao là,1.0000
vn,giao lai,giao lại,1.0000
vn,giao lam,giao làm,0.9444
vn,giao lien,giao liên,1.0000
vn,giao luu,giao lưu,1.0000
vn,giao mot,giao một,1.0000
vn,giao neu,giao nếu,1.0000
vn,giao ngan,giao ngân,1.0000
vn,giao nha,giao nhà,0.9868
vn,giao nhan,giao nhận,0.9919
vn,giao nhiem,giao nhiệm,1.0000
vn,giao nhu,giao như,1.0000
vn,giao nhung,giao nhưng,0.9762
vn,giao nop,giao nộp,1.0000
vn,giao phai,giao phải,1.0000
vn,giao quan,giao quản,1.0000
vn,giao quyen,giao quyền,1.0000
vn,giao quyet,giao quyết,1.0000
vn,giao som,giao sớm,1.0000
vn,giao tai,giao tài,0.9838
vn,giao tam,giao tạm,1.0000
vn,giao ten,giao tên,1.0000
vn,giao thi,giao thì,0.9688
vn,giao thiet,giao thiết,1.0000
vn,giao thong,giao thông,0.9987
vn,giao thue,giao thuê,0.9167
vn,giao tiep,giao tiếp,1.0000
vn,giao trach,giao trách,1.0000
vn,giao trinh,giáo trình,0.9412
vn,giao tro,giao trở,1.0000
vn,giao truc,giao trực,0.9361
vn,giao ung,giao ứng,1.0000
vn,giao uy,giao ủy,1.0000
vn,giao va,giao và,0.9826
vn,giao vao,giao vào,1.0000
vn,giao vat,giao vật,1.0000
vn,giao ve,giao về,1.0000
vn,giao vi,giao ví,1.0000
vn,giao viec,giao việc,1.0000
vn,giao von,giao vốn,1.0000
vn,giao xac,giao xác,1.0000
vn,giap lai,giáp lai,1.0000
vn,giap xac,giáp xác,1.0000
vn,giau bi,giấu bị,0.9981
vn,giau nguon,giấu nguồn,1.0000
vn,giau nuoc,giàu nước,1.0000
vn,giay a4,giấy a4,1.0000
vn,giay bia,giấy bìa,1.0000
vn,giay bien,giấy biên,1.0000
vn,giay cam,giấy cam,1.0000
vn,giay chung,giấy chứng,0.9980
vn,giay cong,giấy công,1.0000
vn,giay cua,giấy của,1.0000
vn,giay dang,giấy đăng,0.9919
vn,giay de,giấy đề,0.9458
vn,giay duoc,giấy được,1.0000
vn,giay gioi,giấy giới,1.0000
vn,giay hen,giấy hẹn,1.0000
vn,giay hoac,giấy hoặc,0.9250
vn,giay in,giấy in,1.0000
vn,giay ket,giấy kết,1.0000
vn,giay khai,giấy khai,1.0000
vn,giay nhan,giấy nhận,1.0000
vn,giay nop,giấy nộp,1.0000
vn,giay phai,giấy phải,1.0000
vn,giay phep,giấy phép,0.9997
vn,giay rut,giấy rút,1.0000
vn,giay san,giấy sản,1.0000
vn,giay sang,giấy sang,1.0000
vn,giay theo,giấy theo,0.9444
vn,giay thi,giấy thì,1.0000
vn,giay thong,giấy thông,1.0000
vn,giay tien,giấy tiền,1.0000
vn,giay tiep,giấy tiếp,1.0000
vn,giay to,giấy tờ,0.9885
vn,giay trong,giấy trong,1.0000
vn,giay va,giấy và,1.0000
vn,giay xac,giấy xác,1.0000
vn,giay xu,giấy xử,1.0000
vn,gieng khoan,giếng khoan,1.0000
vn,giet mo,giết mổ,0.9500
vn,giet nguoi,giết người,1.0000
vn,gin bao,gìn bảo,1.0000
vn,gio 00,giờ 00,1.0000
vn,gio 30,giờ 30,1.0000
vn,gio cua,giờ của,1.0000
vn,gio hang,giỏ hàng,0.9412
vn,gio hanh,giờ hành,1.0000
vn,gio ke,giờ kể,1.0000
vn,gio khi,giờ khi,1.0000
vn,gio lam,giờ làm,1.0000
vn,gio neu,giờ nếu,1.0000
vn,gio ngay,giờ ngày,1.0000
vn,gio phut,giờ phút,1.0000
vn,gio sau,giờ sau,1.0000
vn,gio tay,giơ tay,1.0000
vn,gio trong,giờ trong,1.0000
vn,gio truoc,giờ trước,1.0000
vn,gioi 2,giới 2,1.0000
vn,gioi 3,giới 3,1.0000
vn,gioi b,giới b,1.0000
vn,gioi bao,giới bao,0.9500
vn,gioi co,giới có,0.9565
vn,gioi cua,giới của,1.0000
vn,gioi dat,giới đất,0.9091
vn,gioi den,giới đến,1.0000
vn,gioi dia,giới địa,1.0000
vn,gioi duoc,giới được,1.0000
vn,gioi duong,giới đường,1.0000
vn,gioi hai,giới hải,1.0000
vn,gioi han,giới hạn,1.0000
vn,gioi hanh,giới hành,1.0000
vn,gioi khu,giới khu,1.0000
vn,gioi moc,giới mốc,1.0000
vn,gioi mot,giới một,1.0000
vn,gioi theo,giới theo,1.0000
vn,gioi thieu,giới thiệu,1.0000
vn,gioi thua,giới thửa,1.0000
vn,gioi tinh,giới tính,0.9255
vn,gioi trong,giới trong,1.0000
vn,gioi va,giới và,1.0000
vn,gioi voi,giới với,1.0000
vn,gioi xa,giới xã,1.0000
vn,giong cay,giống cây,1.0000
vn,giong nhau,giống nhau,1.0000
vn,giong noi,giọng nói,1.0000
vn,giong vat,giống vật,1.0000
vn,giu 100,giữ 100,1.0000
vn,giu bao,giữ bảo,0.9796
vn,giu cac,giữ các,1.0000
vn,giu chuc,giữ chức,1.0000
vn,giu chung,giữ chứng,0.9167
vn,giu dau,giữ đầu,1.0000
vn,giu day,giữ đầy,1.0000
vn,giu de,giữ để,1.0000
vn,giu do,giữ do,0.9375
vn,giu doi,giữ đối,1.0000
vn,giu duoc,giữ được,1.0000
vn,giu giay,giữ giấy,1.0000
vn,giu gin,giữ gìn,1.0000
vn,giu hoac,giữ hoặc,1.0000
vn,giu ket,giữ kết,1.0000
vn,giu khong,giữ không,1.0000
vn,giu lai,giữ lại,1.0000
vn,giu mot,giữ một,1.0000
vn,giu ngach,giữ ngạch,1.0000
vn,giu nguoi,giữ người,1.0000
vn,giu nguyen,giữ nguyên,1.0000
vn,giu phuong,giữ phương,1.0000
vn,giu quan,giữ quản,1.0000
vn,giu quy,giữ quy,1.0000
vn,giu su,giữ sử,1.0000
vn,giu tam,giữ tạm,1.0000
vn,giu ten,giữ tên,1.0000
vn,giu the,giữ thẻ,1.0000
vn,giu theo,giữ theo,1.0000
vn,giu thi,giữ thì,1.0000
vn,giu thong,giữ thông,0.9831
vn,giu thuc,giữ thực,1.0000
vn,giu tien,giữ tiền,0.9773
vn,giu tra,giữ trả,1.0000
vn,giu trai,giữ trái,0.9286
vn,giu tren,giữ trên,1.0000
vn,giu trong,giữ trong,1.0000
vn,giu truoc,giữ trước,1.0000
vn,giu tu,giữ từ,1.0000
vn,giu va,giữ và,1.0000
vn,giu vi,giữ vi,0.9000
vn,giu xe,giữ xe,1.0000
vn,giu xu,giữ xử,1.0000
vn,giua ben,giữa bên,1.0000
vn,giua bo,giữa bộ,1.0000
vn,giua cac,giữa các,1.0000
vn,giua chinh,giữa chính,1.0000
vn,giua chu,giữa chủ,1.0000
vn,giua co,giữa cơ,0.9948
vn,giua doanh,giữa doanh,1.0000
vn,giua don,giữa đơn,1.0000
vn,giua dong,giữa đồng,1.0000
vn,giua gia,giữa giá,1.0000
vn,giua hai,giữa hai,1.0000
vn,giua he,giữa hệ,1.0000
vn,giua kbnn,giữa kbnn,1.0000
vn,giua ket,giữa kết,1.0000
vn,giua loi,giữa lợi,0.9000
vn,giua lop,giữa lớp,1.0000
vn,giua muc,giữa mực,0.9231
vn,giua ngan,giữa ngân,1.0000
vn,giua nguoi,giữa người,1.0000
vn,giua nha,giữa nhà,1.0000
vn,giua nhung,giữa những,1.0000
vn,giua so,giữa số,0.9600
vn,giua tcpht,giữa tcpht,1.0000
vn,giua tcttt,giữa tcttt,1.0000
vn,giua theo,giữa theo,1.0000
vn,giua thue,giữa thuê,1.0000
vn,giua to,giữa tổ,1.0000
vn,giua tong,giữa tổng,1.0000
vn,giua trung,giữa trung,1.0000
vn,giua truong,giữa trường,1.0000
vn,giua van,giữa văn,1.0000
vn,giua viet,giữa việt,1.0000
vn,giugin moi,giữgìn môi,1.0000
vn,giup bo,giúp bộ,1.0000
vn,giup chinh,giúp chính,1.0000
vn,giup do,giúp đỡ,1.0000
vn,giup dotinh,giúp đỡtinh,1.0000
vn,giup hoi,giúp hội,1.0000
vn,giup phap,giúp pháp,1.0000
vn,giup thong,giúp thống,1.0000
vn,giup thu,giúp thủ,1.0000
vn,giup tong,giúp tổng,1.0000
vn,giup tra,giúp tra,1.0000
vn,giup uy,giúp ủy,0.9815
vn,giup viec,giúp việc,1.0000
vn,giup xa,giúp xã,1.0000
vn,giup xac,giúp xác,1.0000
vn,gml hoac,gml hoặc,1.0000
vn,go bo,gỡ bỏ,1.0000
vn,go lang,gỗ lạng,1.0000
vn,go meranti,gỗ meranti,1.0000
vn,go xe,gỗ xẻ,1.0000
vn,goc 2019,gốc 2019,1.0000
vn,goc ban,gốc bản,1.0000
vn,goc bat,gốc bất,1.0000
vn,goc chung,gốc chứng,0.9483
vn,goc co,gốc có,0.9565
vn,goc con,gốc còn,1.0000
vn,goc cua,gốc của,1.0000
vn,goc de,gốc để,1.0000
vn,goc dia,gốc địa,1.0000
vn,goc doc,góc dốc,1.0000
vn,goc du,gốc dữ,0.9000
vn,goc duoc,gốc được,1.0000
vn,goc giay,gốc giấy,0.9583
vn,goc hoac,gốc hoặc,0.9917
vn,goc hop,gốc hợp,1.0000
vn,goc khu,góc khu,1.0000
vn,goc la,gốc là,1.0000
vn,goc lai,gốc lãi,1.0000
vn,goc ngoai,gốc ngoài,1.0000
vn,goc phang,góc phẳng,1.0000
vn,goc su,gốc sử,0.9412
vn,goc theo,gốc theo,1.0000
vn,goc thong,gốc thông,1.0000
vn,goc trong,gốc trong,0.9167
vn,goc tu,gốc từ,1.0000
vn,goc va,gốc và,0.9462
vn,goc vay,gốc vay,1.0000
vn,goc viet,gốc việt,1.0000
vn,goc xuat,gốc xuất,1.0000
vn,goi chung,gọi chung,1.0000
vn,goi den,gọi đến,1.0000
vn,goi dien,gọi điện,1.0000
vn,goi gia,gọi giá,1.0000
vn,goi giao,gói giao,1.0000
vn,goi khac,gọi khác,1.0000
vn,goi kiem,gói kiểm,1.0000
vn,goi la,gọi là,0.9986
vn,goi rac,gọi rác,1.0000
vn,goi tat,gọi tắt,0.9984
vn,goi thau,gói thầu,1.0000
vn,goi tin,gói tin,0.9931
vn,goi tu,gọi tự,0.9500
vn,gom 01,gồm 01,1.0000
vn,gom 03,gồm 03,1.0000
vn,gom 1,gồm 1,0.9917
vn,gom 12,gồm 12,1.0000
vn,gom 2,gồm 2,1.0000
vn,gom 3,gồm 3,1.0000
vn,gom 4,gồm 4,1.0000
vn,gom 5,gồm 5,1.0000
vn,gom 6,gồm 6,1.0000
vn,gom a,gồm a,0.9993
vn,gom b,gồm b,1.0000
vn,gom ben,gồm bên,1.0000
vn,gom bieu,gồm biểu,1.0000
vn,gom c,gồm c,1.0000
vn,gom ca,gồm cả,0.9852
vn,gom cac,gồm các,1.0000
vn,gom can,gồm cán,0.9024
vn,gom chi,gồm chi,0.9432
vn,gom chieu,gồm chiều,1.0000
vn,gom chuc,gồm chức,1.0000
vn,gom cung,gồm cung,1.0000
vn,gom dai,gồm đại,1.0000
vn,gom dich,gồm dịch,1.0000
vn,gom doanh,gồm doanh,1.0000
vn,gom doi,gồm đối,1.0000
vn,gom don,gồm đơn,1.0000
vn,gom e,gồm e,1.0000
vn,gom g,gồm g,1.0000
vn,gom giam,gồm giám,1.0000
vn,gom giao,gồm giao,1.0000
vn,gom giay,gồm giấy,1.0000
vn,gom h,gồm h,1.0000
vn,gom ha,gồm hạ,1.0000
vn,gom hai,gồm hai,1.0000
vn,gom he,gồm hệ,1.0000
vn,gom hoat,gồm hoạt,1.0000
vn,gom hoi,gồm hội,0.9375
vn,gom i,gồm i,1.0000
vn,gom it,gồm ít,1.0000
vn,gom k,gồm k,1.0000
vn,gom ke,gồm kế,1.0000
vn,gom khoa,gồm khóa,0.9231
vn,gom khoan,gồm khoản,1.0000
vn,gom kinh,gồm kinh,1.0000
vn,gom l,gồm l,1.0000
vn,gom loai,gồm loại,1.0000
vn,gom m,gồm m,1.0000
vn,gom ma,gồm mã,1.0000
vn,gom may,gồm máy,1.0000
vn,gom mot,gồm một,1.0000
vn,gom mua,gồm mua,1.0000
vn,gom n,gồm n,1.0000
vn,gom ngan,gồm ngân,0.9412
vn,gom nguoi,gồm người,1.0000
vn,gom nguon,gồm nguồn,1.0000
vn,gom nha,gồm nhà,0.9767
vn,gom nhieu,gồm nhiều,1.0000
vn,gom nhom,gồm nhóm,1.0000
vn,gom noi,gồm nội,1.0000
vn,gom o,gồm o,0.9000
vn,gom pham,gồm phạm,1.0000
vn,gom quyet,gồm quyết,1.0000
vn,gom rui,gồm rủi,1.0000
vn,gom so,gồm số,0.9123
vn,gom ten,gồm tên,1.0000
vn,gom the,gồm thẻ,0.9286
vn,gom thiet,gồm thiết,0.9000
vn,gom thoi,gồm thời,1.0000
vn,gom thong,gồm thông,0.9467
vn,gom tien,gồm tiền,1.0000
vn,gom tieu,gồm tiêu,0.9167
vn,gom toan,gồm toàn,1.0000
vn,gom toi,gồm tối,1.0000
vn,gom tong,gồm tổng,1.0000
vn,gom trai,gồm trái,1.0000
vn,gom tru,gồm trụ,1.0000
vn,gom v,gồm v,0.9167
vn,gom van,gồm văn,0.9314
vn,gom viec,gồm việc,1.0000
vn,gon la,gọn là,1.0000
vn,gop 3,góp 3,1.0000
vn,gop cho,góp cho,1.0000
vn,gop cua,góp của,1.0000
vn,gop doi,góp đối,1.0000
vn,gop giup,góp giúp,1.0000
vn,gop hoac,góp hoặc,1.0000
vn,gop lon,góp lớn,1.0000
vn,gop phan,góp phần,1.0000
vn,gop quan,góp quan,1.0000
vn,gop trong,góp trong,1.0000
vn,gop truc,góp trực,1.0000
vn,gop vao,góp vào,1.0000
vn,gop vecong,góp vềcông,1.0000
vn,gop vetu,góp vềtư,1.0000
vn,gop von,góp vốn,1.0000
vn,gop y,góp ý,1.0000
vn,gui 01,gửi 01,1.0000
vn,gui 1,gửi 1,1.0000
vn,gui 2,gửi 2,1.0000
vn,gui 3,gửi 3,1.0000
vn,gui 6,gửi 6,1.0000
vn,gui b,gửi b,1.0000
vn,gui bang,gửi bằng,0.9500
vn,gui bao,gửi báo,0.9886
vn,gui ben,gửi bên,1.0000
vn,gui bien,gửi biên,1.0000
vn,gui bo,gửi bộ,0.9841
vn,gui c,gửi c,1.0000
vn,gui cac,gửi các,1.0000
vn,gui chap,gửi chấp,1.0000
vn,gui cho,gửi cho,1.0000
vn,gui chu,gửi chủ,0.9737
vn,gui chung,gửi chứng,0.9655
vn,gui co,gửi cơ,0.9396
vn,gui cong,gửi công,1.0000
vn,gui cua,gửi của,1.0000
vn,gui cuc,gửi cục,1.0000
vn,gui danh,gửi danh,0.9412
vn,gui den,gửi đến,1.0000
vn,gui di,gửi đi,1.0000
vn,gui doanh,gửi doanh,1.0000
vn,gui don,gửi đơn,1.0000
vn,gui du,gửi dữ,0.9290
vn,gui giai,gửi giải,1.0000
vn,gui giay,gửi giấy,1.0000
vn,gui ho,gửi hồ,1.0000
vn,gui hoac,gửi hoặc,1.0000
vn,gui hoi,gửi hội,1.0000
vn,gui hoso,gửi hồsơ,1.0000
vn,gui ke,gửi kế,1.0000
vn,gui kem,gửi kèm,1.0000
vn,gui ket,gửi kết,1.0000
vn,gui kho,gửi kho,1.0000
vn,gui khong,gửi không,1.0000
vn,gui lai,gửi lại,1.0000
vn,gui lay,gửi lấy,1.0000
vn,gui lenh,gửi lệnh,1.0000
vn,gui luu,gửi lưu,1.0000
vn,gui mot,gửi một,1.0000
vn,gui ngan,gửi ngân,1.0000
vn,gui ngay,gửi ngay,1.0000
vn,gui nguoi,gửi người,1.0000
vn,gui nhan,gửi nhận,1.0000
vn,gui pakn,gửi pakn,1.0000
vn,gui phieu,gửi phiếu,1.0000
vn,gui phong,gửi phòng,1.0000
vn,gui qua,gửi qua,1.0000
vn,gui quyet,gửi quyết,1.0000
vn,gui sau,gửi sau,0.9091
vn,gui thanh,gửi thanh,0.9804
vn,gui theo,gửi theo,1.0000
vn,gui thong,gửi thông,0.9657
vn,gui tien,gửi tiền,0.9583
vn,gui tin,gửi tin,0.9394
vn,gui to,gửi tổ,0.9710
vn,gui toi,gửi tới,0.9804
vn,gui tren,gửi trên,1.0000
vn,gui trong,gửi trong,1.0000
vn,gui truc,gửi trực,1.0000
vn,gui truyen,gửi truyền,1.0000
vn,gui uy,gửi ủy,0.9643
vn,gui va,gửi và,1.0000
vn,gui van,gửi văn,1.0000
vn,gui vao,gửi vào,1.0000
vn,gui ve,gửi về,1.0000
vn,gui vengan,gửi vềngân,1.0000
vn,gui viet,gửi việt,1.0000
vn,gui vu,gửi vụ,1.0000
vn,gui vutochuc,gửi vụtổchức,1.0000
vn,gui yeu,gửi yêu,1.0000
vn,guong mau,gương mẫu,1.0000
vn,guong trong,gương trong,1.0000
vn,gxnht ma,gxnht mã,1.0000
vn,h a,h ạ,0.9818
vn,h cac,h các,1.0000
vn,h diem,h điểm,1.0000
vn,h khoan,h khoản,1.0000
vn,h khong,h không,1.0000
vn,h luu,h lưu,1.0000
vn,h quan,h quản,0.9375
vn,h thong,h thông,1.0000
vn,h thuc,h thực,1.0000
vn,h tien,h tiền,1.0000
vn,h to,h tổ,1.0000
vn,h truong,h trường,1.0000
vn,h va,h và,1.0000
vn,h2h phan,h2h phân,1.0000
vn,ha canh,hạ cánh,1.0000
vn,ha den,ha đến,1.0000
vn,ha dien,ha diện,1.0000
vn,ha du,hạ du,0.9200
vn,ha lam,ha làm,1.0000
vn,ha ngam,hạ ngầm,1.0000
vn,ha noi,hà nội,1.0000
vn,ha si,hạ sĩ,1.0000
vn,ha tang,hạ tầng,0.9999
vn,ha thiet,ha thiệt,1.0000
vn,ha tinh,hà tĩnh,1.0000
vn,ha tro,ha trở,1.0000
vn,ha trung,hà trung,1.0000
vn,ha vuot,ha vượt,1.0000
vn,hac in,hắc ín,1.0000
vn,hach toan,hạch toán,1.0000
vn,hai 10,hải 10,1.0000
vn,hai 7,hải 7,0.9091
vn,hai 8,hải 8,0.9200
vn,hai 9,hải 9,1.0000
vn,hai a,hải a,0.9474
vn,hai ba,hai bà,1.0000
vn,hai ben,hai bên,0.9857
vn,hai cang,hải cảng,1.0000
vn,hai chieu,hai chiều,1.0000
vn,hai dac,hại đặc,1.0000
vn,hai dao,hải đảo,1.0000
vn,hai den,hại đến,0.9800
vn,hai doan,hải đoàn,1.0000
vn,hai duoc,hải được,0.9030
vn,hai giua,hải giữa,1.0000
vn,hai hien,hải hiện,1.0000
vn,hai hinh,hai hình,0.9583
vn,hai hoa,hài hòa,0.9130
vn,hai hon,hại hơn,1.0000
vn,hai lan,hai lần,0.9722
vn,hai loai,hai loại,0.9000
vn,hai long,hài lòng,1.0000
vn,hai muoi,hai mươi,1.0000
vn,hai ngay,hai ngày,0.9048
vn,hai nghiem,hại nghiêm,1.0000
vn,hai phan,hai phần,0.9355
vn,hai phap,hải pháp,1.0000
vn,hai phong,hải phòng,1.0000
vn,hai quan,hải quan,0.9917
vn,hai san,hải sản,1.0000
vn,hai thang,hai tháng,1.0000
vn,hai thanh,hai thành,0.9920
vn,hai thong,hải thông,0.9091
vn,hai thuoc,hải thuộc,0.9508
vn,hai tram,hai trăm,1.0000
vn,hai tre,hại trẻ,1.0000
vn,hai tro,hai trở,1.0000
vn,hai truc,hại trực,1.0000
vn,hai tu,hại từ,0.9545
vn,hai viec,hải việc,0.9231
vn,hai viet,hải việt,1.0000
vn,hai xay,hại xảy,1.0000
vn,hai yeu,hai yếu,0.9091
vn,ham bam,hàm băm,1.0000
vn,ham dan,hàm dẫn,1.0000
vn,ham duong,hầm đường,1.0000
vn,ham lo,hầm lò,1.0000
vn,ham luong,hàm lượng,0.9872
vn,han 01,hạn 01,1.0000
vn,han 02,hạn 02,1.0000
vn,han 03,hạn 03,1.0000
vn,han 05,hạn 05,1.0000
vn,han 06,hạn 06,1.0000
vn,han 07,hạn 07,1.0000
vn,han 1,hạn 1,1.0000
vn,han 10,hạn 10,1.0000
vn,han 12,hạn 12,1.0000
vn,han 15,hạn 15,1.0000
vn,han 2,hạn 2,0.9268
vn,han 20,hạn 20,1.0000
vn,han 24,hạn 24,1.0000
vn,han 3,hạn 3,1.0000
vn,han 30,hạn 30,1.0000
vn,han 4,hạn 4,0.9412
vn,han 40,hạn 40,1.0000
vn,han 45,hạn 45,1.0000
vn,han 5,hạn 5,1.0000
vn,han 6,hạn 6,0.9333
vn,han 60,hạn 60,1.0000
vn,han 7,hạn 7,0.9565
vn,han 90,hạn 90,1.0000
vn,han a,hạn a,1.0000
vn,han ap,hạn áp,1.0000
vn,han b,hạn b,1.0000
vn,han ba,hạn ba,1.0000
vn,han bay,hạn bảy,1.0000
vn,han ben,hạn bên,1.0000
vn,han c,hạn c,1.0000
vn,han cac,hạn các,1.0000
vn,han cap,hạn cấp,0.9894
vn,han chap,hạn chấp,1.0000
vn,han che,hạn chế,1.0000
vn,han chinh,hạn chính,1.0000
vn,han cho,hạn cho,1.0000
vn,han chu,hạn chủ,1.0000
vn,han chung,hạn chứng,0.9872
vn,han chuyen,hạn chuyển,1.0000
vn,han con,hạn còn,1.0000
vn,han cong,hạn công,1.0000
vn,han cua,hạn của,1.0000
vn,han cung,hạn cung,0.9375
vn,han da,hạn đã,1.0000
vn,han dang,hạn đăng,0.9375
vn,han den,hạn đến,1.0000
vn,han dia,hạn địa,1.0000
vn,han dieu,hạn điều,1.0000
vn,han doanh,hạn doanh,1.0000
vn,han doi,hạn đối,1.0000
vn,han duoc,hạn được,1.0000
vn,han ghi,hạn ghi,1.0000
vn,han giai,hạn giải,0.9557
vn,han giay,hạn giấy,1.0000
vn,han gom,hạn gồm,1.0000
vn,han gop,hạn góp,1.0000
vn,han gui,hạn gửi,1.0000
vn,han hai,hạn hai,1.0000
vn,han hieu,hạn hiệu,1.0000
vn,han hoac,hạn hoặc,1.0000
vn,han hoang,hạn hoang,1.0000
vn,han hoat,hạn hoạt,1.0000
vn,han hop,hạn hợp,1.0000
vn,han it,hạn ít,1.0000
vn,han khac,hạn khác,0.9762
vn,han khach,hạn khách,1.0000
vn,han khai,hạn khai,1.0000
vn,han khi,hạn khi,1.0000
vn,han khong,hạn không,1.0000
vn,han kiem,hạn kiểm,1.0000
vn,han la,hạn là,1.0000
vn,han lai,hạn lãi,1.0000
vn,han lap,hạn lập,1.0000
vn,han lien,hạn liên,1.0000
vn,han luu,hạn lưu,1.0000
vn,han ma,hạn mà,1.0000
vn,han mot,hạn một,1.0000
vn,han muc,hạn mức,0.9982
vn,han muoi,hạn mười,0.9118
vn,han nam,hạn năm,1.0000
vn,han nay,hạn này,1.0000
vn,han ngach,hạn ngạch,1.0000
vn,han ngan,hạn ngân,0.9898
vn,han ngay,hạn ngày,1.0000
vn,han nhat,hạn nhất,1.0000
vn,han nhu,hạn như,1.0000
vn,han nhung,hạn nhưng,0.9444
vn,han niem,hạn niêm,1.0000
vn,han no,hạn nợ,1.0000
vn,han nop,hạn nộp,1.0000
vn,han o,hạn ở,1.0000
vn,han phai,hạn phải,1.0000
vn,han phat,hạn phát,1.0000
vn,han qua,hạn quá,1.0000
vn,han quoc,hàn quốc,1.0000
vn,han quy,hạn quy,1.0000
vn,han quyen,hạn quyền,1.0000
vn,han quyet,hạn quyết,1.0000
vn,han sau,hạn sau,0.9890
vn,han su,hạn sử,1.0000
vn,han tam,hạn tạm,0.9896
vn,han thanh,hạn thanh,0.9632
vn,han thay,hạn thay,1.0000
vn,han theo,hạn theo,1.0000
vn,han thieu,hán thiếu,1.0000
vn,han thoi,hạn thời,1.0000
vn,han thong,hạn thông,1.0000
vn,han thuc,hạn thực,1.0000
vn,han thue,hạn thuê,1.0000
vn,han tien,hạn tiền,1.0000
vn,han tiep,hạn tiếp,1.0000
vn,han toi,hạn tối,0.9545
vn,han tra,hạn trả,0.9851
vn,han trach,hạn trách,1.0000
vn,han tren,hạn trên,1.0000
vn,han trinh,hạn trình,1.0000
vn,han trong,hạn trong,1.0000
vn,han tru,hạn trừ,1.0000
vn,han truong,hạn trường,1.0000
vn,han tu,hạn từ,0.9798
vn,han tuoc,hạn tước,1.0000
vn,han ty,hạn tỷ,1.0000
vn,han va,hạn và,0.9977
vn,han ve,hạn về,1.0000
vn,han viec,hạn việc,1.0000
vn,han von,hạn vốn,1.0000
vn,han xac,hạn xác,1.0000
vn,han xem,hạn xem,1.0000
vn,han xet,hạn xét,1.0000
vn,han xu,hạn xử,1.0000
vn,han yeu,hạn yêu,1.0000
vn,hang 08,hàng 08,1.0000
vn,hang 1,hàng 1,0.9828
vn,hang 100,hàng 100,1.0000
vn,hang 12,hàng 12,1.0000
vn,hang 13,hàng 13,1.0000
vn,hang 15,hàng 15,1.0000
vn,hang 16,hàng 16,1.0000
vn,hang 17,hàng 17,1.0000
vn,hang 3,hàng 3,0.9938
vn,hang 4,hàng 4,0.9894
vn,hang 5,hàng 5,0.9474
vn,hang 6,hàng 6,1.0000
vn,hang 7,hàng 7,1.0000
vn,hang 8,hàng 8,1.0000
vn,hang 87,hàng 87,1.0000
vn,hang 9,hàng 9,1.0000
vn,hang anh,hạng anh,0.9000
vn,hang ap,hàng áp,1.0000
vn,hang ba,hạng ba,1.0000
vn,hang bang,hàng bằng,0.9394
vn,hang bi,hàng bị,0.9630
vn,hang biet,hàng biết,1.0000
vn,hang c,hàng c,0.9158
vn,hang ca,hàng cá,1.0000
vn,hang cac,hàng các,0.9279
vn,hang cam,hàng cấm,0.9416
vn,hang chi,hàng chi,0.9679
vn,hang chinh,hàng chính,1.0000
vn,hang chiu,hàng chịu,1.0000
vn,hang cho,hàng cho,0.9775
vn,hang chua,hàng chưa,1.0000
vn,hang chuc,hạng chức,0.9535
vn,hang chuyen,hàng chuyển,0.9167
vn,hang cong,hàng công,0.9211
vn,hang cua,hàng của,0.9921
vn,hang cuc,hàng cục,1.0000
vn,hang cung,hàng cung,0.9529
vn,hang dai,hàng đại,1.0000
vn,hang dam,hàng đảm,1.0000
vn,hang dap,hàng đáp,1.0000
vn,hang dia,hàng địa,1.0000
vn,hang dien,hàng điện,1.0000
vn,hang doanh,hàng doanh,1.0000
vn,hang don,hàng đơn,1.0000
vn,hang du,hàng dự,0.9892
vn,hang du20,hàng đủ20,1.0000
vn,hang duoc,hàng được,0.9851
vn,hang e,hàng e,0.9310
vn,hang g,hàng g,1.0000
vn,hang gap,hàng gặp,1.0000
vn,hang gia,hàng giả,0.9775
vn,hang giai,hàng giải,0.9500
vn,hang giam,hàng giám,0.9429
vn,hang giao,hàng giao,1.0000
vn,hang goi,hàng gọi,1.0000
vn,hang gom,hàng gồm,1.0000
vn,hang gui,hàng gửi,1.0000
vn,hang guong,hàng gương,1.0000
vn,hang hai,hàng hải,0.9983
vn,hang hoa,hàng hóa,0.9137
vn,hang hoac,hàng hoặc,0.9934
vn,hang hoan,hàng hoàn,1.0000
vn,hang hoat,hàng hoạt,1.0000
vn,hang hop,hàng hợp,0.9484
vn,hang huan,hạng huân,1.0000
vn,hang huong,hàng hướng,1.0000
vn,hang iv,hạng iv,0.9000
vn,hang khac,hàng khác,1.0000
vn,hang khach,hàng khách,0.9091
vn,hang khi,hàng khi,1.0000
vn,hang khieu,hàng khiếu,1.0000
vn,hang kho,hàng kho,0.9918
vn,hang khong,hàng không,0.9942
vn,hang kiem,hàng kiểm,1.0000
vn,hang kien,hàng kiến,1.0000
vn,hang la,hàng là,0.9965
vn,hang lap,hàng lập,1.0000
vn,hang len,hạng lên,1.0000
vn,hang lien,hàng liên,0.9945
vn,hang linh,hàng lĩnh,1.0000
vn,hang loat,hàng loạt,1.0000
vn,hang lua,hàng lựa,1.0000
vn,hang mau,hàng mẫu,1.0000
vn,hang may,hàng máy,1.0000
vn,hang me,hàng mẹ,1.0000
vn,hang mot,hàng một,1.0000
vn,hang muc,hạng mục,0.9848
vn,hang neu,hàng nếu,0.9268
vn,hang ngan,hàng ngân,0.9877
vn,hang nganh,hàng ngành,1.0000
vn,hang nghe,hàng nghệ,1.0000
vn,hang nguoi,hàng người,0.9259
vn,hang nha,hàng nhà,0.9981
vn,hang nham,hàng nhằm,1.0000
vn,hang nhan,hàng nhận,1.0000
vn,hang nhanuoc,hàng nhànước,1.0000
vn,hang nhap,hàng nhập,1.0000
vn,hang nhat,hạng nhất,0.9792
vn,hang nhe,hạng nhẹ,1.0000
vn,hang nhi,hạng nhì,1.0000
vn,hang nhiem,hàng nhiệm,1.0000
vn,hang nhnn,hàng nhnn,1.0000
vn,hang nhu,hàng như,0.9070
vn,hang nong,hàng nông,1.0000
vn,hang nop,hàng nộp,1.0000
vn,hang nuoc,hàng nước,0.9944
vn,hang phai,hàng phải,0.9974
vn,hang phat,hàng phát,0.9992
vn,hang phoi,hàng phối,1.0000
vn,hang phong,hàng phòng,0.9500
vn,hang phu,hàng phù,0.9400
vn,hang phuc,hàng phục,0.9870
vn,hang qua,hàng qua,0.9286
vn,hang quan,hàng quản,1.0000
vn,hang quoc,hàng quốc,1.0000
vn,hang quyet,hàng quyết,1.0000
vn,hang rao,hàng rào,1.0000
vn,hang san,hàng sản,0.9818
vn,hang sau,hàng sau,1.0000
vn,hang su,hàng sử,0.9953
vn,hang tcpht,hàng tcpht,1.0000
vn,hang ten,hàng tên,0.9524
vn,hang tham,hàng tham,0.9706
vn,hang thanh,hàng thành,0.9193
vn,hang thap,hạng thấp,1.0000
vn,hang thay,hàng thay,0.9091
vn,hang theo,hàng theo,0.9820
vn,hang thi,hàng thì,0.9032
vn,hang thieu,hàng thiếu,1.0000
vn,hang thoi,hàng thời,1.0000
vn,hang thong,hàng thông,0.9643
vn,hang thuc,hàng thực,0.9953
vn,hang thuoc,hàng thuộc,1.0000
vn,hang thuong,hàng thương,0.9936
vn,hang thutruong,hàng thủtrưởng,1.0000
vn,hang to,hàng tổ,0.9871
vn,hang toi,hàng tối,0.9200
vn,hang ton,hàng tồn,1.0000
vn,hang tong,hàng tổng,0.9375
vn,hang tren,hàng trên,1.0000
vn,hang trinh,hàng trình,1.0000
vn,hang trong,hàng trong,1.0000
vn,hang tru,hàng trừ,1.0000
vn,hang truc,hàng trực,1.0000
vn,hang trung,hàng trung,0.9767
vn,hang truoc,hàng trước,1.0000
vn,hang truong,hàng trường,0.9565
vn,hang ttlnh,hàng ttlnh,1.0000
vn,hang tu25,hàng từ25,1.0000
vn,hang tungay,hàng từngày,1.0000
vn,hang uy,hàng ủy,0.9048
vn,hang va,hàng và,0.9886
vn,hang vao,hàng vào,0.9000
vn,hang vay,hàng vay,1.0000
vn,hang ve,hàng về,0.9911
vn,hang viec,hàng việc,1.0000
vn,hang viet,hàng việt,0.9922
vn,hang voi,hàng với,0.9841
vn,hang xac,hàng xác,1.0000
vn,hang xang,hàng xăng,1.0000
vn,hang xet,hàng xét,1.0000
vn,hang xuat,hàng xuất,1.0000
vn,hang xuly,hàng xửlý,1.0000
vn,hang yeu,hàng yêu,1.0000
vn,hanh 1,hành 1,1.0000
vn,hanh 2,hành 2,1.0000
vn,hanh 24,hành 24,1.0000
vn,hanh 3,hành 3,1.0000
vn,hanh 4,hành 4,1.0000
vn,hanh 5,hành 5,1.0000
vn,hanh 6,hành 6,1.0000
vn,hanh a,hành a,1.0000
vn,hanh an,hành án,0.9330
vn,hanh ap,hành áp,1.0000
vn,hanh b,hành b,1.0000
vn,hanh bay,hành bay,1.0000
vn,hanh bieu,hành biểu,1.0000
vn,hanh binh,hành bình,1.0000
vn,hanh c,hành c,1.0000
vn,hanh cac,hành các,1.0000
vn,hanh cat,hành cắt,1.0000
vn,hanh che,hành chế,1.0000
vn,hanh chien,hành chiến,1.0000
vn,hanh chinh,hành chính,0.9996
vn,hanh cho,hành cho,1.0000
vn,hanh chua,hành chưa,1.0000
vn,hanh chuan,hành chuẩn,1.0000
vn,hanh chung,hành chứng,0.9538
vn,hanh chuong,hành chương,1.0000
vn,hanh chutruong,hành chủtrương,1.0000
vn,hanh chuyen,hành chuyển,0.9583
vn,hanh cua,hành của,1.0000
vn,hanh cung,hành cung,0.9000
vn,hanh cuoc,hành cuộc,1.0000
vn,hanh da,hành đã,1.0000
vn,hanh day,hành đầy,0.9000
vn,hanh de,hành để,0.9516
vn,hanh den,hành đến,1.0000
vn,hanh diem,hành điểm,1.0000
vn,hanh dieu,hành điều,1.0000
vn,hanh dinh,hành định,1.0000
vn,hanh doanh,hành doanh,1.0000
vn,hanh don,hành đơn,1.0000
vn,hanh dong,hành động,0.9180
vn,hanh du,hành dự,0.9565
vn,hanh dung,hành đúng,1.0000
vn,hanh duoc,hành được,1.0000
vn,hanh duoi,hành dưới,1.0000
vn,hanh duy,hành duy,1.0000
vn,hanh gia,hành giá,1.0000
vn,hanh giam,hành giám,0.9310
vn,hanh giao,hành giao,1.0000
vn,hanh giay,hành giấy,1.0000
vn,hanh ha,hành hạ,1.0000
vn,hanh he,hành hệ,1.0000
vn,hanh hieu,hành hiệu,1.0000
vn,hanh hinh,hành hình,1.0000
vn,hanh ho,hành hồ,0.9091
vn,hanh hoac,hành hoặc,1.0000
vn,hanh hoat,hành hoạt,1.0000
vn,hanh huong,hành hướng,1.0000
vn,hanh ke,hành kể,0.9107
vn,hanh kem,hành kèm,1.0000
vn,hanh ket,hành kết,1.0000
vn,hanh ketungay,hành kểtừngày,1.0000
vn,hanh khac,hành khác,1.0000
vn,hanh khach,hành khách,1.0000
vn,hanh khai,hành khai,1.0000
vn,hanh khi,hành khi,1.0000
vn,hanh khong,hành không,1.0000
vn,hanh khung,hành khung,1.0000
vn,hanh kiem,hành kiểm,1.0000
vn,hanh kinh,hành kinh,1.0000
vn,hanh kyluat,hành kỷluật,1.0000
vn,hanh la,hành là,1.0000
vn,hanh lang,hành lang,1.0000
vn,hanh lap,hành lập,1.0000
vn,hanh lien,hành liên,1.0000
vn,hanh linh,hành lĩnh,1.0000
vn,hanh lua,hành lựa,1.0000
vn,hanh luat,hành luật,1.0000
vn,hanh ly,hành lý,1.0000
vn,hanh ma,hành mà,0.9851
vn,hanh mang,hành mạng,1.0000
vn,hanh mau,hành mẫu,1.0000
vn,hanh may,hành máy,1.0000
vn,hanh mo,hành mỏ,0.9661
vn,hanh moi,hành mới,0.9615
vn,hanh mot,hành một,1.0000
vn,hanh muc,hành mức,0.9000
vn,hanh nang,hành nâng,1.0000
vn,hanh nay,hành nay,1.0000
vn,hanh nen,hành nền,1.0000
vn,hanh neu,hành nếu,1.0000
vn,hanh nghe,hành nghề,0.9990
vn,hanh nghi,hành nghị,1.0000
vn,hanh nghiem,hành nghiêm,0.9492
vn,hanh nha,hành nhà,1.0000
vn,hanh nhan,hành nhân,0.9333
vn,hanh nhiem,hành nhiệm,1.0000
vn,hanh nhu,hành như,0.9615
vn,hanh phai,hành phải,1.0000
vn,hanh phap,hành pháp,1.0000
vn,hanh phien,hành phiên,1.0000
vn,hanh phuc,hạnh phúc,0.9953
vn,hanh phuong,hành phương,1.0000
vn,hanh qua,hành quá,0.9286
vn,hanh quan,hành quản,1.0000
vn,hanh quy,hành quy,0.9118
vn,hanh quyen,hành quyền,1.0000
vn,hanh quyet,hành quyết,1.0000
vn,hanh sau,hành sau,1.0000
vn,hanh sec,hành séc,1.0000
vn,hanh sua,hành sửa,1.0000
vn,hanh tac,hành tác,1.0000
vn,hanh tam,hành tạm,1.0000
vn,hanh tap,hành tập,1.0000
vn,hanh tham,hành thẩm,0.9167
vn,hanh thay,hành thay,1.0000
vn,hanh the,hành thẻ,0.9794
vn,hanh them,hành thêm,1.0000
vn,hanh theo,hành theo,1.0000
vn,hanh thi,hành thì,0.9464
vn,hanh thoi,hành thời,1.0000
vn,hanh thong,hành thông,0.9000
vn,hanh thuc,hành thực,1.0000
vn,hanh tien,hành tiền,1.0000
vn,hanh tiep,hành tiếp,1.0000
vn,hanh tiet,hành tiết,1.0000
vn,hanh tieu,hành tiêu,1.0000
vn,hanh tot,hành tốt,1.0000
vn,hanh trai,hành trái,1.0000
vn,hanh trang,hành trang,1.0000
vn,hanh tren,hành trên,1.0000
vn,hanh trinh,hành trình,1.0000
vn,hanh tro,hành trò,1.0000
vn,hanh trong,hành trong,1.0000
vn,hanh tru,hành trừ,1.0000
vn,hanh trung,hành trung,1.0000
vn,hanh truoc,hành trước,1.0000
vn,hanh truong,hành trường,0.9811
vn,hanh tu,hành từ,0.9692
vn,hanh ung,hành ứng,1.0000
vn,hanh va,hành và,1.0000
vn,hanh van,hành văn,0.9482
vn,hanh vao,hành vào,1.0000
vn,hanh ve,hành về,0.9333
vn,hanh vi,hành vi,0.9996
vn,hanh viec,hành việc,1.0000
vn,hanh vien,hành viên,1.0000
vn,hanh xa,hành xả,1.0000
vn,hanh xac,hành xác,1.0000
vn,hanh xem,hành xem,1.0000
vn,hanh xong,hành xong,1.0000
vn,hanh xu,hành xử,1.0000
vn,hanh xuat,hành xuất,1.0000
vn,hao co,hao cơ,1.0000
vn,hao dien,hao điện,1.0000
vn,hao mon,hao mòn,1.0000
vn,hao nhiet,hao nhiệt,1.0000
vn,hao phuc,hao phục,1.0000
vn,hao tai,hao tài,1.0000
vn,hat nhan,hạt nhân,1.0000
vn,hat quan,hạt quản,1.0000
vn,hau can,hậu cần,1.0000
vn,hau het,hầu hết,1.0000
vn,hau qua,hậu quả,1.0000
vn,hay ca,hay cá,1.0000
vn,hay chua,hay chưa,1.0000
vn,hay khong,hay không,1.0000
vn,hay loi,hay lỗi,0.9231
vn,hay mot,hay một,1.0000
vn,hay nguoi,hay người,1.0000
vn,hay nhieu,hay nhiều,1.0000
vn,hd ban,hđ ban,1.0000
vn,hdnd ubnd,hđnd ubnd,1.0000
vn,he 4,hệ 4,1.0000
vn,he 8,hệ 8,1.0000
vn,he cua,hệ của,1.0000
vn,he dien,hệ điện,1.0000
vn,he dieu,hệ điều,1.0000
vn,he doi,hệ đối,1.0000
vn,he duoc,hệ được,1.0000
vn,he giua,hệ giữa,1.0000
vn,he khong,hệ không,1.0000
vn,he kinh,hệ kinh,1.0000
vn,he loai,hệ loại,1.0000
vn,he ma,hệ mã,1.0000
vn,he mat,hệ mật,1.0000
vn,he mau,hệ màu,1.0000
vn,he ngan,hệ ngân,0.9412
vn,he quan,hệ quản,1.0000
vn,he quoc,hệ quốc,1.0000
vn,he quy,hệ quy,1.0000
vn,he sinh,hệ sinh,1.0000
vn,he so,hệ số,0.9940
vn,he ten,hệ tên,1.0000
vn,he thong,hệ thống,0.9996
vn,he thu,hệ thứ,1.0000
vn,he tin,hệ tín,1.0000
vn,he toa,hệ tọa,0.9825
vn,he truc,hệ trực,1.0000
vn,he voi,hệ với,1.0000
vn,hec ta,héc ta,1.0000
vn,hecong tac,hệcông tác,1.0000
vn,hedoi tac,hệđối tác,1.0000
vn,hehop tac,hệhợp tác,1.0000
vn,hehuu nghi,hệhữu nghị,1.0000
vn,hen tra,hẹn trả,1.0000
vn,heso2 mot,hệsố2 một,1.0000
vn,het cac,hết các,1.0000
vn,het cong,hết công,1.0000
vn,het han,hết hạn,1.0000
vn,het hieu,hết hiệu,1.0000
vn,het nam,hết năm,1.0000
vn,het ngay,hết ngày,1.0000
vn,het so,hết số,1.0000
vn,het thoi,hết thời,1.0000
vn,het trong,hết trong,1.0000
vn,hethong lien,hệthống liên,1.0000
vn,hi e,hi ệ,1.0000
vn,hiem 1,hiểm 1,0.9545
vn,hiem 2,hiểm 2,1.0000
vn,hiem 3,hiểm 3,1.0000
vn,hiem b,hiểm b,1.0000
vn,hiem cap,hiểm cấp,1.0000
vn,hiem cho,hiểm cho,1.0000
vn,hiem chung,hiểm chứng,1.0000
vn,hiem cua,hiểm của,0.9167
vn,hiem de,hiểm để,1.0000
vn,hiem den,hiểm đến,0.9444
vn,hiem doi,hiểm đối,1.0000
vn,hiem duoc,hiểm được,1.0000
vn,hiem hoac,hiểm hoặc,0.9655
vn,hiem kinh,hiểm kinh,1.0000
vn,hiem that,hiểm thất,1.0000
vn,hiem tien,hiểm tiền,1.0000
vn,hiem trach,hiểm trách,1.0000
vn,hiem trong,hiểm trong,1.0000
vn,hiem va,hiểm và,0.9211
vn,hiem ve,hiểm về,1.0000
vn,hiem xa,hiểm xã,1.0000
vn,hiem y,hiểm y,0.9873
vn,hien 1,hiện 1,1.0000
vn,hien 2,hiện 2,1.0000
vn,hien 3,hiện 3,1.0000
vn,hien 4,hiện 4,0.9825
vn,hien 5,hiện 5,1.0000
vn,hien 6,hiện 6,1.0000
vn,hien a,hiện a,1.0000
vn,hien b,hiện b,1.0000
vn,hien bang,hiện bằng,0.9908
vn,hien bien,hiện biện,0.9811
vn,hien buoc,hiện bước,1.0000
vn,hien c,hiện c,0.9767
vn,hien ca,hiện cá,1.0000
vn,hien cac,hiện các,1.0000
vn,hien cai,hiện cải,0.9583
vn,hien canh,hiện cảnh,1.0000
vn,hien chanh,hiện chánh,1.0000
vn,hien chao,hiện chào,1.0000
vn,hien che,hiện chế,1.0000
vn,hien chia,hiện chia,1.0000
vn,hien chien,hiện chiến,1.0000
vn,hien chinh,hiện chính,0.9632
vn,hien chiu,hiện chịu,1.0000
vn,hien chu,hiện chủ,0.9000
vn,hien chuan,hiện chuẩn,1.0000
vn,hien chuc,hiện chức,1.0000
vn,hien chung,hiện chứng,1.0000
vn,hien chuoi,hiện chuỗi,0.9444
vn,hien chuong,hiện chương,0.9705
vn,hien chuyen,hiện chuyển,0.9730
vn,hien cong,hiện công,1.0000
vn,hien cu,hiện cụ,1.0000
vn,hien cua,hiện của,0.9872
vn,hien cung,hiện cung,0.9690
vn,hien cuong,hiện cưỡng,1.0000
vn,hien dai,hiện đại,1.0000
vn,hien dam,hiện đảm,1.0000
vn,hien danh,hiện đánh,0.9716
vn,hien dao,hiện đào,1.0000
vn,hien dat,hiện đặt,0.9722
vn,hien day,hiện đầy,0.9912
vn,hien de,hiện đề,0.9005
vn,hien den,hiện đến,0.9167
vn,hien dich,hiện dịch,1.0000
vn,hien diem,hiện điểm,1.0000
vn,hien dieu,hiện điều,1.0000
vn,hien dinh,hiện định,0.9231
vn,hien doanh,hiện doanh,1.0000
vn,hien doi,hiện đối,0.9529
vn,hien du,hiện dự,0.9834
vn,hien dung,hiện đúng,0.9836
vn,hien duoc,hiện được,1.0000
vn,hien duoi,hiện dưới,1.0000
vn,hien ghi,hiện ghi,1.0000
vn,hien giai,hiện giải,0.9070
vn,hien giam,hiện giám,0.9929
vn,hien giao,hiện giao,0.9984
vn,hien giay,hiện giấy,1.0000
vn,hien giu,hiện giữ,1.0000
vn,hien giua,hiện giữa,1.0000
vn,hien goi,hiện gói,1.0000
vn,hien gui,hiện gửi,1.0000
vn,hien hach,hiện hạch,1.0000
vn,hien han,hiện hạn,1.0000
vn,hien hanh,hiện hành,1.0000
vn,hien he,hiện hệ,1.0000
vn,hien hinh,hiện hình,1.0000
vn,hien ho,hiện hỗ,0.9581
vn,hien hoac,hiện hoặc,1.0000
vn,hien hoan,hiện hoàn,0.9773
vn,hien hoat,hiện hoạt,1.0000
vn,hien hop,hiện hợp,1.0000
vn,hien huu,hiện hữu,1.0000
vn,hien huy,hiện hủy,1.0000
vn,hien it,hiện ít,1.0000
vn,hien ket,hiện kết,0.9948
vn,hien khach,hiện khách,1.0000
vn,hien khai,hiện khai,1.0000
vn,hien khau,hiện khấu,1.0000
vn,hien khi,hiện khi,1.0000
vn,hien khong,hiện không,1.0000
vn,hien khuyen,hiện khuyến,1.0000
vn,hien kiem,hiện kiểm,1.0000
vn,hien kien,hiện kiến,1.0000
vn,hien kinh,hiện kinh,1.0000
vn,hien kip,hiện kịp,1.0000
vn,hien ky,hiện ký,0.9821
vn,hien la,hiện là,1.0000
vn,hien lai,hiện lại,1.0000
vn,hien lap,hiện lập,1.0000
vn,hien lenh,hiện lệnh,1.0000
vn,hien lien,hiện liên,1.0000
vn,hien loai,hiện loại,1.0000
vn,hien long,hiện lồng,1.0000
vn,hien luu,hiện lưu,1.0000
vn,hien mau,hiến mẫu,1.0000
vn,hien mot,hiện một,1.0000
vn,hien mua,hiện mua,1.0000
vn,hien nang,hiện nâng,0.9167
vn,hien nay,hiện nay,1.0000
vn,hien neu,hiện nếu,0.9811
vn,hien ngay,hiện ngay,0.9552
vn,hien nghi,hiện nghị,1.0000
vn,hien nghia,hiện nghĩa,1.0000
vn,hien nghiem,hiện nghiêm,0.9730
vn,hien nghien,hiện nghiên,1.0000
vn,hien nghiep,hiện nghiệp,1.0000
vn,hien ngoai,hiện ngoài,1.0000
vn,hien nguoi,hiện người,0.9231
vn,hien nham,hiện nhằm,1.0000
vn,hien nhap,hiện nhập,1.0000
vn,hien nhiem,hiện nhiệm,1.0000
vn,hien nhieu,hiện nhiều,1.0000
vn,hien nhu,hiện như,1.0000
vn,hien niem,hiện niêm,1.0000
vn,hien noi,hiện nội,0.9725
vn,hien nop,hiện nộp,1.0000
vn,hien o,hiện ở,1.0000
vn,hien pha,hiện phá,1.0000
vn,hien phan,hiện phân,0.9936
vn,hien phat,hiện phát,0.9583
vn,hien phu,hiện phù,1.0000
vn,hien phuong,hiện phương,1.0000
vn,hien qua,hiện qua,0.9100
vn,hien quan,hiện quản,0.9747
vn,hien quy,hiện quy,0.9927
vn,hien quyen,hiện quyền,1.0000
vn,hien quyet,hiện quyết,1.0000
vn,hien ro,hiện rõ,1.0000
vn,hien rut,hiện rút,1.0000
vn,hien sai,hiện sai,1.0000
vn,hien sao,hiện sao,1.0000
vn,hien sau,hiện sau,0.9912
vn,hien so,hiện số,0.9487
vn,hien su,hiện sự,0.9853
vn,hien sua,hiện sửa,1.0000
vn,hien tam,hiện tạm,1.0000
vn,hien tan,hiện tấn,1.0000
vn,hien tao,hiện tạo,1.0000
vn,hien tat,hiện tất,1.0000
vn,hien tham,hiện thẩm,0.9155
vn,hien thanh,hiện thanh,0.9579
vn,hien thau,hiện thấu,1.0000
vn,hien theo,hiện theo,1.0000
vn,hien thoi,hiện thời,1.0000
vn,hien thua,hiện thừa,0.9286
vn,hien thue,hiện thuê,0.9500
vn,hien thutuc,hiện thủtục,1.0000
vn,hien tich,hiện tích,0.9545
vn,hien tien,hiện tiền,1.0000
vn,hien tiep,hiện tiếp,1.0000
vn,hien tieu,hiện tiêu,1.0000
vn,hien to,hiện tổ,0.9344
vn,hien toan,hiện toàn,1.0000
vn,hien tong,hiện tổng,0.9333
vn,hien tot,hiện tốt,1.0000
vn,hien trach,hiện trách,1.0000
vn,hien trang,hiện trạng,0.9669
vn,hien trao,hiện trao,1.0000
vn,hien tren,hiện trên,1.0000
vn,hien trich,hiện trích,1.0000
vn,hien trinh,hiện trình,1.0000
vn,hien trong,hiện trong,0.9974
vn,hien truoc,hiện trước,1.0000
vn,hien truong,hiện trường,1.0000
vn,hien trusoco,hiện trụsởcơ,1.0000
vn,hien truy,hiện truy,1.0000
vn,hien tthc,hiện tthc,0.9167
vn,hien tu3,hiện từ3,1.0000
vn,hien tung,hiện từng,1.0000
vn,hien ty,hiện tỷ,1.0000
vn,hien ung,hiện ứng,1.0000
vn,hien uy,hiện ủy,0.9474
vn,hien va,hiện và,0.9971
vn,hien vao,hiện vào,1.0000
vn,hien vat,hiện vật,1.0000
vn,hien ve,hiện về,1.0000
vn,hien vi,hiện vi,0.9924
vn,hien viec,hiện việc,1.0000
vn,hien vo,hiện vô,1.0000
vn,hien voi,hiện với,1.0000
vn,hien xac,hiện xác,1.0000
vn,hien xay,hiện xây,0.9583
vn,hien xep,hiện xếp,1.0000
vn,hien xoa,hiện xóa,1.0000
vn,hien xong,hiện xong,1.0000
vn,hien xu,hiện xử,1.0000
vn,hien xuat,hiện xuất,1.0000
vn,hien yeu,hiện yêu,1.0000
vn,hientrang chuoi,hientrang chuỗi,1.0000
vn,hiep dinh,hiệp định,1.0000
vn,hiep dong,hiệp đồng,1.0000
vn,hiep hoi,hiệp hội,1.0000
vn,hiep hop,hiệp hợp,1.0000
vn,hiep thuong,hiệp thương,1.0000
vn,hieu anh,hiệu anh,0.9545
vn,hieu bao,hiệu bao,0.9362
vn,hieu bat,hiệu bất,1.0000
vn,hieu biet,hiểu biết,1.0000
vn,hieu chien,hiệu chiến,1.0000
vn,hieu chinh,hiệu chỉnh,0.9500
vn,hieu chuan,hiệu chuẩn,1.0000
vn,hieu cothi,hiệu cờthi,1.0000
vn,hieu cua,hiệu của,0.9528
vn,hieu dinh,hiệu đính,0.9167
vn,hieu dung,hiệu dụng,1.0000
vn,hieu gian,hiệu gian,1.0000
vn,hieu hang,hiệu hàng,1.0000
vn,hieu hoa,hiệu hóa,1.0000
vn,hieu hoac,hiệu hoặc,1.0000
vn,hieu huan,hiệu huân,1.0000
vn,hieu lien,hiệu liên,1.0000
vn,hieu loai,hiệu loại,1.0000
vn,hieu luc,hiệu lực,0.9931
vn,hieu ma,hiệu mã,1.0000
vn,hieu mang,hiệu mạng,1.0000
vn,hieu nang,hiệu năng,1.0000
vn,hieu nhu,hiểu như,0.9976
vn,hieu qcvn,hiệu qcvn,1.0000
vn,hieu qua,hiệu quả,1.0000
vn,hieu quaap,hiệu quảáp,1.0000
vn,hieu quacao,hiệu quảcao,1.0000
vn,hieu quachinh,hiệu quảchính,1.0000
vn,hieu quasang,hiệu quảsáng,1.0000
vn,hieu quatrong,hiệu quảtrong,1.0000
vn,hieu quava,hiệu quảvà,1.0000
vn,hieu quoc,hiệu quốc,1.0000
vn,hieu rieng,hiệu riêng,1.0000
vn,hieu rui,hiệu rủi,1.0000
vn,hieu so,hiệu số,0.9773
vn,hieu suat,hiệu suất,1.0000
vn,hieu tai,hiệu tài,0.9464
vn,hieu tap,hiệu tập,1.0000
vn,hieu ten,hiệu tên,1.0000
vn,hieu thi,hiệu thi,0.9727
vn,hieu tieu,hiệu tiêu,1.0000
vn,hieu to,hiệu tờ,1.0000
vn,hieu toi,hiệu tội,1.0000
vn,hieu truyen,hiệu truyền,1.0000
vn,hieu van,hiệu văn,1.0000
vn,hieu vi,hiệu vi,0.9388
vn,hieu viet,hiệu viết,1.0000
vn,hieu xu,hiệu xử,1.0000
vn,hieuluc logic,hieuluc lôgic,1.0000
vn,hinh a,hình a,1.0000
vn,hinh an,hình an,1.0000
vn,hinh anh,hình ảnh,1.0000
vn,hinh c,hình c,1.0000
vn,hinh cac,hình các,1.0000
vn,hinh chap,hình chấp,1.0000
vn,hinh chu,hình chữ,1.0000
vn,hinh chuyen,hình chuyển,0.9200
vn,hinh cong,hình công,1.0000
vn,hinh cua,hình của,1.0000
vn,hinh cung,hình cung,1.0000
vn,hinh de,hình để,1.0000
vn,hinh diahinh,hình diahinh,1.0000
vn,hinh dich,hình dịch,1.0000
vn,hinh diem,hình điểm,1.0000
vn,hinh dieu,hình điều,1.0000
vn,hinh don,hình đơn,0.9412
vn,hinh du,hình dữ,0.9827
vn,hinh duoc,hình được,1.0000
vn,hinh ghi,hình ghi,1.0000
vn,hinh giai,hình giải,1.0000
vn,hinh giao,hình giao,1.0000
vn,hinh hang,hình hạng,0.9892
vn,hinh he,hình hệ,1.0000
vn,hinh hoac,hình hoặc,1.0000
vn,hinh hoat,hình hoạt,1.0000
vn,hinh ket,hình kết,1.0000
vn,hinh khac,hình khác,0.9474
vn,hinh khai,hình khai,1.0000
vn,hinh kinh,hình kinh,1.0000
vn,hinh led,hình led,1.0000
vn,hinh mang,hình mạng,1.0000
vn,hinh may,hình máy,1.0000
vn,hinh ngan,hình ngân,1.0000
vn,hinh nhiem,hình nhiệm,0.9167
vn,hinh pc,hình pc,1.0000
vn,hinh phai,hình phải,1.0000
vn,hinh qu,hình qu,1.0000
vn,hinh quan,hình quản,0.9828
vn,hinh quoc,hình quốc,1.0000
vn,hinh san,hình sản,1.0000
vn,hinh su,hình sự,0.9178
vn,hinh suhoac,hình sựhoặc,1.0000
vn,hinh suma,hình sựmà,1.0000
vn,hinh tang,hình tăng,1.0000
vn,hinh thanh,hình thành,0.9804
vn,hinh thiet,hình thiết,0.9231
vn,hinh thu,hình thử,0.9559
vn,hinh thuc,hình thức,0.9208
vn,hinh thuoc,hình thuộc,1.0000
vn,hinh to,hình tổ,1.0000
vn,hinh tri,hình trí,0.9500
vn,hinh trien,hình triển,1.0000
vn,hinh tro,hình trò,1.0000
vn,hinh tuan,hình tuân,1.0000
vn,hinh va,hình và,1.0000
vn,hinh vecong,hình vềcông,1.0000
vn,hinh viet,hình việt,1.0000
vn,hinh vuong,hình vuông,1.0000
vn,hinh xu,hình xử,0.9583
vn,hinh xuat,hình xuất,1.0000
vn,ho ca,hộ cá,1.0000
vn,ho can,hộ cận,1.0000
vn,ho cao,hồ cao,1.0000
vn,ho chieu,hộ chiếu,0.9911
vn,ho cho,hộ cho,0.9412
vn,ho chu,họ chữ,0.9444
vn,ho chua,hồ chứa,0.9920
vn,ho cu,hồ cụ,1.0000
vn,ho cuc,hộ cục,1.0000
vn,ho cuu,hộ cứu,1.0000
vn,ho dan,hộ dân,0.9091
vn,ho gia,hộ gia,1.0000
vn,ho hoac,hộ hoặc,0.9000
vn,ho khai,hộ khai,1.0000
vn,ho khau,hộ khẩu,1.0000
vn,ho kinh,hộ kinh,1.0000
vn,ho lao,hộ lao,1.0000
vn,ho luu,hồ lưu,0.9333
vn,ho ma,hồ mà,0.9667
vn,ho ngheo,hộ nghèo,1.0000
vn,ho nguoi,hộ người,1.0000
vn,ho quyen,hộ quyền,1.0000
vn,ho san,hộ sản,1.0000
vn,ho so,hồ sơ,0.9981
vn,ho su,hộ sử,0.9630
vn,ho ten,họ tên,0.9896
vn,ho thai,hồ thải,1.0000
vn,ho the,hộ thẻ,0.9000
vn,ho tich,hộ tịch,1.0000
vn,ho to,hộ tổ,1.0000
vn,ho tro,hỗ trợ,0.9922
vn,hoa 100,hóa 100,0.9000
vn,hoa 4,hóa 4,0.9333
vn,hoa 5,hóa 5,1.0000
vn,hoa ca,hóa cá,1.0000
vn,hoa cam,hóa cấm,1.0000
vn,hoa chat,hóa chất,0.9398
vn,hoa dat,hóa đất,0.9902
vn,hoa di,hóa di,1.0000
vn,hoa don,hóa đơn,0.9461
vn,hoa du,hóa dữ,0.9236
vn,hoa duoc,hóa được,0.9485
vn,hoa geo,họa geo,1.0000
vn,hoa giay,hóa giấy,0.9474
vn,hoa han,hóa hạn,1.0000
vn,hoa hang,hóa hàng,0.9868
vn,hoa hoc,hóa học,0.9444
vn,hoa hong,hoa hồng,1.0000
vn,hoa ket,hóa kết,0.9661
vn,hoa kiem,hóa kiểm,1.0000
vn,hoa la,hóa là,0.9857
vn,hoa lanh,hóa lãnh,0.9623
vn,hoa loai,hóa loại,0.9000
vn,hoa long,hóa lỏng,1.0000
vn,hoa nghethuat,hóa nghệthuật,1.0000
vn,hoa nhom,hóa nhóm,1.0000
vn,hoa no,hoa nổ,1.0000
vn,hoa noi,hóa nội,0.9756
vn,hoa pc,hóa pc,1.0000
vn,hoa phai,hóa phải,0.9048
vn,hoa phao,hoa pháo,1.0000
vn,hoa phi,hóa phi,1.0000
vn,hoa quoc,hóa quốc,0.9000
vn,hoa quy,hóa quy,0.9020
vn,hoa sa,hóa sa,1.0000
vn,hoa san,hóa sản,0.9130
vn,hoa su,hóa sử,0.9545
vn,hoa thu,hóa thủ,0.9545
vn,hoa truoc,hóa trước,1.0000
vn,hoa viec,hóa việc,0.9524
vn,hoa vien,hóa viễn,1.0000
vn,hoac 01,hoặc 01,1.0000
vn,hoac 02,hoặc 02,1.0000
vn,hoac 09,hoặc 09,1.0000
vn,hoac an,hoặc an,0.9091
vn,hoac anh,hoặc ảnh,1.0000
vn,hoac ap,hoặc áp,1.0000
vn,hoac bai,hoặc bãi,0.9667
vn,hoac bang,hoặc bằng,0.9536
vn,hoac bat,hoặc bất,0.9667
vn,hoac ben,hoặc bên,1.0000
vn,hoac bi,hoặc bị,0.9885
vn,hoac bieu,hoặc biểu,1.0000
vn,hoac buoc,hoặc buộc,1.0000
vn,hoac ca,hoặc cá,0.9405
vn,hoac cac,hoặc các,1.0000
vn,hoac cach,hoặc cách,1.0000
vn,hoac cao,hoặc cao,1.0000
vn,hoac chap,hoặc chấp,1.0000
vn,hoac chieu,hoặc chiều,1.0000
vn,hoac cho,hoặc cho,0.9796
vn,hoac chong,hoặc chồng,0.9800
vn,hoac chua,hoặc chưa,1.0000
vn,hoac chuc,hoặc chức,1.0000
vn,hoac chung,hoặc chứng,0.9943
vn,hoac cua,hoặc của,0.9722
vn,hoac cuc,hoặc cục,1.0000
vn,hoac d,hoặc d,1.0000
vn,hoac dac,hoặc đặc,0.9000
vn,hoac den,hoặc đến,0.9091
vn,hoac denghicap,hoặc đềnghịcấp,1.0000
vn,hoac detai,hoặc đềtài,1.0000
vn,hoac dia,hoặc địa,1.0000
vn,hoac dich,hoặc dịch,1.0000
vn,hoac diem,hoặc điểm,1.0000
vn,hoac dieu,hoặc điều,1.0000
vn,hoac doanh,hoặc doanh,1.0000
vn,hoac don,hoặc đơn,1.0000
vn,hoac dot,hoặc đột,0.9935
vn,hoac duoc,hoặc được,1.0000
vn,hoac duoi,hoặc dưới,1.0000
vn,hoac duong,hoặc đường,1.0000
vn,hoac duy,hoặc duy,1.0000
vn,hoac gay,hoặc gây,1.0000
vn,hoac ghi,hoặc ghi,1.0000
vn,hoac giai,hoặc giải,1.0000
vn,hoac gian,hoặc gián,0.9737
vn,hoac giao,hoặc giao,0.9931
vn,hoac giay,hoặc giấy,1.0000
vn,hoac giua,hoặc giữa,1.0000
vn,hoac gop,hoặc góp,1.0000
vn,hoac gui,hoặc gửi,1.0000
vn,hoac han,hoặc hạn,1.0000
vn,hoac hanh,hoặc hành,1.0000
vn,hoac he,hoặc hệ,1.0000
vn,hoac het,hoặc hết,1.0000
vn,hoac hinh,hoặc hình,1.0000
vn,hoac hoat,hoặc hoạt,1.0000
vn,hoac hoi,hoặc hội,1.0000
vn,hoac hop,hoặc hợp,0.9597
vn,hoac hu,hoặc hư,1.0000
vn,hoac huan,hoặc huân,0.9818
vn,hoac huong,hoặc hướng,0.9048
vn,hoac huy,hoặc hủy,0.9138
vn,hoac huyen,hoặc huyện,1.0000
vn,hoac ii,hoặc ii,1.0000
vn,hoac json,hoặc json,1.0000
vn,hoac kenh,hoặc kênh,1.0000
vn,hoac keo,hoặc kéo,1.0000
vn,hoac ket,hoặc kết,1.0000
vn,hoac kha,hoặc khả,0.9722
vn,hoac khach,hoặc khách,1.0000
vn,hoac khai,hoặc khai,1.0000
vn,hoac khi,hoặc khi,0.9816
vn,hoac khoan,hoặc khoản,0.9630
vn,hoac khong,hoặc không,0.9990
vn,hoac kiem,hoặc kiểm,0.9672
vn,hoac kien,hoặc kiến,1.0000
vn,hoac kinh,hoặc kinh,1.0000
vn,hoac la,hoặc là,1.0000
vn,hoac lam,hoặc làm,0.9677
vn,hoac lenh,hoặc lệnh,1.0000
vn,hoac lien,hoặc liên,1.0000
vn,hoac linh,hoặc lĩnh,0.9847
vn,hoac lo,hoặc lộ,1.0000
vn,hoac loai,hoặc loại,0.9375
vn,hoac logo,hoặc logo,1.0000
vn,hoac loi,hoặc lợi,0.9070
vn,hoac lon,hoặc lớn,1.0000
vn,hoac lua,hoặc lựa,1.0000
vn,hoac luu,hoặc lưu,1.0000
vn,hoac ly,hoặc lý,0.9167
vn,hoac ma,hoặc mã,0.9714
vn,hoac mat,hoặc mất,0.9355
vn,hoac mau,hoặc mẫu,0.9310
vn,hoac mien,hoặc miễn,1.0000
vn,hoac mot,hoặc một,1.0000
vn,hoac mua,hoặc mua,1.0000
vn,hoac muu,hoặc mưu,1.0000
vn,hoac nang,hoặc nâng,1.0000
vn,hoac ngam,hoặc ngâm,0.9565
vn,hoac nganh,hoặc ngành,1.0000
vn,hoac nghia,hoặc nghĩa,1.0000
vn,hoac ngung,hoặc ngừng,0.9545
vn,hoac nguoc,hoặc ngược,1.0000
vn,hoac nguoi,hoặc người,1.0000
vn,hoac nguon,hoặc nguồn,1.0000
vn,hoac nguy,hoặc nguy,1.0000
vn,hoac nguyen,hoặc nguyên,1.0000
vn,hoac nha,hoặc nhà,1.0000
vn,hoac nhan,hoặc nhận,0.9000
vn,hoac nhap,hoặc nhập,1.0000
vn,hoac nhieu,hoặc nhiều,1.0000
vn,hoac nhom,hoặc nhóm,1.0000
vn,hoac nhung,hoặc những,1.0000
vn,hoac niem,hoặc niêm,1.0000
vn,hoac nop,hoặc nộp,1.0000
vn,hoac o,hoặc ở,1.0000
vn,hoac ong,hoặc ống,1.0000
vn,hoac pha,hoặc phá,0.9672
vn,hoac phai,hoặc phải,1.0000
vn,hoac phan,hoặc phân,0.9034
vn,hoac phap,hoặc pháp,1.0000
vn,hoac phe,hoặc phê,1.0000
vn,hoac pho,hoặc phó,0.9636
vn,hoac phoi,hoặc phối,1.0000
vn,hoac phu,hoặc phụ,0.9000
vn,hoac phuong,hoặc phương,0.9762
vn,hoac qua,hoặc qua,0.9632
vn,hoac quan,hoặc quản,0.9048
vn,hoac quoc,hoặc quốc,1.0000
vn,hoac quy,hoặc quy,0.9370
vn,hoac quyen,hoặc quyền,1.0000
vn,hoac quyet,hoặc quyết,1.0000
vn,hoac rui,hoặc rủi,1.0000
vn,hoac rut,hoặc rút,1.0000
vn,hoac sai,hoặc sai,1.0000
vn,hoac san,hoặc sản,1.0000
vn,hoac sang,hoặc sang,0.9412
vn,hoac sao,hoặc sao,1.0000
vn,hoac sau,hoặc sau,1.0000
vn,hoac se,hoặc sẽ,1.0000
vn,hoac sua,hoặc sửa,1.0000
vn,hoac tam,hoặc tạm,0.9250
vn,hoac tao,hoặc tạo,1.0000
vn,hoac ten,hoặc tên,0.9474
vn,hoac thap,hoặc thấp,1.0000
vn,hoac thay,hoặc thay,0.9962
vn,hoac theo,hoặc theo,1.0000
vn,hoac thep,hoặc thép,1.0000
vn,hoac thiet,hoặc thiết,0.9444
vn,hoac thoa,hoặc thỏa,0.9747
vn,hoac thoi,hoặc thời,0.9123
vn,hoac thong,hoặc thông,0.9597
vn,hoac thuc,hoặc thực,0.9958
vn,hoac thue,hoặc thuê,0.9587
vn,hoac thuoc,hoặc thuộc,0.9730
vn,hoac tieng,hoặc tiếng,1.0000
vn,hoac tiep,hoặc tiếp,1.0000
vn,hoac tiet,hoặc tiết,1.0000
vn,hoac tieu,hoặc tiêu,1.0000
vn,hoac tim,hoặc tìm,1.0000
vn,hoac tin,hoặc tin,0.9615
vn,hoac to,hoặc tổ,0.9658
vn,hoac toan,hoặc toàn,1.0000
vn,hoac ton,hoặc tổn,1.0000
vn,hoac tong,hoặc tổng,1.0000
vn,hoac tot,hoặc tốt,1.0000
vn,hoac tra,hoặc trả,0.9254
vn,hoac trang,hoặc trang,0.9394
vn,hoac tren,hoặc trên,1.0000
vn,hoac trich,hoặc trích,1.0000
vn,hoac trinh,hoặc trình,1.0000
vn,hoac trong,hoặc trong,1.0000
vn,hoac truc,hoặc trực,0.9259
vn,hoac truy,hoặc truy,1.0000
vn,hoac tuoc,hoặc tước,1.0000
vn,hoac tuong,hoặc tương,1.0000
vn,hoac ung,hoặc ứng,0.9375
vn,hoac uop,hoặc ướp,1.0000
vn,hoac van,hoặc văn,0.9147
vn,hoac vao,hoặc vào,1.0000
vn,hoac viec,hoặc việc,1.0000
vn,hoac vo,hoặc vô,0.9474
vn,hoac voi,hoặc với,1.0000
vn,hoac von,hoặc vốn,1.0000
vn,hoac vu,hoặc vụ,1.0000
vn,hoac vuot,hoặc vượt,1.0000
vn,hoac xac,hoặc xác,1.0000
vn,hoac xam,hoặc xâm,1.0000
vn,hoac xem,hoặc xem,1.0000
vn,hoac xet,hoặc xét,1.0000
vn,hoac xu,hoặc xử,1.0000
vn,hoac xuat,hoặc xuất,1.0000
vn,hoac y,hoặc ý,1.0000
vn,hoac yeu,hoặc yêu,0.9653
vn,hoach 1,hoạch 1,1.0000
vn,hoach 2,hoạch 2,1.0000
vn,hoach 3,hoạch 3,1.0000
vn,hoach 5,hoạch 5,1.0000
vn,hoach a,hoạch a,1.0000
vn,hoach b,hoạch b,1.0000
vn,hoach c,hoạch c,1.0000
vn,hoach cac,hoạch các,1.0000
vn,hoach cap,hoạch cấp,0.9762
vn,hoach chi,hoạch chi,0.9091
vn,hoach chon,hoạch chọn,1.0000
vn,hoach chung,hoạch chung,1.0000
vn,hoach chuong,hoạch chương,1.0000
vn,hoach cong,hoạch công,1.0000
vn,hoach cua,hoạch của,1.0000
vn,hoach da,hoạch đã,0.9778
vn,hoach danh,hoạch đánh,0.9000
vn,hoach dau,hoạch đầu,0.9972
vn,hoach dieu,hoạch điều,1.0000
vn,hoach dinh,hoạch định,1.0000
vn,hoach do,hoạch đô,0.9689
vn,hoach don,hoạch đơn,1.0000
vn,hoach duoc,hoạch được,1.0000
vn,hoach duy,hoạch duy,1.0000
vn,hoach giao,hoạch giao,1.0000
vn,hoach ha,hoạch hạ,1.0000
vn,hoach hoac,hoạch hoặc,1.0000
vn,hoach hoat,hoạch hoạt,1.0000
vn,hoach ke,hoạch kế,0.9963
vn,hoach kho,hoạch kho,1.0000
vn,hoach kiem,hoạch kiểm,1.0000
vn,hoach kinh,hoạch kinh,1.0000
vn,hoach ky,hoạch kỹ,1.0000
vn,hoach la,hoạch là,1.0000
vn,hoach lap,hoạch lập,0.9649
vn,hoach lien,hoạch liên,1.0000
vn,hoach lua,hoạch lựa,1.0000
vn,hoach ma,hoạch mã,0.9630
vn,hoach mucdichsudungqh,hoạch mucdichsudungqh,1.0000
vn,hoach namquyhoach,hoạch namquyhoach,1.0000
vn,hoach nay,hoạch này,1.0000
vn,hoach nguon,hoạch nguồn,1.0000
vn,hoach nha,hoạch nhà,1.0000
vn,hoach nhap,hoạch nhập,1.0000
vn,hoach nong,hoạch nông,1.0000
vn,hoach phan,hoạch phân,0.9744
vn,hoach phat,hoạch phát,1.0000
vn,hoach phe,hoạch phê,1.0000
vn,hoach phuong,hoạch phương,1.0000
vn,hoach quan,hoạch quản,0.9730
vn,hoach quy,hoạch quy,0.9574
vn,hoach san,hoạch sản,1.0000
vn,hoach sau,hoạch sau,1.0000
vn,hoach su,hoạch sử,1.0000
vn,hoach tai,hoạch tài,0.9963
vn,hoach tham,hoạch thăm,0.9444
vn,hoach thanh,hoạch thanh,0.9474
vn,hoach theo,hoạch theo,1.0000
vn,hoach thi,hoạch thi,0.9130
vn,hoach thuc,hoạch thực,1.0000
vn,hoach tinh,hoạch tỉnh,1.0000
vn,hoach to,hoạch tổ,1.0000
vn,hoach tong,hoạch tổng,1.0000
vn,hoach trien,hoạch triển,1.0000
vn,hoach trong,hoạch trong,1.0000
vn,hoach truoc,hoạch trước,1.0000
vn,hoach ung,hoạch ứng,1.0000
vn,hoach va,hoạch và,0.9978
vn,hoach ve,hoạch về,1.0000
vn,hoach von,hoạch vốn,1.0000
vn,hoach xac,hoạch xác,1.0000
vn,hoach xay,hoạch xây,1.0000
vn,hoai 01,hoại 01,1.0000
vn,hoai 1,hoại 1,1.0000
vn,hoai 2,hoại 2,1.0000
vn,hoai 3,hoại 3,1.0000
vn,hoai 4,hoại 4,1.0000
vn,hoai 5,hoại 5,1.0000
vn,hoai a,hoại a,1.0000
vn,hoai b,hoại b,1.0000
vn,hoai ban,hoại bản,1.0000
vn,hoai c,hoại c,1.0000
vn,hoai co,hoại cơ,1.0000
vn,hoai danh,hoại danh,0.9167
vn,hoai duoc,hoại được,1.0000
vn,hoai he,hoại hệ,1.0000
vn,hoai hoac,hoại hoặc,1.0000
vn,hoai hu,hoại hư,1.0000
vn,hoai lam,hoại làm,1.0000
vn,hoai mat,hoại mất,1.0000
vn,hoai se,hoại sẽ,1.0000
vn,hoai ten,hoại tên,1.0000
vn,hoai thuan,hoại thuần,1.0000
vn,hoai thuc,hoại thực,1.0000
vn,hoai trach,hoại trách,1.0000
vn,hoai trong,hoại trong,1.0000
vn,hoai va,hoại và,1.0000
vn,hoan cai,hoán cải,1.0000
vn,hoan canh,hoàn cảnh,1.0000
vn,hoan chap,hoãn chấp,1.0000
vn,hoan chinh,hoàn chỉnh,1.0000
vn,hoan cho,hoàn cho,1.0000
vn,hoan cong,hoàn công,1.0000
vn,hoan giao,hoãn giao,0.9524
vn,hoan hoac,hoạn hoặc,0.9697
vn,hoan lai,hoàn lại,1.0000
vn,hoan nhap,hoàn nhập,1.0000
vn,hoan tat,hoàn tất,1.0000
vn,hoan thanh,hoàn thành,1.0000
vn,hoan thien,hoàn thiện,1.0000
vn,hoan thue,hoàn thuế,0.9301
vn,hoan tien,hoàn tiền,1.0000
vn,hoan toan,hoàn toàn,1.0000
vn,hoan ton,hoàn tổn,1.0000
vn,hoan tra,hoàn trả,1.0000
vn,hoan va,hoạn và,0.9500
vn,hoang da,hoang dã,1.0000
vn,hoang mac,hoang mạc,1.0000
vn,hoat chung,hoạt chứng,1.0000
vn,hoat cua,hoạt của,1.0000
vn,hoat dong,hoạt động,0.9999
vn,hoat gia,hoạt gia,1.0000
vn,hoat su,hoạt sử,1.0000
vn,hoc cac,học các,1.0000
vn,hoc cao,học cao,1.0000
vn,hoc cap,học cấp,1.0000
vn,hoc chap,học chấp,1.0000
vn,hoc chuc,học chức,1.0000
vn,hoc chuyen,học chuyên,0.9333
vn,hoc cites,học cites,1.0000
vn,hoc cong,học công,1.0000
vn,hoc cua,học của,1.0000
vn,hoc dan,học dân,1.0000
vn,hoc dat,học đạt,0.9444
vn,hoc dau,học đầu,0.9722
vn,hoc dean,học đềán,1.0000
vn,hoc duoc,học được,0.9565
vn,hoc giugin,học giữgìn,1.0000
vn,hoc gom,học gồm,1.0000
vn,hoc ham,học hàm,1.0000
vn,hoc hoac,học hoặc,1.0000
vn,hoc hoan,học hoàn,1.0000
vn,hoc hue,học huế,1.0000
vn,hoc khac,học khác,1.0000
vn,hoc kinh,học kinh,1.0000
vn,hoc ky,học kỹ,0.9672
vn,hoc kythuat,học kỹthuật,1.0000
vn,hoc la,học là,0.9333
vn,hoc ngan,học ngân,0.9333
vn,hoc nghiep,học nghiệp,1.0000
vn,hoc nong,học nông,1.0000
vn,hoc phai,học phải,1.0000
vn,hoc phat,học phát,1.0000
vn,hoc pho,học phổ,1.0000
vn,hoc quoc,học quốc,1.0000
vn,hoc sinh,học sinh,1.0000
vn,hoc su,học sư,0.9231
vn,hoc tac,học tác,1.0000
vn,hoc tap,học tập,1.0000
vn,hoc thai,học thái,1.0000
vn,hoc thanh,học thành,1.0000
vn,hoc theo,học theo,1.0000
vn,hoc thuoc,học thuộc,0.9697
vn,hoc to,học tổ,1.0000
vn,hoc tre,học trẻ,1.0000
vn,hoc tro,học trở,1.0000
vn,hoc trong,học trong,0.9737
vn,hoc ung,học ứng,1.0000
vn,hoc va,học và,0.9991
vn,hoc ve,học về,1.0000
vn,hoc xa,học xã,1.0000
vn,hoc y,học y,1.0000
vn,hochi minh,hồchí minh,1.0000
vn,hogia dinh,hộgia đình,1.0000
vn,hoi 01,hồi 01,1.0000
vn,hoi ca,hội cả,0.9250
vn,hoi can,hội căn,0.9153
vn,hoi canh,hội cảnh,0.9524
vn,hoi chinh,hội chính,1.0000
vn,hoi chiu,hội chịu,1.0000
vn,hoi chu,hội chủ,0.9950
vn,hoi chung,hồi chứng,0.9738
vn,hoi chunghia,hội chủnghĩa,1.0000
vn,hoi con,hồi còn,1.0000
vn,hoi cong,hội công,0.9500
vn,hoi cuc,hội cục,1.0000
vn,hoi dac,hội đặc,1.0000
vn,hoi dat,hồi đất,0.9279
vn,hoi dich,hội dịch,1.0000
vn,hoi dien,hội điện,0.9808
vn,hoi doai,hối đoái,1.0000
vn,hoi doan,hội đoàn,0.9231
vn,hoi dong,hội đồng,0.9976
vn,hoi dua,hồi đưa,0.9167
vn,hoi giay,hồi giấy,0.9869
vn,hoi giu,hồi giữ,1.0000
vn,hoi he,hồi hệ,1.0000
vn,hoi hoc,hội học,1.0000
vn,hoi hoi,hội hội,1.0000
vn,hoi huong,hội hướng,0.9167
vn,hoi huu,hội hữu,1.0000
vn,hoi huy,hồi hủy,0.9592
vn,hoi kha,hồi khả,1.0000
vn,hoi khoang,hồi khoáng,1.0000
vn,hoi khuvuc,hồi khuvuc,1.0000
vn,hoi kiem,hội kiểm,0.9375
vn,hoi mavungktxh,hội mavungktxh,1.0000
vn,hoi moi,hồi môi,0.9756
vn,hoi ngan,hội ngân,0.9250
vn,hoi ngay,hồi ngay,0.9231
vn,hoi nghe,hội nghề,0.9962
vn,hoi nghi,hội nghị,1.0000
vn,hoi nhanh,hồi nhanh,1.0000
vn,hoi nhap,hội nhập,1.0000
vn,hoi no,hồi nợ,1.0000
vn,hoi noi,hội nơi,0.9412
vn,hoi nong,hội nông,1.0000
vn,hoi nuoc,hội nước,0.9333
vn,hoi o,hội ở,0.9778
vn,hoi pha,hồi phá,0.9808
vn,hoi phe,hội phê,1.0000
vn,hoi phieu,hối phiếu,1.0000
vn,hoi qcvn,hội qcvn,1.0000
vn,hoi quoc,hội quốc,1.0000
vn,hoi quyet,hội quyết,0.9636
vn,hoi san,hồi sản,0.9091
vn,hoi sua,hội sửa,0.9375
vn,hoi tai,hồi tài,0.9248
vn,hoi tam,hồi tạm,1.0000
vn,hoi thao,hội thảo,0.9934
vn,hoi thay,hồi thay,1.0000
vn,hoi thiet,hồi thiết,1.0000
vn,hoi thue,hội thuê,0.9633
vn,hoi to,hội tổ,0.9596
vn,hoi toan,hồi toàn,0.9375
vn,hoi trach,hồi trách,1.0000
vn,hoi tuoc,hồi tước,1.0000
vn,hoi tuthien,hội từthiện,1.0000
vn,hoi ung,hội ứng,0.9730
vn,hoi viet,hội việt,0.9897
vn,hoi von,hồi vốn,0.9796
vn,hoi vuong,hỏi vướng,1.0000
vn,hoi xam,hội xâm,1.0000
vn,hoi xem,hội xem,1.0000
vn,hoi xu,hồi xử,1.0000
vn,hom thu,hòm thư,1.0000
vn,hon 01,hơn 01,1.0000
vn,hon 10,hơn 10,1.0000
vn,hon 200,hơn 200,1.0000
vn,hon 30,hơn 30,1.0000
vn,hon 50,hơn 50,1.0000
vn,hon 60,hơn 60,1.0000
vn,hon 70,hơn 70,1.0000
vn,hon cac,hơn các,1.0000
vn,hon chi,hơn chi,0.9545
vn,hon gia,hơn giá,1.0000
vn,hon han,hơn hạn,1.0000
vn,hon hoac,hơn hoặc,0.9048
vn,hon hop,hỗn hợp,0.9908
vn,hon khong,hơn không,1.0000
vn,hon la,hơn là,1.0000
vn,hon luu,hơn lưu,1.0000
vn,hon mot,hơn một,1.0000
vn,hon nhan,hôn nhân,0.9697
vn,hon nhung,hơn nhưng,1.0000
vn,hon quy,hơn quy,1.0000
vn,hon theo,hơn theo,1.0000
vn,hon thoi,hơn thời,1.0000
vn,hon tong,hơn tổng,1.0000
vn,hon trong,hơn trong,1.0000
vn,hong bao,hổng bảo,1.0000
vn,hong diem,hổng điểm,1.0000
vn,hong do,hỏng do,1.0000
vn,hong hoac,hỏng hoặc,0.9200
vn,hong khong,hỏng không,1.0000
vn,hong ma,hỏng mà,1.0000
vn,hong mat,hỏng mất,1.0000
vn,hong nghiem,hỏng nghiêm,0.9000
vn,hong so,hỏng số,1.0000
vn,hong tai,hỏng tài,0.9333
vn,hong thanh,hỏng thành,0.9231
vn,hong that,hỏng thất,1.0000
vn,hong thiet,hỏng thiết,1.0000
vn,hop 1,hợp 1,0.9762
vn,hop a,hợp a,1.0000
vn,hop ap,hợp áp,1.0000
vn,hop b,hợp b,0.9375
vn,hop ben,hợp bên,1.0000
vn,hop bi,hợp bị,1.0000
vn,hop boi,hợp bởi,0.9783
vn,hop cac,hợp các,0.9813
vn,hop can,hợp cần,0.9673
vn,hop cham,hợp chấm,0.9048
vn,hop chao,hợp chào,1.0000
vn,hop chia,hợp chia,1.0000
vn,hop cho,hợp cho,0.9837
vn,hop chu,hợp chủ,0.9187
vn,hop chua,hợp chưa,0.9868
vn,hop chuan,hợp chuẩn,1.0000
vn,hop chuyen,hợp chuyển,0.9385
vn,hop con,hợp còn,0.9565
vn,hop cong,hợp công,0.9293
vn,hop cqttgsnh,hợp cqttgsnh,1.0000
vn,hop cu,hợp cụ,0.9769
vn,hop cuoc,hợp cuộc,1.0000
vn,hop da,hợp đã,0.9891
vn,hop dac,hợp đặc,0.9940
vn,hop dai,họp đại,0.9062
vn,hop dam,hợp đảm,1.0000
vn,hop dap,hợp đáp,1.0000
vn,hop denghi,hợp đềnghị,1.0000
vn,hop denghikhen,hợp đềnghịkhen,1.0000
vn,hop denghitang,hợp đềnghịtặng,1.0000
vn,hop dia,hợp địa,1.0000
vn,hop dich,hợp dịch,1.0000
vn,hop dien,hợp diện,1.0000
vn,hop dieu,hợp điều,0.9939
vn,hop doanh,hợp doanh,1.0000
vn,hop don,hợp đơn,0.9918
vn,hop dong,hợp đồng,0.9953
vn,hop duoc,hợp được,0.9763
vn,hop duoi,hợp dưới,1.0000
vn,hop dutieu,hợp đủtiêu,1.0000
vn,hop gay,hợp gây,1.0000
vn,hop giai,hợp giải,0.9298
vn,hop giao,hợp giao,0.9876
vn,hop giay,hợp giấy,0.9938
vn,hop giua,hợp giữa,0.9556
vn,hop gom,hợp gồm,0.9231
vn,hop gui,hợp gửi,1.0000
vn,hop hai,hợp hai,1.0000
vn,hop hang,hợp hàng,1.0000
vn,hop hanh,hợp hành,1.0000
vn,hop he,hợp hệ,1.0000
vn,hop het,hợp hết,1.0000
vn,hop hoac,hợp hoặc,0.9254
vn,hop hoan,hợp hoàn,0.9091
vn,hop hoat,hợp hoạt,1.0000
vn,hop hoc,hợp học,1.0000
vn,hop hoi,họp hội,0.9062
vn,hop kem,họp kèm,1.0000
vn,hop ket,hợp kết,0.9868
vn,hop khac,hợp khác,0.9745
vn,hop khach,hợp khách,1.0000
vn,hop khai,hợp khai,1.0000
vn,hop khan,hợp khẩn,0.9789
vn,hop khoang,hợp khoáng,1.0000
vn,hop khong,hợp không,0.9978
vn,hop kiem,hợp kiểm,1.0000
vn,hop kim,hợp kim,1.0000
vn,hop kinh,hợp kinh,1.0000
vn,hop la,hợp là,0.9574
vn,hop le,hợp lệ,1.0000
vn,hop lenh,hợp lệnh,1.0000
vn,hop lua,hợp lựa,1.0000
vn,hop luat,hợp luật,1.0000
vn,hop ly,hợp lý,1.0000
vn,hop mat,hợp mất,0.9231
vn,hop mot,hợp một,0.9744
vn,hop mua,hợp mua,1.0000
vn,hop nam,hợp năm,1.0000
vn,hop nay,hợp này,0.9932
vn,hop nen,hợp nền,1.0000
vn,hop ngan,hợp ngân,0.9703
vn,hop nguoi,hợp người,0.9975
vn,hop nguon,hợp nguồn,1.0000
vn,hop nha,hợp nhà,1.0000
vn,hop nhan,hợp nhận,0.9474
vn,hop nhap,hợp nhập,1.0000
vn,hop nhat,hợp nhất,1.0000
vn,hop nhiem,hợp nhiệm,1.0000
vn,hop nhieu,hợp nhiều,1.0000
vn,hop nhnn,hợp nhnn,1.0000
vn,hop nop,hợp nộp,1.0000
vn,hop nuoc,hợp nước,1.0000
vn,hop pha,hợp phá,1.0000
vn,hop phai,hợp phải,0.9538
vn,hop pham,hợp phạm,1.0000
vn,hop phap,hợp pháp,0.9930
vn,hop phat,hợp phát,0.9740
vn,hop phuong,hợp phương,1.0000
vn,hop quan,hợp quản,0.9615
vn,hop quang,hợp quảng,1.0000
vn,hop quoc,hợp quốc,0.9706
vn,hop quy,hợp quy,0.9936
vn,hop quyen,hợp quyền,0.9091
vn,hop quyet,hợp quyết,0.9574
vn,hop ra,hợp rà,0.9000
vn,hop sai,hợp sai,1.0000
vn,hop san,hợp sản,0.9474
vn,hop sap,hợp sáp,0.9091
vn,hop sau,hợp sau,1.0000
vn,hop su,hợp sử,0.9077
vn,hop sua,hợp sửa,1.0000
vn,hop tac,hợp tác,1.0000
vn,hop tam,hợp tạm,0.9200
vn,hop tao,hợp tạo,1.0000
vn,hop ten,hợp tên,1.0000
vn,hop thay,hợp thay,0.9926
vn,hop the,hợp thẻ,1.0000
vn,hop theo,hợp theo,0.9612
vn,hop thoi,hợp thời,0.9744
vn,hop thong,hợp thông,0.9106
vn,hop thua,hợp thửa,1.0000
vn,hop thuc,hợp thực,0.9948
vn,hop thuoc,hợp thuộc,1.0000
vn,hop tiep,hợp tiếp,1.0000
vn,hop tieu,hợp tiêu,0.9524
vn,hop tinh,hợp tình,0.9368
vn,hop to,hợp tổ,0.9864
vn,hop tong,hợp tổng,1.0000
vn,hop trang,hợp trang,0.9000
vn,hop trao,hợp trao,0.9778
vn,hop tren,hợp trên,0.9655
vn,hop trich,hợp trích,1.0000
vn,hop trien,hợp triển,1.0000
vn,hop trinh,hợp trình,1.0000
vn,hop trong,hợp trong,0.9835
vn,hop truoc,hợp trước,0.9500
vn,hop tuan,hợp tuân,1.0000
vn,hop va,hợp và,0.9355
vn,hop vang,hợp vắng,1.0000
vn,hop vao,hợp vào,0.9919
vn,hop vat,hợp vật,1.0000
vn,hop ve,hợp về,1.0000
vn,hop viec,hợp việc,0.9930
vn,hop vien,hợp viện,0.9000
vn,hop voi,hợp với,0.9984
vn,hop von,hợp vốn,1.0000
vn,hop vu,hợp vụ,1.0000
vn,hop vuot,hợp vượt,1.0000
vn,hop xa,hợp xả,1.0000
vn,hop xac,hợp xác,0.9773
vn,hop xep,họp xếp,1.0000
vn,hop xu,hợp xử,1.0000
vn,hop xuat,hợp xuất,0.9375
vn,hop y,hợp ý,1.0000
vn,hop yeu,hợp yêu,0.9259
vn,hoso 01,hồsơ 01,1.0000
vn,hoso ban,hồsơ bản,1.0000
vn,hoso cac,hồsơ các,1.0000
vn,hoso cua,hồsơ của,1.0000
vn,hoso denghi,hồsơ đềnghị,1.0000
vn,hoso denghikhen,hồsơ đềnghịkhen,1.0000
vn,hoso do,hồsơ do,1.0000
vn,hoso tham,hồsơ thẩm,1.0000
vn,hoso trinh,hồsơ trình,1.0000
vn,hoso truoc,hồsơ trước,1.0000
vn,hoso va,hồsơ và,1.0000
vn,hoso ve,hồsơ về,1.0000
vn,hs cua,hs của,1.0000
vn,hs mo,hs mô,1.0000
vn,hs va,hs và,1.0000
vn,hu hai,hư hại,1.0000
vn,hu hong,hư hỏng,1.0000
vn,huan boi,huấn bồi,1.0000
vn,huan chuong,huân chương,1.0000
vn,huan hoi,huấn hội,1.0000
vn,huan ky,huấn kỹ,1.0000
vn,huan luyen,huấn luyện,1.0000
vn,huan ve,huấn về,1.0000
vn,hun khoi,hun khói,1.0000
vn,hung cho,hùng cho,1.0000
vn,hung dan,hùng dân,1.0000
vn,hung lao,hùng lao,1.0000
vn,hung yen,hưng yên,1.0000
vn,huong an,hưởng án,0.9767
vn,huong cac,hưởng các,0.9518
vn,huong che,hưởng chế,1.0000
vn,huong chinh,hưởng chính,1.0000
vn,huong da,hưởng đã,1.0000
vn,huong dan,hướng dẫn,0.9997
vn,huong den,hưởng đến,0.9446
vn,huong di,hưởng di,1.0000
vn,huong doi,hưởng đối,0.9333
vn,huong hinh,hướng hình,0.9000
vn,huong ho,hưởng hỗ,1.0000
vn,huong hoac,hưởng hoặc,0.9412
vn,huong ket,hưởng kết,1.0000
vn,huong khan,huống khẩn,1.0000
vn,huong khanang,hưởng khảnăng,1.0000
vn,huong khong,hưởng không,0.9167
vn,huong la,hưởng là,1.0000
vn,huong loi,hưởng lợi,0.9545
vn,huong luong,hưởng lương,1.0000
vn,huong mo,hưởng mở,0.9231
vn,huong neu,hưởng nếu,1.0000
vn,huong ngan,hưởng ngân,1.0000
vn,huong nghiem,hưởng nghiêm,1.0000
vn,huong nguy,huống nguy,0.9821
vn,huong omot,hưởng ởmột,1.0000
vn,huong phai,hưởng phải,1.0000
vn,huong phat,hướng phát,0.9153
vn,huong phu,hưởng phụ,0.9583
vn,huong quyen,hưởng quyền,1.0000
vn,huong rong,hưởng rộng,1.0000
vn,huong them,hưởng thêm,1.0000
vn,huong thuc,hưởng thực,1.0000
vn,huong tich,hưởng tích,0.9714
vn,huong toan,hưởng toàn,0.9000
vn,huong tro,hưởng trợ,0.9474
vn,huong trong,hưởng trong,0.9869
vn,huong truc,hưởng trực,1.0000
vn,huong tuong,hướng tương,1.0000
vn,huong xau,hưởng xấu,1.0000
vn,hut nguon,hút nguồn,1.0000
vn,hut trong,hút trọng,1.0000
vn,hut tu,hụt từ,0.9091
vn,huu 100,hữu 100,1.0000
vn,huu chiu,hữu chịu,1.0000
vn,huu cho,hữu cho,0.9123
vn,huu cong,hữu công,1.0000
vn,huu cua,hữu của,0.9968
vn,huu doanh,hữu doanh,1.0000
vn,huu doi,hữu đối,0.9911
vn,huu du,hữu dữ,0.9726
vn,huu giay,hữu giấy,1.0000
vn,huu han,hữu hạn,1.0000
vn,huu hinh,hữu hình,1.0000
vn,huu hoac,hữu hoặc,0.9894
vn,huu hop,hữu hợp,1.0000
vn,huu ich,hữu ích,1.0000
vn,huu khac,hữu khác,1.0000
vn,huu khong,hữu không,0.9600
vn,huu la,hữu là,1.0000
vn,huu ngan,hữu ngân,1.0000
vn,huu nghi,hữu nghị,0.9933
vn,huu nghicap,hữu nghịcấp,1.0000
vn,huu nghicua,hữu nghịcủa,1.0000
vn,huu nguoi,hữu người,1.0000
vn,huu nha,hữu nhà,1.0000
vn,huu phai,hữu phải,1.0000
vn,huu phan,hữu phần,1.0000
vn,huu phe,hữu phê,1.0000
vn,huu phuong,hữu phương,1.0000
vn,huu quyen,hữu quyền,1.0000
vn,huu quyet,hữu quyết,1.0000
vn,huu rung,hữu rừng,1.0000
vn,huu su,hữu sử,1.0000
vn,huu tai,hữu tài,0.9669
vn,huu thoi,hưu thôi,0.9130
vn,huu thong,hữu thông,0.9286
vn,huu thuc,hữu thực,1.0000
vn,huu to,hữu tổ,1.0000
vn,huu toan,hữu toàn,1.0000
vn,huu toi,hữu tối,1.0000
vn,huu tren,hữu trên,1.0000
vn,huu tri,hữu trí,0.9441
vn,huu truoc,hưu trước,0.9753
vn,huu tuyen,hữu tuyến,1.0000
vn,huu va,hữu và,0.9535
vn,huu ve,hữu về,0.9792
vn,huu von,hữu vốn,1.0000
vn,huu website,hữu website,1.0000
vn,huu xem,hữu xem,1.0000
vn,huy bo,hủy bỏ,0.9225
vn,huy bonghiep,hủy bỏnghiệp,1.0000
vn,huy chuong,huy chương,0.9843
vn,huy cua,hủy của,0.9000
vn,huy dich,hủy dịch,1.0000
vn,huy diet,hủy diệt,1.0000
vn,huy doi,hủy đối,0.9000
vn,huy dong,huy động,0.9872
vn,huy du,hủy dữ,0.9310
vn,huy duoc,hủy được,0.9286
vn,huy duoi,hủy dưới,1.0000
vn,huy giay,hủy giấy,1.0000
vn,huy hoac,hủy hoặc,0.9231
vn,huy hoai,hủy hoại,0.9601
vn,huy hop,hủy hợp,1.0000
vn,huy ket,hủy kết,0.9703
vn,huy khong,hủy không,0.9091
vn,huy lenh,hủy lệnh,1.0000
vn,huy ma,hủy mã,0.9000
vn,huy phai,hủy phải,0.9000
vn,huy quan,huy quân,1.0000
vn,huy sang,huy sáng,1.0000
vn,huy so,hủy số,1.0000
vn,huy tai,hủy tài,0.9738
vn,huy thanh,hủy thành,1.0000
vn,huy theo,hủy theo,0.9423
vn,huy thi,hủy thì,0.9000
vn,huy trai,hủy trái,1.0000
vn,huy trong,hủy trong,0.9167
vn,huy va,hủy và,0.9167
vn,huy xac,hủy xác,1.0000
vn,huyen 3,huyện 3,1.0000
vn,huyen 4,huyện 4,1.0000
vn,huyen a,huyện a,1.0000
vn,huyen b,huyện b,1.0000
vn,huyen bang,huyện bằng,1.0000
vn,huyen cap,huyện cấp,1.0000
vn,huyen chu,huyện chủ,1.0000
vn,huyen chuyen,huyện chuyển,0.9091
vn,huyen cua,huyện của,1.0000
vn,huyen de,huyện để,0.9655
vn,huyen doi,huyện đối,0.9000
vn,huyen gui,huyện gửi,1.0000
vn,huyen ha,huyện hà,1.0000
vn,huyen hoac,huyện hoặc,1.0000
vn,huyen ky,huyện ký,1.0000
vn,huyen madvhchuyen,huyện madvhchuyen,1.0000
vn,huyen ngheo,huyện nghèo,1.0000
vn,huyen noi,huyện nơi,1.0000
vn,huyen quyet,huyện quyết,1.0000
vn,huyen tai,huyện tại,1.0000
vn,huyen theo,huyện theo,1.0000
vn,huyen thi,huyện thị,0.9825
vn,huyen thuc,huyện thực,1.0000
vn,huyen thuong,huyện thường,1.0000
vn,huyen uy,huyện ủy,0.9836
vn,huyen va,huyện và,1.0000
vn,huyen ve,huyện về,1.0000
vn,huyen xa,huyện xã,1.0000
vn,huyen xem,huyện xem,1.0000
vn,i bieu,i biểu,1.0000
vn,i buoc,i buộc,1.0000
vn,i ca,i cá,1.0000
vn,i cac,i các,1.0000
vn,i chu,i chủ,1.0000
vn,i chuong,i chương,1.0000
vn,i co,i có,0.9500
vn,i cong,i công,1.0000
vn,i cua,i của,0.9783
vn,i da,i đã,0.9421
vn,i den,i đến,1.0000
vn,i diem,i điểm,1.0000
vn,i doi,i đối,1.0000
vn,i duoc,i được,1.0000
vn,i hang,i hạng,0.9444
vn,i hoan,i hoàn,1.0000
vn,i kem,i kèm,1.0000
vn,i ket,i kết,1.0000
vn,i khoan,i khoản,1.0000
vn,i khong,i không,1.0000
vn,i kiem,i kiểm,1.0000
vn,i kyniem,i kỷniệm,1.0000
vn,i ma,i mã,1.0000
vn,i mau,i mẫu,1.0000
vn,i nguoi,i người,1.0000
vn,i nh,ỉ nh,1.0000
vn,i o,i ở,1.0000
vn,i phai,i phải,1.0000
vn,i phu,i phụ,1.0000
vn,i quyen,i quyền,1.0000
vn,i thong,i thông,1.0000
vn,i thuc,i thực,1.0000
vn,i thuoc,i thuộc,1.0000
vn,i thutuc,i thủtục,1.0000
vn,i to,i tổ,1.0000
vn,i totrinh,i tờtrình,1.0000
vn,i trach,i trách,1.0000
vn,i truong,i trường,1.0000
vn,i tuyet,i tuyệt,1.0000
vn,i va,i và,1.0000
vn,i vao,i vào,1.0000
vn,ich 1,ích 1,1.0000
vn,ich 2,ích 2,1.0000
vn,ich 3,ích 3,1.0000
vn,ich 4,ích 4,1.0000
vn,ich 5,ích 5,1.0000
vn,ich 6,ích 6,1.0000
vn,ich a,ích a,1.0000
vn,ich an,ích an,1.0000
vn,ich b,ích b,1.0000
vn,ich bi,ích bị,1.0000
vn,ich c,ích c,1.0000
vn,ich chinh,ích chính,1.0000
vn,ich cho,ích cho,1.0000
vn,ich cong,ích công,0.9588
vn,ich cua,ích của,1.0000
vn,ich da,ích đã,1.0000
vn,ich dich,ích dịch,1.0000
vn,ich do,ích do,1.0000
vn,ich doanh,ích doanh,1.0000
vn,ich duoc,ích được,1.0000
vn,ich hoac,ích hoặc,1.0000
vn,ich hop,ích hợp,0.9977
vn,ich khac,ích khác,1.0000
vn,ich khi,ích khi,1.0000
vn,ich khong,ích không,1.0000
vn,ich la,ích là,1.0000
vn,ich neu,ích nếu,1.0000
vn,ich quoc,ích quốc,1.0000
vn,ich tai,ích tại,0.9474
vn,ich theo,ích theo,1.0000
vn,ich thiet,ích thiết,1.0000
vn,ich thoi,ích thời,1.0000
vn,ich thuc,ích thực,1.0000
vn,ich tung,ích từng,1.0000
vn,ich va,ích và,1.0000
vn,ich viet,ích việt,1.0000
vn,id chuoi,id chuỗi,1.0000
vn,ii bang,ii bảng,0.9048
vn,ii bieu,ii biểu,1.0000
vn,ii ca,ii cá,1.0000
vn,ii cac,ii các,1.0000
vn,ii chuong,ii chương,1.0000
vn,ii co,ii có,0.9842
vn,ii cong,ii công,1.0000
vn,ii cua,ii của,1.0000
vn,ii dia,ii địa,1.0000
vn,ii dieu,ii điều,1.0000
vn,ii doi,ii đối,1.0000
vn,ii duoc,ii được,0.9231
vn,ii hang,ii hạng,1.0000
vn,ii hoac,ii hoặc,1.0000
vn,ii kem,ii kèm,1.0000
vn,ii khoan,ii khoản,1.0000
vn,ii la,ii là,1.0000
vn,ii lap,ii lập,1.0000
vn,ii ma,ii mã,1.0000
vn,ii mau,ii mẫu,1.0000
vn,ii muc,ii mục,0.9167
vn,ii nghi,ii nghị,1.0000
vn,ii nguoi,ii người,1.0000
vn,ii noi,ii nội,1.0000
vn,ii phai,ii phải,1.0000
vn,ii phu,ii phụ,1.0000
vn,ii thong,ii thông,1.0000
vn,ii thutuc,ii thủtục,1.0000
vn,ii tom,ii tóm,1.0000
vn,ii truong,ii trường,1.0000
vn,ii va,ii và,1.0000
vn,ii ve,ii về,1.0000
vn,iii ca,iii cá,1.0000
vn,iii cac,iii các,1.0000
vn,iii co,iii có,1.0000
vn,iii cua,iii của,1.0000
vn,iii dan,iii dẫn,1.0000
vn,iii doi,iii đối,1.0000
vn,iii dong,iii đóng,0.9000
vn,iii hang,iii hạng,1.0000
vn,iii hoac,iii hoặc,1.0000
vn,iii kem,iii kèm,1.0000
vn,iii khoan,iii khoản,1.0000
vn,iii ky,iii kỳ,1.0000
vn,iii ma,iii mã,0.9855
vn,iii mau,iii mẫu,1.0000
vn,iii nghi,iii nghị,1.0000
vn,iii phan,iii phần,1.0000
vn,iii thong,iii thông,1.0000
vn,iii truong,iii trường,1.0000
vn,iii va,iii và,1.0000
vn,in an,in ấn,1.0000
vn,in ban,in bản,1.0000
vn,in co,in có,1.0000
vn,in duc,in đúc,1.0000
vn,in hoac,in hoặc,1.0000
vn,in phat,in phát,1.0000
vn,in thuong,in thường,1.0000
vn,in tien,in tiền,1.0000
vn,in tren,in trên,1.0000
vn,in tu,in từ,1.0000
vn,in va,in và,0.9808
vn,integer la,integer là,1.0000
vn,interger la,interger là,1.0000
vn,internet cac,internet các,1.0000
vn,internet co,internet có,0.9535
vn,internet cong,internet công,1.0000
vn,internet cua,internet của,1.0000
vn,internet de,internet để,1.0000
vn,internet doi,internet đối,1.0000
vn,internet dung,internet dùng,1.0000
vn,internet duoc,internet được,1.0000
vn,internet hoac,internet hoặc,1.0000
vn,internet khong,internet không,1.0000
vn,internet la,internet là,1.0000
vn,internet mang,internet mạng,1.0000
vn,internet noi,internet nội,1.0000
vn,internet phai,internet phải,1.0000
vn,internet quoc,internet quốc,1.0000
vn,internet thiet,internet thiết,1.0000
vn,internet va,internet và,1.0000
vn,internet viet,internet việt,1.0000
vn,ip so,ip số,1.0000
vn,ip su,ip sử,1.0000
vn,ip va,ip và,1.0000
vn,ipsec va,ipsec và,1.0000
vn,ipv6 co,ipv6 có,1.0000
vn,it hon,ít hơn,1.0000
vn,it nghiem,ít nghiêm,1.0000
vn,it nhat,ít nhất,1.0000
vn,iv bang,iv bảng,1.0000
vn,iv cac,iv các,1.0000
vn,iv co,iv có,0.9831
vn,iv dan,iv dẫn,1.0000
vn,iv doi,iv đối,1.0000
vn,iv ma,iv mã,1.0000
vn,iv mau,iv mẫu,1.0000
vn,iv nghi,iv nghị,1.0000
vn,iv thong,iv thông,1.0000
vn,ix doi,ix đối,1.0000
vn,ix mau,ix mẫu,1.0000
vn,json de,json để,1.0000
vn,json nhu,json như,1.0000
vn,k cac,k các,1.0000
vn,k e,k ế,0.9107
vn,k khoan,k khoản,1.0000
vn,k khong,k không,1.0000
vn,k thoi,k thời,1.0000
vn,k thuc,k thực,1.0000
vn,k va,k và,1.0000
vn,karaoke tham,karaoke thẩm,1.0000
vn,kbnn cac,kbnn các,1.0000
vn,kbnn duoc,kbnn được,1.0000
vn,kbnn va,kbnn và,1.0000
vn,kbnn voi,kbnn với,1.0000
vn,kcal tan,kcal tấn,1.0000
vn,ke bien,kê biên,1.0000
vn,ke boi,kế bởi,1.0000
vn,ke ca,kể cả,0.9875
vn,ke che,kế chế,1.0000
vn,ke chua,kế chưa,0.9231
vn,ke dat,kê đất,0.9801
vn,ke day,kê đầy,1.0000
vn,ke di,kê di,1.0000
vn,ke dinh,kê định,1.0000
vn,ke he,kế hệ,0.9655
vn,ke hoach,kế hoạch,0.9975
vn,ke ke,kê kế,0.9778
vn,ke khai,kê khai,0.9864
vn,ke khoa,kê khoa,1.0000
vn,ke kiem,kê kiểm,0.9702
vn,ke kien,kế kiến,1.0000
vn,ke mau,kế mẫu,1.0000
vn,ke namkiemke,kê namkiemke,1.0000
vn,ke nao,kẻ nào,1.0000
vn,ke nha,kế nhà,0.9091
vn,ke nhap,kế nhập,1.0000
vn,ke phan,kê phân,0.9778
vn,ke quyen,kế quyền,1.0000
vn,ke ra,kê rà,1.0000
vn,ke sec,kê séc,1.0000
vn,ke ten,kê tên,1.0000
vn,ke thua,kế thừa,0.9697
vn,ke thuc,kê thực,0.9091
vn,ke toan,kế toán,0.9759
vn,ke tru,kê trữ,0.9730
vn,ke trung,kê trung,1.0000
vn,ke truoc,kề trước,0.9070
vn,ke tu,kể từ,0.9974
vn,ke voi,kề với,0.9744
vn,ke xac,kê xác,1.0000
vn,ke xay,kế xây,1.0000
vn,kecaca nhan,kểcảcá nhân,1.0000
vn,kehoach cong,kếhoạch công,1.0000
vn,kehoach duoc,kếhoạch được,1.0000
vn,kehoach hoat,kếhoạch hoạt,1.0000
vn,kem ban,kèm bản,1.0000
vn,kem bay,kèm bay,1.0000
vn,kem cac,kèm các,1.0000
vn,kem dieu,kém điều,1.0000
vn,kem file,kèm file,1.0000
vn,kem giay,kèm giấy,1.0000
vn,kem hoso,kèm hồsơ,1.0000
vn,kem ket,kèm kết,1.0000
vn,kem phu,kèm phụ,1.0000
vn,kem quyet,kèm quyết,1.0000
vn,kem tai,kèm tài,1.0000
vn,kem theo,kèm theo,0.9995
vn,kem thong,kèm thông,1.0000
vn,kem tom,kèm tóm,1.0000
vn,kem xuat,kèm xuất,1.0000
vn,kenh chuong,kênh chương,1.0000
vn,kenh giao,kênh giao,1.0000
vn,kenh goi,kênh gọi,1.0000
vn,kenh lien,kênh liên,1.0000
vn,kenh phan,kênh phân,0.9000
vn,kenh phat,kênh phát,1.0000
vn,kenh rach,kênh rạch,1.0000
vn,kenh tan,kênh tần,1.0000
vn,kenh thong,kênh thông,1.0000
vn,kenh tiep,kênh tiếp,1.0000
vn,kenh truyen,kênh truyền,1.0000
vn,keo dai,kéo dài,1.0000
vn,ket 1,kết 1,1.0000
vn,ket 2,kết 2,1.0000
vn,ket 3,kết 3,1.0000
vn,ket 4,kết 4,1.0000
vn,ket 6,kết 6,1.0000
vn,ket a,kết a,1.0000
vn,ket an,kết án,0.9043
vn,ket b,kết b,1.0000
vn,ket bang,kết bằng,1.0000
vn,ket c,kết c,1.0000
vn,ket cac,kết các,1.0000
vn,ket cau,kết cấu,0.9999
vn,ket chap,kết chấp,1.0000
vn,ket chiu,kết chịu,1.0000
vn,ket cho,kết cho,1.0000
vn,ket chung,kết chứng,0.9259
vn,ket chuong,kết chương,1.0000
vn,ket cua,kết của,1.0000
vn,ket cuoi,kết cuối,1.0000
vn,ket da,kết đã,1.0000
vn,ket danh,kết đánh,1.0000
vn,ket dap,kết đáp,1.0000
vn,ket dau,kết đầu,1.0000
vn,ket de,kết để,1.0000
vn,ket den,kết đến,1.0000
vn,ket doi,kết đối,1.0000
vn,ket don,kết đơn,1.0000
vn,ket duoc,kết được,1.0000
vn,ket file,kết file,1.0000
vn,ket giua,kết giữa,1.0000
vn,ket hoac,kết hoặc,1.0000
vn,ket hoat,kết hoạt,1.0000
vn,ket hon,kết hôn,0.9474
vn,ket hop,kết hợp,0.9989
vn,ket huu,kết hữu,1.0000
vn,ket ket,kết kết,1.0000
vn,ket khong,kết không,1.0000
vn,ket la,kết là,1.0000
vn,ket luan,kết luận,1.0000
vn,ket neu,kết nếu,1.0000
vn,ket nhung,kết những,1.0000
vn,ket noi,kết nối,0.9958
vn,ket phai,kết phải,1.0000
vn,ket phap,kết pháp,1.0000
vn,ket phong,kết phong,1.0000
vn,ket qua,kết quả,0.9992
vn,ket quabophieu,kết quảbỏphiếu,1.0000
vn,ket quathuc,kết quảthực,1.0000
vn,ket quaxet,kết quảxét,1.0000
vn,ket rut,kết rút,1.0000
vn,ket san,kết sản,1.0000
vn,ket sau,kết sau,1.0000
vn,ket theo,kết theo,1.0000
vn,ket thi,kết thì,1.0000
vn,ket thoi,kết thời,1.0000
vn,ket thuc,kết thúc,0.9546
vn,ket tinh,kết tình,0.9375
vn,ket tochuc,kết tổchức,1.0000
vn,ket toi,kết tới,0.9259
vn,ket tong,kết tổng,1.0000
vn,ket tren,kết trên,1.0000
vn,ket tri,kết trí,1.0000
vn,ket trien,kết triển,1.0000
vn,ket trong,kết trong,1.0000
vn,ket truoc,kết trước,0.9714
vn,ket truong,kết trường,1.0000
vn,ket tuan,kết tuân,1.0000
vn,ket va,kết và,0.9940
vn,ket van,kết văn,1.0000
vn,ket vao,kết vào,1.0000
vn,ket ve,kết về,1.0000
vn,ket vi,kết ví,1.0000
vn,ket viec,kết việc,1.0000
vn,ket voi,kết với,1.0000
vn,ket von,kết von,0.9565
vn,ketruoc thoi,kềtrước thời,1.0000
vn,ketungay ky,kểtừngày ký,1.0000
vn,ketvon chuoi,ketvon chuỗi,1.0000
vn,keu goi,kêu gọi,1.0000
vn,kha dung,khả dụng,1.0000
vn,kha hoac,khá hoặc,1.0000
vn,kha khang,khả kháng,1.0000
vn,kha nang,khả năng,0.9994
vn,kha thi,khả thi,1.0000
vn,kha trung,khá trung,1.0000
vn,khac 0,khác 0,1.0000
vn,khac 1,khác 1,1.0000
vn,khac 10,khác 10,1.0000
vn,khac 2,khác 2,1.0000
vn,khac 25,khác 25,1.0000
vn,khac 3,khác 3,1.0000
vn,khac 4,khác 4,1.0000
vn,khac 4407,khác 4407,1.0000
vn,khac 5,khác 5,1.0000
vn,khac 6,khác 6,1.0000
vn,khac 7,khác 7,1.0000
vn,khac a,khác a,1.0000
vn,khac anh,khác ảnh,1.0000
vn,khac b,khác b,1.0000
vn,khac bo,khác bộ,0.9615
vn,khac buoc,khác buộc,1.0000
vn,khac c,khác c,1.0000
vn,khac ca,khác cá,1.0000
vn,khac cac,khác các,1.0000
vn,khac cho,khác cho,1.0000
vn,khac chu,khác chủ,0.9375
vn,khac chung,khác chứng,0.9714
vn,khac co,khác có,0.9740
vn,khac con,khác còn,1.0000
vn,khac cong,khác công,0.9697
vn,khac cua,khác của,0.9977
vn,khac dan,khác dẫn,1.0000
vn,khac dia,khác địa,1.0000
vn,khac dieu,khác điều,1.0000
vn,khac do,khác do,0.9596
vn,khac doanh,khác doanh,1.0000
vn,khac doi,khác đối,0.9924
vn,khac duoc,khác được,1.0000
vn,khac e,khác e,1.0000
vn,khac gan,khác gắn,1.0000
vn,khac gay,khác gây,1.0000
vn,khac giua,khác giữa,1.0000
vn,khac go,khác gỗ,0.9524
vn,khac gom,khác gồm,1.0000
vn,khac gui,khác gửi,1.0000
vn,khac hien,khác hiện,0.9091
vn,khac hoac,khác hoặc,1.0000
vn,khac huan,khác huân,1.0000
vn,khac ket,khác kết,1.0000
vn,khac khi,khác khi,0.9881
vn,khac khong,khác không,1.0000
vn,khac la,khác là,1.0000
vn,khac lam,khác làm,0.9500
vn,khac lien,khác liên,1.0000
vn,khac loai,khác loại,1.0000
vn,khac luu,khác lưu,1.0000
vn,khac ma,khác mà,0.9158
vn,khac neu,khác nếu,0.9955
vn,khac ngan,khác ngân,0.9500
vn,khac ngoai,khác ngoài,1.0000
vn,khac nha,khác nhà,1.0000
vn,khac nham,khác nhằm,1.0000
vn,khac nhau,khác nhau,1.0000
vn,khac nhu,khác như,1.0000
vn,khac nhung,khác nhưng,0.9583
vn,khac o,khác ở,0.9945
vn,khac phai,khác phải,1.0000
vn,khac pham,khác phạm,1.0000
vn,khac phat,khác phát,1.0000
vn,khac phu,khác phù,0.9610
vn,khac phuc,khắc phục,0.9642
vn,khac quan,khác quản,0.9333
vn,khac quy,khác quy,1.0000
vn,khac sau,khác sau,0.9891
vn,khac su,khác sử,1.0000
vn,khac thay,khác thay,1.0000
vn,khac theo,khác theo,1.0000
vn,khac thi,khác thì,1.0000
vn,khac thiet,khác thiết,1.0000
vn,khac thong,khác thông,1.0000
vn,khac thu,khác thu,0.9412
vn,khac thuc,khác thực,1.0000
vn,khac thuoc,khác thuộc,0.9946
vn,khac to,khác tổ,1.0000
vn,khac tong,khác tổng,1.0000
vn,khac trai,khác trái,0.9231
vn,khac tren,khác trên,1.0000
vn,khac trong,khác trong,1.0000
vn,khac tru,khác trừ,1.0000
vn,khac truc,khác trực,0.9091
vn,khac truoc,khác trước,1.0000
vn,khac truong,khác trường,1.0000
vn,khac va,khác và,1.0000
vn,khac vao,khác vào,1.0000
vn,khac ve,khác về,0.9955
vn,khac viec,khác việc,1.0000
vn,khac voi,khác với,1.0000
vn,khac xac,khác xác,1.0000
vn,khach den,khách đến,1.0000
vn,khach di,khách đi,1.0000
vn,khach hang,khách hàng,0.9994
vn,khach hanh,khách hành,1.0000
vn,khach nuoc,khách nước,1.0000
vn,khach quan,khách quan,1.0000
vn,khach san,khách sạn,1.0000
vn,khai ap,khai áp,1.0000
vn,khai ban,khai bản,0.9024
vn,khai bao,khai báo,0.9099
vn,khai bo,khai bổ,0.9412
vn,khai cac,khai các,1.0000
vn,khai can,khai căn,1.0000
vn,khai chao,khai chào,1.0000
vn,khai chinh,khai chính,1.0000
vn,khai chuong,khai chương,1.0000
vn,khai cong,khai công,0.9630
vn,khai cua,khai của,1.0000
vn,khai da,khai đã,1.0000
vn,khai dan,khai dân,1.0000
vn,khai dang,khai đăng,0.9706
vn,khai day,khai đầy,1.0000
vn,khai dich,khai dịch,1.0000
vn,khai doi,khai đối,0.9565
vn,khai don,khai đơn,0.9615
vn,khai duoc,khai được,1.0000
vn,khai gia,khai giá,0.9704
vn,khai giai,khai giải,0.9167
vn,khai giay,khai giấy,1.0000
vn,khai hai,khai hải,0.9820
vn,khai he,khai hệ,1.0000
vn,khai hoac,khai hoặc,1.0000
vn,khai hoan,khai hoàn,1.0000
vn,khai hoat,khai hoạt,1.0000
vn,khai hop,khai hợp,1.0000
vn,khai huong,khai hướng,1.0000
vn,khai ke,khai kế,0.9714
vn,khai ket,khai kết,1.0000
vn,khai khong,khai không,1.0000
vn,khai kip,khai kịp,1.0000
vn,khai la,khai là,1.0000
vn,khai lan,khai lần,1.0000
vn,khai ly,khai lý,1.0000
vn,khai mac,khai mạc,1.0000
vn,khai mang,khai mạng,1.0000
vn,khai muc,khai mức,0.9375
vn,khai nghien,khai nghiên,1.0000
vn,khai nguoi,khai người,1.0000
vn,khai nhap,khai nhập,1.0000
vn,khai nhiem,khai nhiệm,1.0000
vn,khai noi,khai nội,1.0000
vn,khai nop,khai nộp,1.0000
vn,khai phai,khai phải,1.0000
vn,khai phuong,khai phương,1.0000
vn,khai qua,khai quá,0.9649
vn,khai quan,khai quản,1.0000
vn,khai quyen,khai quyền,1.0000
vn,khai san,khai sản,1.0000
vn,khai so,khai số,0.9000
vn,khai su,khai sử,1.0000
vn,khai thac,khai thác,1.0000
vn,khai thiet,khai thiết,1.0000
vn,khai thong,khai thông,0.9762
vn,khai thuc,khai thực,1.0000
vn,khai thue,khai thuế,0.9385
vn,khai thuoc,khai thuộc,1.0000
vn,khai tieu,khai tiêu,1.0000
vn,khai tren,khai trên,1.0000
vn,khai truoc,khai trước,1.0000
vn,khai ty,khai tỷ,1.0000
vn,khai ung,khai ứng,1.0000
vn,khai va,khai và,1.0000
vn,khai ve,khai về,1.0000
vn,khai viec,khai việc,1.0000
vn,khai xac,khai xác,1.0000
vn,khai xay,khai xây,1.0000
vn,kham benh,khám bệnh,0.9886
vn,kham chua,khám chữa,1.0000
vn,khan cap,khẩn cấp,1.0000
vn,khan cho,khăn cho,1.0000
vn,khan dac,khăn đặc,1.0000
vn,khan duoc,khăn được,0.9394
vn,khan theo,khăn theo,0.9545
vn,khan thuoc,khăn thuộc,1.0000
vn,khan trong,khăn trong,1.0000
vn,khan truong,khẩn trương,0.9286
vn,khan va,khăn và,1.0000
vn,khan ve,khăn về,1.0000
vn,khan vung,khăn vùng,1.0000
vn,khan vuong,khăn vướng,1.0000
vn,khan xa,khăn xã,1.0000
vn,khanang nhan,khảnăng nhân,1.0000
vn,khang cao,kháng cáo,1.0000
vn,khang chien,kháng chiến,1.0000
vn,khang dinh,khẳng định,1.0000
vn,khang hoac,kháng hoặc,1.0000
vn,khang khac,kháng khác,1.0000
vn,khang nghi,kháng nghị,1.0000
vn,khang theo,kháng theo,1.0000
vn,khanh hoa,khánh hòa,0.9846
vn,khanh tiet,khánh tiết,1.0000
vn,khao cac,khảo các,1.0000
vn,khao sat,khảo sát,1.0000
vn,khao y,khảo ý,1.0000
vn,khau 2,khẩu 2,1.0000
vn,khau b,khẩu b,1.0000
vn,khau bieu,khẩu biểu,1.0000
vn,khau cac,khẩu các,1.0000
vn,khau cang,khẩu cảng,1.0000
vn,khau cua,khẩu của,0.9464
vn,khau cung,khẩu cung,0.9167
vn,khau da,khẩu đã,1.0000
vn,khau de,khẩu để,1.0000
vn,khau duoc,khẩu được,1.0000
vn,khau hang,khẩu hàng,0.9429
vn,khau hao,khấu hao,0.9565
vn,khau hien,khẩu hiện,1.0000
vn,khau hoac,khẩu hoặc,0.9500
vn,khau khi,khẩu khi,1.0000
vn,khau khong,khẩu không,1.0000
vn,khau khu,khẩu khu,1.0000
vn,khau la,khẩu là,0.9000
vn,khau mau,khẩu mẫu,1.0000
vn,khau ngoai,khẩu ngoài,0.9000
vn,khau nguoi,khẩu người,1.0000
vn,khau nhap,khẩu nhập,0.9965
vn,khau no,khẩu nợ,1.0000
vn,khau phai,khẩu phải,1.0000
vn,khau qua,khẩu quá,0.9000
vn,khau quy,khẩu quy,0.9333
vn,khau san,khẩu sản,0.9750
vn,khau tham,khâu thẩm,1.0000
vn,khau theo,khẩu theo,0.9941
vn,khau thue,khẩu thuế,1.0000
vn,khau thuoc,khẩu thuộc,1.0000
vn,khau trong,khẩu trong,0.9787
vn,khau tru,khấu trừ,1.0000
vn,khau truong,khẩu trường,1.0000
vn,khau truy,khẩu truy,1.0000
vn,khau uu,khẩu ưu,1.0000
vn,khau va,khẩu và,0.9744
vn,khau vang,khẩu vàng,1.0000
vn,khau vao,khẩu vào,1.0000
vn,khau viet,khẩu việt,1.0000
vn,khau xuat,khẩu xuất,0.9737
vn,khe uoc,khế ước,1.0000
vn,khen cua,khen của,1.0000
vn,khen thuong,khen thưởng,0.9995
vn,khep goc,khép góc,1.0000
vn,khi ap,khi áp,1.0000
vn,khi bat,khi bắt,1.0000
vn,khi ben,khi bên,1.0000
vn,khi bi,khi bị,1.0000
vn,khi bu,khi bù,1.0000
vn,khi ca,khi cá,1.0000
vn,khi cac,khi các,0.9455
vn,khi can,khi cần,0.9120
vn,khi cham,khi chấm,1.0000
vn,khi chap,khi chấp,1.0000
vn,khi chu,khi chủ,1.0000
vn,khi chua,khi chưa,0.9850
vn,khi chung,khi chứng,1.0000
vn,khi chuyen,khi chuyển,0.9752
vn,khi co,khi có,0.9047
vn,khi cong,khi công,0.9123
vn,khi da,khi đã,0.9966
vn,khi dap,khi đáp,0.9899
vn,khi den,khi đến,1.0000
vn,khi dieu,khi điều,1.0000
vn,khi don,khi đơn,1.0000
vn,khi dua,khi đưa,0.9922
vn,khi duoc,khi được,0.9979
vn,khi gap,khi gặp,1.0000
vn,khi giai,khi giải,1.0000
vn,khi giay,khi giấy,1.0000
vn,khi gui,khi gửi,1.0000
vn,khi hau,khí hậu,1.0000
vn,khi he,khi hệ,1.0000
vn,khi het,khi hết,1.0000
vn,khi hoan,khi hoàn,1.0000
vn,khi hoat,khi hoạt,1.0000
vn,khi hoi,khi hội,1.0000
vn,khi hop,khi hợp,0.9062
vn,khi huy,khí hủy,0.9632
vn,khi ket,khi kết,1.0000
vn,khi khac,khi khắc,1.0000
vn,khi khach,khi khách,1.0000
vn,khi khi,khí khí,1.0000
vn,khi khong,khi không,0.9786
vn,khi kiem,khi kiểm,1.0000
vn,khi ky,khi ký,1.0000
vn,khi lam,khi làm,1.0000
vn,khi lap,khi lập,0.9583
vn,khi lay,khi lấy,1.0000
vn,khi lien,khi liên,1.0000
vn,khi luu,khi lưu,1.0000
vn,khi mot,khi một,1.0000
vn,khi ngan,khi ngân,1.0000
vn,khi ngoai,khí ngoài,1.0000
vn,khi ngung,khi ngừng,1.0000
vn,khi nguoi,khi người,1.0000
vn,khi nha,khi nhà,0.9859
vn,khi nhan,khi nhận,0.9922
vn,khi nhap,khi nhập,1.0000
vn,khi nhu,khí như,1.0000
vn,khi nop,khi nộp,1.0000
vn,khi phat,khi phát,0.9921
vn,khi phe,khi phê,1.0000
vn,khi quyet,khi quyết,1.0000
vn,khi su,khi sử,0.9325
vn,khi tam,khi tạm,1.0000
vn,khi tap,khi tập,1.0000
vn,khi thai,khí thải,0.9286
vn,khi thien,khí thiên,1.0000
vn,khi thiet,khi thiết,0.9730
vn,khi thuc,khi thực,1.0000
vn,khi thue,khi thuê,1.0000
vn,khi thuoc,khi thuộc,0.9231
vn,khi tien,khi tiến,0.9574
vn,khi tiep,khi tiếp,1.0000
vn,khi tinh,khi tính,0.9375
vn,khi to,khi tổ,0.9923
vn,khi tong,khi tổng,1.0000
vn,khi tra,khi trả,1.0000
vn,khi trich,khi trích,1.0000
vn,khi trien,khi triển,1.0000
vn,khi trinh,khi trình,1.0000
vn,khi tru,khi trừ,0.9925
vn,khi truyen,khi truyền,1.0000
vn,khi tuong,khí tượng,1.0000
vn,khi tuyen,khi tuyển,1.0000
vn,khi uy,khi ủy,1.0000
vn,khi vat,khí vật,1.0000
vn,khi viec,khi việc,1.0000
vn,khi viet,khí việt,1.0000
vn,khi xac,khi xác,1.0000
vn,khi xet,khi xét,1.0000
vn,khi xu,khi xử,1.0000
vn,khi xuat,khi xuất,1.0000
vn,khi yeu,khi yêu,1.0000
vn,khia canh,khía cạnh,1.0000
vn,khich ap,khích áp,1.0000
vn,khich cac,khích các,1.0000
vn,khich dau,khích đầu,1.0000
vn,khich phat,khích phát,1.0000
vn,khich thu,khích thu,0.9091
vn,khich to,khích tổ,1.0000
vn,khich uu,khích ưu,1.0000
vn,khien cac,khiển các,1.0000
vn,khien cong,khiển công,1.0000
vn,khien hanh,khiển hành,1.0000
vn,khien lam,khiển làm,1.0000
vn,khien phuong,khiển phương,1.0000
vn,khien tai,khiển tài,0.9375
vn,khien thong,khiển thông,1.0000
vn,khien trach,khiển trách,1.0000
vn,khieu kien,khiếu kiện,1.0000
vn,khieu nai,khiếu nại,1.0000
vn,kho a,kho ả,0.9444
vn,kho bac,kho bạc,1.0000
vn,kho bai,kho bãi,1.0000
vn,kho chua,kho chứa,0.9677
vn,kho cong,khô công,1.0000
vn,kho cua,kho của,0.9412
vn,kho de,kho để,1.0000
vn,kho giay,khổ giấy,1.0000
vn,kho han,khô hạn,0.9600
vn,kho khan,khó khăn,1.0000
vn,kho lanh,kho lạnh,1.0000
vn,kho luu,kho lưu,1.0000
vn,kho muoi,khô muối,1.0000
vn,kho quy,kho quỹ,1.0000
vn,kho so,kho số,0.9686
vn,kho tan,khó tận,1.0000
vn,kho tang,kho tàng,1.0000
vn,kho tien,kho tiền,1.0000
vn,khoa bi,khóa bí,0.9108
vn,khoa can,khóa căn,1.0000
vn,khoa chinh,khóa chính,1.0000
vn,khoa cho,khóa cho,0.9737
vn,khoa chung,khóa chứng,0.9375
vn,khoa cong,khóa công,0.9344
vn,khoa dao,khóa đào,1.0000
vn,khoa duoc,khóa được,0.9643
vn,khoa hoc,khoa học,0.9979
vn,khoa khi,khóa khi,1.0000
vn,khoa lien,khóa liên,1.0000
vn,khoa ma,khóa mã,0.9024
vn,khoa mat,khóa mật,1.0000
vn,khoa mo,khóa mở,1.0000
vn,khoa ngoai,khóa ngoại,0.9863
vn,khoa su,khóa sử,1.0000
vn,khoa tai,khóa tài,0.9630
vn,khoa tao,khóa tạo,1.0000
vn,khoa the,khóa thẻ,0.9500
vn,khoa theo,khóa theo,0.9730
vn,khoa thuoc,khóa thuộc,1.0000
vn,khoa trong,khóa trong,0.9167
vn,khoa va,khóa và,0.9333
vn,khoa yeu,khóa yếu,1.0000
vn,khoan 1,khoản 1,1.0000
vn,khoan 10,khoản 10,1.0000
vn,khoan 11,khoản 11,0.9600
vn,khoan 12,khoản 12,0.9831
vn,khoan 13,khoản 13,0.9828
vn,khoan 14,khoản 14,0.9846
vn,khoan 15,khoản 15,0.9545
vn,khoan 16,khoản 16,0.9787
vn,khoan 17,khoản 17,0.9643
vn,khoan 18,khoản 18,0.9630
vn,khoan 19,khoản 19,0.9474
vn,khoan 1a,khoản 1a,1.0000
vn,khoan 1b,khoản 1b,1.0000
vn,khoan 2,khoản 2,0.9990
vn,khoan 20,khoản 20,0.9091
vn,khoan 21,khoản 21,1.0000
vn,khoan 23,khoản 23,1.0000
vn,khoan 24,khoản 24,1.0000
vn,khoan 25,khoản 25,1.0000
vn,khoan 26,khoản 26,1.0000
vn,khoan 2a,khoản 2a,1.0000
vn,khoan 3,khoản 3,0.9993
vn,khoan 31,khoản 31,1.0000
vn,khoan 3a,khoản 3a,1.0000
vn,khoan 4,khoản 4,0.9986
vn,khoan 4a,khoản 4a,1.0000
vn,khoan 5,khoản 5,0.9993
vn,khoan 6,khoản 6,0.9989
vn,khoan 7,khoản 7,0.9984
vn,khoan 8,khoản 8,0.9970
vn,khoan 9,khoản 9,0.9910
vn,khoan a,khoản a,1.0000
vn,khoan biet,khoản biết,1.0000
vn,khoan ca,khoản cá,1.0000
vn,khoan cao,khoản cao,1.0000
vn,khoan cap,khoản cấp,0.9125
vn,khoan chenh,khoản chênh,1.0000
vn,khoan chinh,khoản chính,1.0000
vn,khoan cua,khoản của,0.9850
vn,khoan dam,khoản đảm,1.0000
vn,khoan dang,khoản đăng,1.0000
vn,khoan diem,khoản điểm,1.0000
vn,khoan dieu,khoản điều,0.9880
vn,khoan dinh,khoản định,1.0000
vn,khoan doi,khoản đối,0.9437
vn,khoan du,khoản dự,0.9483
vn,khoan giai,khoản giải,1.0000
vn,khoan giao,khoản giao,0.9881
vn,khoan han,khoản hạn,1.0000
vn,khoan khac,khoản khác,1.0000
vn,khoan khi,khoản khi,1.0000
vn,khoan ky,khoản ký,1.0000
vn,khoan lo,khoản lỗ,0.9286
vn,khoan loi,khoản lợi,1.0000
vn,khoan mua,khoản mua,0.9000
vn,khoan muc,khoản mục,0.9796
vn,khoan nay,khoản này,0.9995
vn,khoan neu,khoản nếu,0.9200
vn,khoan ngan,khoản ngân,0.9565
vn,khoan ngoai,khoản ngoại,1.0000
vn,khoan nguoi,khoản người,1.0000
vn,khoan nha,khoán nhà,1.0000
vn,khoan nhan,khoản nhận,1.0000
vn,khoan niem,khoản niêm,1.0000
vn,khoan no,khoản nợ,0.9918
vn,khoan nop,khoản nộp,1.0000
vn,khoan o,khoản ở,0.9048
vn,khoan phi,khoản phí,1.0000
vn,khoan phong,khoản phong,1.0000
vn,khoan phu,khoản phụ,0.9130
vn,khoan qua,khoản qua,1.0000
vn,khoan quan,khoản quản,1.0000
vn,khoan sim,khoản sim,1.0000
vn,khoan tam,khoản tạm,1.0000
vn,khoan ten,khoản tên,1.0000
vn,khoan thanh,khoản thanh,0.9991
vn,khoan thau,khoản thấu,1.0000
vn,khoan thi,khoản thi,0.9405
vn,khoan thich,khoản thích,1.0000
vn,khoan thong,khoản thông,1.0000
vn,khoan thu,khoản thu,0.9803
vn,khoan thue,khoản thuế,1.0000
vn,khoan tien,khoản tiền,0.9983
vn,khoan tiep,khoản tiếp,1.0000
vn,khoan ton,khoản tổn,1.0000
vn,khoan trich,khoản trích,1.0000
vn,khoan truy,khoản truy,1.0000
vn,khoan tuong,khoản tương,0.9375
vn,khoan vay,khoản vay,0.9918
vn,khoan ve,khoản về,0.9130
vn,khoan viet,khoán việt,1.0000
vn,khoan von,khoản vốn,1.0000
vn,khoang 21,khoảng 21,1.0000
vn,khoang 50,khoảng 50,1.0000
vn,khoang 90,khoảng 90,1.0000
vn,khoang bi,khoáng bi,1.0000
vn,khoang cach,khoảng cách,1.0000
vn,khoang cat,khoáng cát,1.0000
vn,khoang san,khoáng sản,0.9993
vn,khoang thoi,khoảng thời,1.0000
vn,khoanh dat,khoanh đất,1.0000
vn,khoanh dinh,khoanh định,1.0000
vn,khoanh no,khoanh nợ,1.0000
vn,khoanh vung,khoanh vùng,1.0000
vn,khoanhdatdieutraid chuoi,khoanhdatdieutraid chuỗi,1.0000
vn,khoe danh,khỏe danh,1.0000
vn,khoe tai,khỏe tài,0.9623
vn,khoe va,khỏe và,0.9143
vn,khohan chuoi,khohan chuỗi,1.0000
vn,khoi 0,khối 0,0.9167
vn,khoi bang,khối băng,1.0000
vn,khoi bien,khỏi biên,1.0000
vn,khoi cong,khởi công,0.9091
vn,khoi cum,khối cụm,1.0000
vn,khoi dai,khối đại,1.0000
vn,khoi danh,khỏi danh,1.0000
vn,khoi diem,khởi điểm,0.9972
vn,khoi duoc,khối được,1.0000
vn,khoi he,khỏi hệ,0.9259
vn,khoi hoac,khối hoặc,1.0000
vn,khoi khu,khỏi khu,1.0000
vn,khoi kien,khởi kiện,1.0000
vn,khoi lanh,khỏi lãnh,1.0000
vn,khoi loai,khói loại,1.0000
vn,khoi luong,khối lượng,0.9982
vn,khoi ma,khối mã,1.0000
vn,khoi mkv,khối mkv,1.0000
vn,khoi mo,khỏi mỏ,0.9091
vn,khoi n,khối n,1.0000
vn,khoi ngan,khỏi ngân,1.0000
vn,khoi nghiep,khởi nghiệp,1.0000
vn,khoi ngoai,khỏi ngoại,0.9733
vn,khoi nho,khối nhỏ,1.0000
vn,khoi phuc,khôi phục,1.0000
vn,khoi rieng,khối riêng,1.0000
vn,khoi tao,khởi tạo,1.0000
vn,khoi thi,khối thi,1.0000
vn,khoi to,khởi tố,1.0000
vn,khoi trong,khối trong,1.0000
vn,khoi vi,khỏi ví,1.0000
vn,khoi vu,khối vũ,1.0000
vn,khong 0,không 0,1.0000
vn,khong 1,không 1,1.0000
vn,khong 2,không 2,1.0000
vn,khong 3,không 3,1.0000
vn,khong 4,không 4,1.0000
vn,khong 5,không 5,1.0000
vn,khong 6,không 6,1.0000
vn,khong 7,không 7,1.0000
vn,khong 8,không 8,1.0000
vn,khong 9,không 9,1.0000
vn,khong a,không a,1.0000
vn,khong an,không an,1.0000
vn,khong anh,không ảnh,1.0000
vn,khong ap,không áp,1.0000
vn,khong b,không b,1.0000
vn,khong bat,không bắt,1.0000
vn,khong bi,không bị,1.0000
vn,khong biet,không biết,1.0000
vn,khong bikyluat,không bịkỷluật,1.0000
vn,khong binh,không bình,1.0000
vn,khong boi,không bồi,1.0000
vn,khong c,không c,1.0000
vn,khong cac,không các,1.0000
vn,khong cai,không cài,1.0000
vn,khong chap,không chấp,1.0000
vn,khong chia,không chia,1.0000
vn,khong chinh,không chính,0.9568
vn,khong chiu,không chịu,1.0000
vn,khong cho,không cho,0.9877
vn,khong co,không có,0.9974
vn,khong con,không còn,1.0000
vn,khong cong,không công,0.9908
vn,khong cu,không cư,0.9708
vn,khong cua,không của,0.9333
vn,khong da,không đã,1.0000
vn,khong dam,không đảm,1.0000
vn,khong dan,không dân,0.9667
vn,khong dang,không đăng,0.9015
vn,khong dap,không đáp,1.0000
vn,khong dich,không dịch,1.0000
vn,khong dien,không điền,0.9286
vn,khong dieu,không điều,1.0000
vn,khong do,không do,0.9770
vn,khong doanh,không doanh,1.0000
vn,khong du,không đủ,0.9920
vn,khong duoc,không được,1.0000
vn,khong duy,không duy,1.0000
vn,khong gan,không gắn,1.0000
vn,khong gay,không gây,1.0000
vn,khong ghi,không ghi,1.0000
vn,khong giai,không giải,1.0000
vn,khong gian,không gian,0.9981
vn,khong giao,không giao,0.9524
vn,khong gioi,không giới,1.0000
vn,khong gom,không gồm,1.0000
vn,khong gui,không gửi,1.0000
vn,khong hach,không hạch,1.0000
vn,khong han,không hạn,1.0000
vn,khong het,không hết,1.0000
vn,khong hieu,không hiệu,0.9808
vn,khong hoac,không hoặc,1.0000
vn,khong hoan,không hoàn,1.0000
vn,khong hoat,không hoạt,1.0000
vn,khong hop,không hợp,0.9955
vn,khong huy,không hủy,1.0000
vn,khong it,không ít,1.0000
vn,khong kem,không kèm,0.9167
vn,khong ket,không kết,1.0000
vn,khong khac,không khắc,1.0000
vn,khong khai,không khai,1.0000
vn,khong khong,không không,0.9583
vn,khong khop,không khớp,1.0000
vn,khong khuyen,không khuyến,1.0000
vn,khong kinh,không kinh,1.0000
vn,khong kip,không kịp,1.0000
vn,khong la,không là,1.0000
vn,khong lam,không làm,0.9834
vn,khong lanh,không lành,1.0000
vn,khong lay,không lấy,1.0000
vn,khong lien,không liên,1.0000
vn,khong lon,không lớn,1.0000
vn,khong lua,không lựa,1.0000
vn,khong luu,không lưu,1.0000
vn,khong mo,không mở,1.0000
vn,khong mua,không mua,1.0000
vn,khong nguoi,không người,1.0000
vn,khong nham,không nhằm,1.0000
vn,khong nhan,không nhận,1.0000
vn,khong nhat,không nhất,1.0000
vn,khong niem,không niêm,1.0000
vn,khong nop,không nộp,1.0000
vn,khong phai,không phải,1.0000
vn,khong phat,không phát,0.9909
vn,khong phe,không phê,1.0000
vn,khong pho,không phổ,1.0000
vn,khong phoi,không phối,1.0000
vn,khong phu,không phù,0.9024
vn,khong phuc,không phục,0.9333
vn,khong quoc,không quốc,1.0000
vn,khong quy,không quy,1.0000
vn,khong ro,không rõ,1.0000
vn,khong san,không sân,0.9609
vn,khong su,không sử,1.0000
vn,khong sua,không sửa,1.0000
vn,khong tach,không tách,1.0000
vn,khong tam,không tạm,1.0000
vn,khong ten,không tên,1.0000
vn,khong thap,không thấp,1.0000
vn,khong thay,không thay,1.0000
vn,khong the,không thể,1.0000
vn,khong theo,không theo,1.0000
vn,khong thiet,không thiết,1.0000
vn,khong thoi,không thời,0.9375
vn,khong thu,không thu,0.9934
vn,khong thuc,không thực,1.0000
vn,khong thue,không thuê,1.0000
vn,khong thuoc,không thuộc,1.0000
vn,khong thuong,không thường,1.0000
vn,khong tich,không tích,0.9655
vn,khong tien,không tiến,1.0000
vn,khong tiep,không tiếp,1.0000
vn,khong tinh,không tính,0.9895
vn,khong to,không tổ,0.9032
vn,khong tra,không trả,1.0000
vn,khong trai,không trái,0.9310
vn,khong trien,không triển,1.0000
vn,khong trinh,không trình,1.0000
vn,khong trong,không trong,1.0000
vn,khong truc,không trực,0.9821
vn,khong tuan,không tuân,1.0000
vn,khong tuong,không tương,1.0000
vn,khong va,không và,0.9756
vn,khong van,không vận,0.9286
vn,khong ve,không về,0.9630
vn,khong viet,không việt,0.9182
vn,khong voi,không với,1.0000
vn,khong vuot,không vượt,1.0000
vn,khong xac,không xác,0.9950
vn,khong xay,không xây,0.9485
vn,khong xet,không xét,1.0000
vn,khong xu,không xử,1.0000
vn,khong xuat,không xuất,0.9091
vn,khong xuc,khống xúc,1.0000
vn,khong xung,không xung,1.0000
vn,khong yeu,không yêu,1.0000
vn,khop dung,khớp đúng,1.0000
vn,khop voi,khớp với,1.0000
vn,khu bao,khu bảo,1.0000
vn,khu che,khu chế,1.0000
vn,khu chua,khu chứa,0.9000
vn,khu chuc,khu chức,1.0000
vn,khu cong,khu công,1.0000
vn,khu dan,khu dân,1.0000
vn,khu dat,khu đất,1.0000
vn,khu hanh,khu hành,1.0000
vn,khu hoac,khu hoặc,1.0000
vn,khu nha,khu nhà,1.0000
vn,khu nuoc,khu nước,0.9231
vn,khu thuoc,khu thuộc,1.0000
vn,khu tinh,khu tỉnh,1.0000
vn,khu tro,khu trở,1.0000
vn,khu vuc,khu vực,1.0000
vn,khuc go,khúc gỗ,1.0000
vn,khung bo,khủng bố,1.0000
vn,khung dao,khung đạo,1.0000
vn,khung gia,khung giá,1.0000
vn,khung hoang,khủng hoảng,1.0000
vn,khung kien,khung kiến,1.0000
vn,khung neu,khung nếu,1.0000
vn,khung quan,khung quản,1.0000
vn,khung thoa,khung thoả,1.0000
vn,khung thoi,khung thời,1.0000
vn,khung tien,khung tiền,1.0000
vn,khuon dang,khuôn dạng,1.0000
vn,khuon kho,khuôn khổ,0.9643
vn,khuon mat,khuôn mặt,1.0000
vn,khuyen cao,khuyến cáo,1.0000
vn,khuyen khich,khuyến khích,0.9958
vn,khuyen mai,khuyến mại,0.9954
vn,khuyen nghi,khuyến nghị,1.0000
vn,khuyen nong,khuyến nông,1.0000
vn,khuyet tat,khuyết tật,1.0000
vn,khz den,khz đến,1.0000
vn,khz thiet,khz thiết,1.0000
vn,khz va,khz và,1.0000
vn,ki su,kí sử,1.0000
vn,ki tu,kí tự,1.0000
vn,kich ban,kịch bản,1.0000
vn,kich co,kích cỡ,1.0000
vn,kich dong,kích động,1.0000
vn,kich hoat,kích hoạt,1.0000
vn,kich thuoc,kích thước,1.0000
vn,kiem chong,kiệm chống,0.9941
vn,kiem chung,kiểm chứng,1.0000
vn,kiem cuu,kiếm cứu,1.0000
vn,kiem danh,kiểm đánh,1.0000
vn,kiem dem,kiểm đếm,1.0000
vn,kiem dich,kiểm dịch,1.0000
vn,kiem diem,kiểm điểm,1.0000
vn,kiem dinh,kiểm định,1.0000
vn,kiem dung,kiệm đúng,1.0000
vn,kiem duyet,kiểm duyệt,1.0000
vn,kiem hieu,kiệm hiệu,1.0000
vn,kiem ke,kiểm kê,1.0000
vn,kiem lam,kiểm lâm,0.9706
vn,kiem liem,kiệm liêm,1.0000
vn,kiem nghiem,kiểm nghiệm,1.0000
vn,kiem ngu,kiểm ngư,1.0000
vn,kiem nhiem,kiêm nhiệm,0.9636
vn,kiem phieu,kiểm phiếu,1.0000
vn,kiem phuong,kiểm phương,1.0000
vn,kiem sat,kiểm sát,0.9988
vn,kiem soat,kiểm soát,0.9989
vn,kiem tau,kiểm tàu,1.0000
vn,kiem tham,kiếm thăm,1.0000
vn,kiem thu,kiểm thử,0.9862
vn,kiem to,kiêm tờ,1.0000
vn,kiem toan,kiểm toán,1.0000
vn,kiem tra,kiểm tra,0.9991
vn,kiem viet,kiểm việt,1.0000
vn,kien an,kiện an,1.0000
vn,kien bang,kiến bằng,0.9972
vn,kien bieu,kiến biểu,1.0000
vn,kien binh,kiện bình,0.9412
vn,kien cac,kiến các,0.9674
vn,kien cai,kiến cải,1.0000
vn,kien cap,kiện cấp,0.9294
vn,kien cho,kiện cho,0.9067
vn,kien chung,kiện chung,0.9429
vn,kien dam,kiện đảm,0.9853
vn,kien dang,kiện đăng,0.9048
vn,kien dau,kiện đầu,0.9020
vn,kien detai,kiến đềtài,1.0000
vn,kien dieu,kiện điều,1.0000
vn,kien giang,kiên giang,1.0000
vn,kien giao,kiện giao,0.9498
vn,kien hanh,kiện hành,1.0000
vn,kien hoat,kiện hoạt,0.9912
vn,kien ke,kiến kế,1.0000
vn,kien kem,kiến kèm,0.9505
vn,kien kha,kiện khả,1.0000
vn,kien kinh,kiện kinh,0.9905
vn,kien ky,kiện kỹ,0.9571
vn,kien lam,kiện làm,0.9474
vn,kien lien,kiện liên,0.9189
vn,kien mau,kiến mẫu,1.0000
vn,kien nang,kiện năng,0.9677
vn,kien nganh,kiến ngành,1.0000
vn,kien nghi,kiến nghị,0.9987
vn,kien ngoai,kiến ngoại,0.9524
vn,kien o,kiện ô,1.0000
vn,kien phan,kiến phản,0.9091
vn,kien phu,kiện phụ,0.9750
vn,kien quan,kiện quan,0.9722
vn,kien quy,kiện quy,0.9937
vn,kien sau,kiện sau,0.9474
vn,kien thao,kiến thảo,1.0000
vn,kien thiet,kiến thiết,0.9474
vn,kien thong,kiến thống,0.9769
vn,kien thuan,kiện thuận,1.0000
vn,kien tieu,kiện tiêu,0.9412
vn,kien to,kiện tổ,0.9000
vn,kien toan,kiến toàn,0.9605
vn,kien truc,kiến trúc,0.9769
vn,kien truoc,kiến trước,1.0000
vn,kien ung,kiến ứng,1.0000
vn,kien uu,kiện ưu,1.0000
vn,kien vay,kiện vay,1.0000
vn,kien xep,kiện xếp,0.9167
vn,kiet nguon,kiệt nguồn,1.0000
vn,kieu chu,kiểu chữ,1.0000
vn,kieu collection,kiểu collection,0.9655
vn,kieu dang,kiểu dáng,1.0000
vn,kieu date,kiểu date,0.9200
vn,kieu decimal,kiểu decimal,1.0000
vn,kieu doi,kiểu đối,1.0000
vn,kieu du,kiểu dữ,1.0000
vn,kieu duong,kiểu đường,1.0000
vn,kieu gia,kiểu giá,1.0000
vn,kieu loai,kiểu loại,1.0000
vn,kieu string,kiểu string,0.9792
vn,kieu thong,kiểu thông,1.0000
vn,kim dong,kim đồng,1.0000
vn,kim khi,kim khí,1.0000
vn,kim loai,kim loại,1.0000
vn,kin co,kín có,1.0000
vn,kin cua,kín của,1.0000
vn,kin khi,kín khí,1.0000
vn,kinh gui,kính gửi,1.0000
vn,kinh nghiem,kinh nghiệm,1.0000
vn,kinh phi,kinh phí,0.9990
vn,kinh te,kinh tế,0.9995
vn,kip thoi,kịp thời,1.0000
vn,kstthc bo,kstthc bộ,1.0000
vn,kstthc botu,kstthc bộtư,1.0000
vn,kt bo,kt bộ,1.0000
vn,kt chuoi,kt chuỗi,1.0000
vn,kt thong,kt thống,1.0000
vn,kt thu,kt thủ,1.0000
vn,kv nuoc,kv nước,1.0000
vn,kw den,kw đến,1.0000
vn,kwh tan,kwh tấn,1.0000
vn,ky 03,kỳ 03,0.9464
vn,ky 06,kỳ 06,1.0000
vn,ky 6,kỳ 6,0.9459
vn,ky bang,ký bằng,0.9643
vn,ky cac,ký các,0.9615
vn,ky cap,ký cấp,0.9455
vn,ky cham,ký chấm,0.9231
vn,ky chung,ký chứng,0.9636
vn,ky cu,ký cư,0.9298
vn,ky cung,ký cung,0.9839
vn,ky dai,ký đại,1.0000
vn,ky dang,ký đăng,0.9524
vn,ky dat,ký đất,0.9740
vn,ky dien,ký điện,0.9995
vn,ky doanh,ký doanh,0.9924
vn,ky doi,ký đối,0.9184
vn,ky dot,kỳ đột,1.0000
vn,ky duyet,ký duyệt,1.0000
vn,ky ghi,ký ghi,0.9967
vn,ky gia,ký giá,0.9515
vn,ky giao,ký giao,0.9945
vn,ky giay,ký giấy,0.9922
vn,ky giua,ký giữa,1.0000
vn,ky goc,kỳ gốc,1.0000
vn,ky han,kỳ hạn,0.9238
vn,ky hanh,ký hành,0.9370
vn,ky hieu,ký hiệu,0.9830
vn,ky hinh,kỳ hình,0.9655
vn,ky hoan,ký hoàn,1.0000
vn,ky hoat,ký hoạt,0.9223
vn,ky hop,ký hợp,0.9517
vn,ky it,kỳ ít,1.0000
vn,ky ket,ký kết,1.0000
vn,ky khai,ký khai,0.9829
vn,ky khoa,ký khoa,0.9200
vn,ky kinh,ký kinh,0.9719
vn,ky lai,ký lại,1.0000
vn,ky lan,ký lần,1.0000
vn,ky log,ký log,1.0000
vn,ky luat,kỷ luật,0.9973
vn,ky luu,ký lưu,0.9818
vn,ky mau,ký mẫu,0.9897
vn,ky mua,ký mua,1.0000
vn,ky nang,kỹ năng,1.0000
vn,ky nen,ký nền,1.0000
vn,ky nghe,kỹ nghệ,1.0000
vn,ky nghia,ký nghĩa,0.9333
vn,ky nghiep,ký nghiệp,1.0000
vn,ky ngung,ký ngừng,0.9706
vn,ky nguoi,ký người,1.0000
vn,ky nop,ký nộp,1.0000
vn,ky on,kỳ ổn,1.0000
vn,ky phai,ký phải,0.9167
vn,ky phuong,ký phương,0.9545
vn,ky qua,ký qua,1.0000
vn,ky quan,ký quản,0.9494
vn,ky quy,ký quỹ,0.9542
vn,ky quyen,ký quyền,1.0000
vn,ky quyet,ký quyết,1.0000
vn,ky so,ký số,0.9920
vn,ky tam,ký tạm,1.0000
vn,ky tau,ký tàu,1.0000
vn,ky tay,ký tay,1.0000
vn,ky ten,ký tên,0.9670
vn,ky tham,ký tham,0.9942
vn,ky thang,kỳ tháng,1.0000
vn,ky thay,ký thay,0.9843
vn,ky thoa,ký thỏa,0.9683
vn,ky thong,ký thông,0.9192
vn,ky thuat,kỹ thuật,0.9971
vn,ky thuong,ký thường,0.9946
vn,ky tiep,kỳ tiếp,0.9655
vn,ky tren,ký trên,0.9342
vn,ky truc,ký trực,1.0000
vn,ky tu,ký tự,0.9926
vn,ky tuyen,ký tuyển,0.9828
vn,ky van,ký văn,0.9636
vn,ky ve,kỳ về,0.9440
vn,ky voi,ký với,0.9682
vn,ky xac,ký xác,0.9570
vn,ky xe,ký xe,1.0000
vn,ky xet,kỳ xét,0.9478
vn,ky xuat,ký xuất,0.9091
vn,kykhang chien,kỳkháng chiến,1.0000
vn,kyluat iii,kỷluật iii,1.0000
vn,kyluat khong,kỷluật không,1.0000
vn,kyluat thi,kỷluật thì,1.0000
vn,kyluat thoi,kỷluật thời,1.0000
vn,kyluat va,kỷluật và,1.0000
vn,kyniem chuong,kỷniệm chương,1.0000
vn,kythuat bao,kỹthuật bảo,1.0000
vn,kythuat cho,kỹthuật cho,1.0000
vn,kythuat chuyen,kỹthuật chuyển,1.0000
vn,kythuat cong,kỹthuật công,1.0000
vn,kythuat trong,kỹthuật trong,1.0000
vn,kytruoc chuoi,kytruoc chuỗi,1.0000
vn,l khoan,l khoản,1.0000
vn,l khong,l không,1.0000
vn,l va,l và,1.0000
vn,l xu,l xử,1.0000
vn,la 0,là 0,1.0000
vn,la 01,là 01,1.0000
vn,la 02,là 02,1.0000
vn,la 03,là 03,1.0000
vn,la 05,là 05,1.0000
vn,la 06,là 06,1.0000
vn,la 07,là 07,1.0000
vn,la 09,là 09,1.0000
vn,la 1,là 1,1.0000
vn,la 10,là 10,0.9753
vn,la 100,là 100,1.0000
vn,la 1000,là 1000,1.0000
vn,la 12,là 12,1.0000
vn,la 15,là 15,1.0000
vn,la 2,là 2,1.0000
vn,la 20,là 20,1.0000
vn,la 24,là 24,1.0000
vn,la 3,là 3,1.0000
vn,la 30,là 30,1.0000
vn,la 4,là 4,1.0000
vn,la 5,là 5,1.0000
vn,la 50,là 50,1.0000
vn,la 500,là 500,1.0000
vn,la 60,là 60,1.0000
vn,la 90,là 90,1.0000
vn,la ba,là ba,1.0000
vn,la ben,là bên,0.9808
vn,la bo,là bộ,0.9211
vn,la buoc,là buộc,0.9091
vn,la ca,là cá,1.0000
vn,la cac,là các,0.9757
vn,la cap,là cấp,1.0000
vn,la chat,là chất,1.0000
vn,la chi,là chi,0.9118
vn,la chieu,là chiều,1.0000
vn,la chinh,là chính,1.0000
vn,la chua,là chưa,1.0000
vn,la chuc,là chức,1.0000
vn,la chung,là chứng,0.9899
vn,la chuoi,là chuỗi,1.0000
vn,la chuong,là chương,1.0000
vn,la cong,là công,0.9176
vn,la cuc,là cục,1.0000
vn,la dap,là đáp,1.0000
vn,la dat,là đất,0.9420
vn,la day,là dãy,0.9787
vn,la di,là di,1.0000
vn,la dia,là địa,0.9649
vn,la dich,là dịch,1.0000
vn,la diem,là điểm,1.0000
vn,la dinh,là định,0.9091
vn,la doanh,là doanh,1.0000
vn,la doi,là đối,0.9794
vn,la don,là đơn,1.0000
vn,la dung,là đúng,0.9655
vn,la duong,là đường,1.0000
vn,la duy,là duy,1.0000
vn,la gay,là gây,1.0000
vn,la gia,là giá,0.9795
vn,la giai,là giải,1.0000
vn,la giam,là giám,1.0000
vn,la giao,là giao,1.0000
vn,la giay,là giấy,1.0000
vn,la hai,là hai,0.9000
vn,la hang,là hàng,0.9783
vn,la hanh,là hành,1.0000
vn,la hau,là hậu,1.0000
vn,la he,là hệ,1.0000
vn,la hec,là héc,1.0000
vn,la hieu,là hiệu,1.0000
vn,la hinh,là hình,1.0000
vn,la hoat,là hoạt,1.0000
vn,la hoi,là hội,0.9524
vn,la hop,là hợp,1.0000
vn,la ket,là kết,1.0000
vn,la kha,là khả,1.0000
vn,la khach,là khách,1.0000
vn,la khoa,là khóa,1.0000
vn,la khoan,là khoản,1.0000
vn,la khong,là không,1.0000
vn,la kiem,là kiểm,0.9500
vn,la kim,lá kim,0.9091
vn,la lanh,là lãnh,0.9444
vn,la lenh,là lệnh,1.0000
vn,la lien,là liên,1.0000
vn,la liet,là liệt,1.0000
vn,la loai,là loại,1.0000
vn,la luat,là luật,1.0000
vn,la m2,là m2,1.0000
vn,la ma,là mã,0.9823
vn,la mang,là mạng,1.0000
vn,la mau,là mẫu,1.0000
vn,la may,là máy,1.0000
vn,la met,là mét,1.0000
vn,la mong,lá mỏng,1.0000
vn,la mot,là một,1.0000
vn,la muc,là mức,0.9231
vn,la my,la mỹ,1.0000
vn,la nam,là năm,0.9684
vn,la nen,là nền,1.0000
vn,la ngan,là ngân,1.0000
vn,la nganh,là ngành,1.0000
vn,la ngay,là ngày,1.0000
vn,la nghi,là nghị,1.0000
vn,la nghiep,là nghiệp,1.0000
vn,la nguoi,là người,0.9973
vn,la nguon,là nguồn,1.0000
vn,la nha,là nhà,1.0000
vn,la nhiem,là nhiệm,1.0000
vn,la nhung,là những,1.0000
vn,la no,là nợ,1.0000
vn,la phap,là pháp,1.0000
vn,la phi,là phí,1.0000
vn,la phong,là phòng,0.9545
vn,la phuong,là phương,1.0000
vn,la qua,là quá,0.9500
vn,la quyen,là quyền,1.0000
vn,la quyet,là quyết,1.0000
vn,la rat,là rất,1.0000
vn,la rui,là rủi,1.0000
vn,la rung,là rừng,1.0000
vn,la rut,la rút,1.0000
vn,la tac,là tác,1.0000
vn,la tai,là tài,1.0000
vn,la tam,là tấm,0.9000
vn,la tang,là tang,1.0000
vn,la tap,là tập,1.0000
vn,la tau,là tàu,0.9643
vn,la ten,là tên,1.0000
vn,la tham,là thẩm,0.9048
vn,la thanh,là thành,0.9700
vn,la the,là thẻ,1.0000
vn,la thiet,là thiết,0.9333
vn,la thoa,là thỏa,1.0000
vn,la thoi,là thời,0.9932
vn,la thong,là thông,0.9914
vn,la thuat,là thuật,1.0000
vn,la thuong,là thương,1.0000
vn,la tien,là tiền,0.9615
vn,la to,là tổ,0.9969
vn,la toan,là toàn,1.0000
vn,la tong,là tổng,1.0000
vn,la tru,là trụ,0.9915
vn,la ty,là tỷ,1.0000
vn,la uy,là ủy,0.9326
vn,la van,là văn,0.9344
vn,la vang,là vàng,1.0000
vn,la vat,là vật,1.0000
vn,la viec,là việc,0.9977
vn,la xe,là xe,1.0000
vn,la xuat,là xuất,1.0000
vn,lac cua,lạc của,1.0000
vn,lac dien,lạc điện,1.0000
vn,lac hau,lạc hậu,1.0000
vn,lac nghiep,lạc nghiệp,1.0000
vn,lac trong,lạc trong,1.0000
vn,lac van,lạc văn,1.0000
vn,lac voi,lạc với,1.0000
vn,lai 1,lại 1,1.0000
vn,lai b,lại b,0.9444
vn,lai ban,lại bản,1.0000
vn,lai buu,lại bưu,1.0000
vn,lai c,lại c,0.9286
vn,lai cac,lại các,0.9752
vn,lai cap,lại cấp,0.9130
vn,lai chau,lai châu,1.0000
vn,lai chua,lại chưa,1.0000
vn,lai chung,lại chứng,1.0000
vn,lai chuyen,lại chuyển,0.9286
vn,lai cong,lại công,1.0000
vn,lai cua,lại của,0.9425
vn,lai danh,lại danh,1.0000
vn,lai dat,lại đất,1.0000
vn,lai de,lại để,0.9149
vn,lai dich,lại dịch,1.0000
vn,lai dien,lại diện,1.0000
vn,lai dieu,lại điều,0.9740
vn,lai do,lại do,0.9091
vn,lai doanh,lại doanh,0.9677
vn,lai don,lại đơn,1.0000
vn,lai dong,lại đồng,0.9048
vn,lai duoc,lại được,0.9567
vn,lai duoi,lại dưới,1.0000
vn,lai ghi,lại ghi,1.0000
vn,lai giai,lại giải,1.0000
vn,lai giay,lại giấy,1.0000
vn,lai hang,lại hàng,0.9091
vn,lai he,lại hệ,1.0000
vn,lai hien,lại hiện,1.0000
vn,lai hieu,lại hiệu,1.0000
vn,lai ho,lại hồ,0.9672
vn,lai hoac,lại hoặc,0.9455
vn,lai hop,lại hợp,1.0000
vn,lai khi,lại khi,0.9487
vn,lai khoan,lại khoản,0.9048
vn,lai lan,lại lần,1.0000
vn,lai lenh,lại lệnh,1.0000
vn,lai lo,lãi lỗ,1.0000
vn,lai ly,lại lý,1.0000
vn,lai mien,lại miễn,1.0000
vn,lai mot,lại một,1.0000
vn,lai muc,lại mức,0.9600
vn,lai neu,lại nếu,0.9263
vn,lai ngan,lại ngân,0.9583
vn,lai nguyen,lại nguyên,1.0000
vn,lai nha,lại nhà,0.9524
vn,lai nham,lại nhằm,0.9167
vn,lai quoc,lại quốc,1.0000
vn,lai quyen,lại quyền,1.0000
vn,lai quyet,lại quyết,1.0000
vn,lai so,lại số,0.9707
vn,lai sua,lại sửa,1.0000
vn,lai suat,lãi suất,1.0000
vn,lai tai,lại tài,0.9490
vn,lai ten,lại tên,1.0000
vn,lai thay,lại thay,1.0000
vn,lai the,lại thẻ,1.0000
vn,lai theo,lại theo,0.9447
vn,lai thoi,lại thời,1.0000
vn,lai thong,lại thông,0.9863
vn,lai thuc,lại thực,0.9000
vn,lai tiep,lại tiếp,1.0000
vn,lai to,lại tổ,1.0000
vn,lai toan,lại toàn,1.0000
vn,lai toi,lại tối,1.0000
vn,lai vay,lãi vay,1.0000
vn,lai viec,lại việc,0.9535
vn,lai von,lại vốn,0.9130
vn,lai xe,lái xe,0.9600
vn,lai xu,lại xử,1.0000
vn,lam 15,lăm 15,1.0000
vn,lam anh,làm ảnh,1.0000
vn,lam bo,làm bộ,1.0000
vn,lam cac,làm các,1.0000
vn,lam can,làm căn,0.9185
vn,lam cho,làm cho,1.0000
vn,lam chu,làm chủ,1.0000
vn,lam chung,làm chứng,1.0000
vn,lam chuyen,làm chuyên,0.9333
vn,lam co,làm cơ,0.9662
vn,lam cong,làm công,0.9745
vn,lam dai,làm đại,1.0000
vn,lam dau,làm đầu,1.0000
vn,lam dem,làm đêm,1.0000
vn,lam dich,làm dịch,0.9259
vn,lam don,làm đơn,1.0000
vn,lam dung,lạm dụng,0.9487
vn,lam gian,làm gián,1.0000
vn,lam giay,làm giấy,1.0000
vn,lam han,làm hạn,1.0000
vn,lam hu,làm hư,1.0000
vn,lam kho,làm khô,1.0000
vn,lam khoa,làm khóa,0.9857
vn,lam lai,làm lại,1.0000
vn,lam lo,làm lộ,1.0000
vn,lam muoi,làm muối,1.0000
vn,lam ngay,lăm ngày,1.0000
vn,lam nghiep,lâm nghiệp,0.9531
vn,lam nguoi,làm người,1.0000
vn,lam nguyen,làm nguyên,1.0000
vn,lam nha,làm nhà,0.9306
vn,lam nhiem,làm nhiệm,1.0000
vn,lam nhuc,làm nhục,1.0000
vn,lam phuong,làm phương,1.0000
vn,lam ro,làm rõ,1.0000
vn,lam sach,làm sạch,1.0000
vn,lam sai,làm sai,1.0000
vn,lam san,lâm sản,0.9310
vn,lam tai,làm tài,0.9250
vn,lam tang,làm tăng,1.0000
vn,lam thang,lam thắng,1.0000
vn,lam thanh,làm thành,0.9167
vn,lam thao,lâm thao,1.0000
vn,lam thay,làm thay,1.0000
vn,lam them,làm thêm,1.0000
vn,lam thu,làm thủ,0.9939
vn,lam thuc,làm thức,1.0000
vn,lam ton,làm tổn,1.0000
vn,lam tong,làm tổng,1.0000
vn,lam tron,làm tròn,1.0000
vn,lam tru,làm trụ,1.0000
vn,lam tu,làm từ,0.9167
vn,lam vao,lâm vào,1.0000
vn,lam vat,làm vật,1.0000
vn,lam ve,làm về,0.9333
vn,lam viec,làm việc,1.0000
vn,lan 1,lần 1,0.9310
vn,lan 2,lần 2,0.9677
vn,lan bang,lần bằng,0.9231
vn,lan cho,lần cho,0.9027
vn,lan dau,lần đầu,0.9733
vn,lan doi,lần đối,0.9167
vn,lan duoc,lần được,0.9954
vn,lan gan,lần gần,1.0000
vn,lan khong,lần không,0.9474
vn,lan lien,lần liên,1.0000
vn,lan lua,lận lừa,1.0000
vn,lan mua,lần mua,1.0000
vn,lan muc,lần mức,1.0000
vn,lan nam,lần năm,1.0000
vn,lan ngan,lần ngân,1.0000
vn,lan nhau,lẫn nhau,1.0000
vn,lan pham,lần phạm,1.0000
vn,lan phan,lần phân,0.9200
vn,lan qua,lần qua,0.9286
vn,lan sau,lần sau,1.0000
vn,lan thi,lần thì,0.9333
vn,lan thuc,lần thực,0.9444
vn,lan thuong,lận thương,1.0000
vn,lan tiep,lần tiếp,1.0000
vn,lan to,lần tổ,1.0000
vn,lan tra,lần trả,1.0000
vn,lan trai,lán trại,0.9412
vn,lan tro,lần trở,0.9565
vn,lan truoc,lần trước,1.0000
vn,lan truyen,lan truyền,0.9375
vn,lang bao,lang bảo,1.0000
vn,lang loai,lạng loại,1.0000
vn,lang nghe,làng nghề,0.9444
vn,lang phi,lãng phí,1.0000
vn,lanh cho,lãnh cho,1.0000
vn,lanh co,lãnh có,0.9667
vn,lanh dao,lãnh đạo,0.9972
vn,lanh de,lãnh để,0.9167
vn,lanh doi,lãnh đối,1.0000
vn,lanh hai,lãnh hải,0.9333
vn,lanh he,lạnh hệ,1.0000
vn,lanh khi,lãnh khi,1.0000
vn,lanh khong,lãnh không,0.9512
vn,lanh la,lãnh là,1.0000
vn,lanh manh,lành mạnh,1.0000
vn,lanh ngan,lãnh ngân,1.0000
vn,lanh su,lãnh sự,0.9926
vn,lanh theo,lãnh theo,1.0000
vn,lanh tho,lãnh thổ,1.0000
vn,lanh thue,lãnh thuế,0.9565
vn,lanh tin,lãnh tín,1.0000
vn,lanh trai,lãnh trái,1.0000
vn,lanh va,lãnh và,0.9615
vn,lanh vay,lãnh vay,1.0000
vn,lao cai,lào cai,1.0000
vn,lao dich,lao dịch,1.0000
vn,lao dong,lao động,0.9812
vn,lao duoc,lao được,1.0000
vn,lao tien,lao tiền,1.0000
vn,lao trach,lao trách,1.0000
vn,lao va,lao và,1.0000
vn,lap 01,lập 01,1.0000
vn,lap 1,lập 1,1.0000
vn,lap 2,lập 2,0.9804
vn,lap 3,lập 3,0.9592
vn,lap 4,lập 4,1.0000
vn,lap 5,lập 5,1.0000
vn,lap 6,lập 6,1.0000
vn,lap a,lập a,1.0000
vn,lap b,lập b,1.0000
vn,lap bao,lập báo,0.9233
vn,lap bien,lập biên,0.9877
vn,lap boi,lập bởi,1.0000
vn,lap c,lập c,0.9839
vn,lap cac,lập các,0.9304
vn,lap chim,lấp chìm,1.0000
vn,lap cho,lập cho,1.0000
vn,lap chua,lập chưa,1.0000
vn,lap chung,lập chứng,1.0000
vn,lap chuquyen,lập chủquyền,1.0000
vn,lap cua,lập của,1.0000
vn,lap da,lập đã,1.0000
vn,lap dang,lập đăng,0.9722
vn,lap dat,lắp đặt,0.9925
vn,lap diem,lập điểm,1.0000
vn,lap dieu,lập điều,1.0000
vn,lap do,lập do,0.9143
vn,lap doan,lập đoàn,1.0000
vn,lap doanh,lập doanh,1.0000
vn,lap doi,lập đối,0.9200
vn,lap don,lập đơn,1.0000
vn,lap du,lập dự,0.9278
vn,lap duoc,lập được,1.0000
vn,lap duoi,lập dưới,1.0000
vn,lap duy,lập duy,1.0000
vn,lap giao,lập giao,1.0000
vn,lap giay,lập giấy,1.0000
vn,lap gieng,lấp giếng,1.0000
vn,lap gui,lập gửi,1.0000
vn,lap han,lập hạn,1.0000
vn,lap hang,lập hạng,0.9764
vn,lap he,lập hệ,0.9688
vn,lap ho,lập hồ,0.9912
vn,lap hoa,lập hóa,1.0000
vn,lap hoac,lập hoặc,0.9916
vn,lap hoat,lập hoạt,1.0000
vn,lap hoi,lập hội,0.9977
vn,lap hop,lập hợp,1.0000
vn,lap hoso,lập hồsơ,1.0000
vn,lap huy,lập hủy,1.0000
vn,lap ke,lập kế,0.9837
vn,lap ket,lập kết,1.0000
vn,lap khach,lập khách,1.0000
vn,lap khai,lập khai,0.9474
vn,lap khong,lập không,0.9298
vn,lap kiem,lập kiểm,1.0000
vn,lap la,lập là,1.0000
vn,lap lenh,lập lệnh,1.0000
vn,lap luu,lập lưu,1.0000
vn,lap mang,lập mạng,1.0000
vn,lap may,lắp máy,0.9091
vn,lap mot,lập một,1.0000
vn,lap nang,lập nâng,1.0000
vn,lap neu,lập nếu,0.9444
vn,lap ngan,lập ngân,1.0000
vn,lap nhiem,lập nhiệm,1.0000
vn,lap nhu,lập như,0.9600
vn,lap o,lập ở,1.0000
vn,lap phai,lập phải,0.9310
vn,lap phe,lập phê,1.0000
vn,lap phieu,lập phiếu,1.0000
vn,lap phuong,lập phương,1.0000
vn,lap quan,lập quản,0.9160
vn,lap quyen,lập quyền,1.0000
vn,lap quyet,lập quyết,1.0000
vn,lap rap,lắp ráp,0.9905
vn,lap sau,lập sau,0.9286
vn,lap su,lập sử,0.9778
vn,lap tham,lập thẩm,0.9722
vn,lap thanh,lập thành,0.9953
vn,lap thay,lập thay,1.0000
vn,lap theo,lập theo,1.0000
vn,lap thi,lập thì,1.0000
vn,lap thiet,lập thiết,0.9583
vn,lap thuc,lập thực,1.0000
vn,lap thuoc,lập thuộc,0.9904
vn,lap tinh,lập tính,0.9091
vn,lap toi,lập tối,1.0000
vn,lap tong,lập tổng,1.0000
vn,lap totrinh,lập tờtrình,1.0000
vn,lap trang,lập trang,1.0000
vn,lap tren,lập trên,0.9643
vn,lap trinh,lập trình,1.0000
vn,lap trong,lập trong,0.9189
vn,lap truc,lập trực,0.9861
vn,lap trung,lập trung,1.0000
vn,lap truoc,lập trước,1.0000
vn,lap tu,lập tự,0.9716
vn,lap tuc,lập tức,1.0000
vn,lap tudo,lập tựdo,1.0000
vn,lap va,lập và,0.9953
vn,lap vao,lập vào,1.0000
vn,lap ve,lập về,0.9024
vn,lap viec,lập việc,1.0000
vn,lap website,lập website,1.0000
vn,lap xay,lập xây,0.9000
vn,lau chi,lậu chi,1.0000
vn,lau cuc,lậu cục,1.0000
vn,lau dai,lâu dài,1.0000
vn,lau gian,lậu gian,1.0000
vn,lau nam,lâu năm,1.0000
vn,lau truong,lậu trưởng,1.0000
vn,lay cap,lấy cắp,1.0000
vn,lay gia,lấy giá,1.0000
vn,lay loi,lấy lời,0.9583
vn,lay ma,lấy mã,0.9697
vn,lay mau,lấy mẫu,1.0000
vn,lay mo,lấy mô,1.0000
vn,lay so,lấy số,1.0000
vn,lay theo,lấy theo,1.0000
vn,lay thong,lấy thông,1.0000
vn,lay trong,lấy trong,1.0000
vn,lay tu,lấy từ,1.0000
vn,lay y,lấy ý,1.0000
vn,ldtbxh ngay,lđtbxh ngày,1.0000
vn,le 1,lệ 1,0.9683
vn,le 2,lệ 2,0.9500
vn,le 3,lệ 3,1.0000
vn,le 4,lệ 4,0.9333
vn,le 5,lệ 5,1.0000
vn,le a,lệ a,0.9167
vn,le an,lệ an,1.0000
vn,le b,lệ b,0.9565
vn,le bang,lệ bằng,1.0000
vn,le bo,lệ bộ,0.9925
vn,le cac,lệ các,1.0000
vn,le cho,lệ cho,0.9823
vn,le chu,lệ chủ,0.9333
vn,le cong,lệ công,0.9778
vn,le cua,lệ của,0.9925
vn,le cuc,lệ cục,0.9375
vn,le da,lệ đã,0.9149
vn,le de,lệ để,0.9495
vn,le dien,lệ diện,1.0000
vn,le dieu,lệ điều,0.9643
vn,le do,lệ do,0.9815
vn,le doanh,lệ doanh,1.0000
vn,le gia,lệ giá,0.9444
vn,le giay,lệ giấy,1.0000
vn,le gop,lệ góp,1.0000
vn,le hoac,lệ hoặc,0.9730
vn,le hoat,lệ hoạt,1.0000
vn,le hop,lệ hợp,1.0000
vn,le kha,lệ khả,1.0000
vn,le khac,lệ khác,1.0000
vn,le khau,lệ khấu,1.0000
vn,le khi,lệ khi,0.9167
vn,le khong,lệ không,0.9600
vn,le ky,lệ ký,0.9800
vn,le la,lệ là,1.0000
vn,le lien,lẻ liên,1.0000
vn,le loai,lẻ loại,0.9000
vn,le muc,lệ mức,0.9474
vn,le nay,lệ này,1.0000
vn,le neu,lệ nếu,1.0000
vn,le ngan,lệ ngân,1.0000
vn,le nghi,lễ nghỉ,1.0000
vn,le nhu,lệ như,0.9744
vn,le no,lệ nợ,1.0000
vn,le noi,lệ nội,0.9444
vn,le phai,lệ phải,0.9565
vn,le phi,lệ phí,0.9930
vn,le quan,lệ quản,1.0000
vn,le quoc,lệ quốc,0.9091
vn,le sau,lệ sau,1.0000
vn,le se,lệ sẽ,1.0000
vn,le tan,lễ tân,1.0000
vn,le tang,lệ tăng,0.9565
vn,le tet,lễ tết,1.0000
vn,le theo,lệ theo,0.9607
vn,le thuc,lệ thực,1.0000
vn,le thuoc,lệ thuộc,0.9000
vn,le to,lệ tổ,1.0000
vn,le toi,lệ tối,0.9677
vn,le tra,lệ trả,1.0000
vn,le trich,lệ trích,1.0000
vn,le trinh,lệ trình,1.0000
vn,le trong,lệ trong,1.0000
vn,le truong,lệ trường,0.9333
vn,le tu,lệ từ,0.9882
vn,le uy,lệ ủy,1.0000
vn,le va,lệ và,0.9862
vn,le ve,lệ về,1.0000
vn,le von,lệ vốn,1.0000
vn,lech bao,lệch bảo,1.0000
vn,lech do,lệch do,0.9310
vn,lech duong,lệch dương,1.0000
vn,lech gian,lệch gián,0.9091
vn,lech giua,lệch giữa,1.0000
vn,lech ho,lệch hồ,1.0000
vn,lech hoac,lệch hoặc,1.0000
vn,lech ket,lệch kết,1.0000
vn,lech khong,lệch không,1.0000
vn,lech lai,lệch lãi,1.0000
vn,lech noi,lệch nội,1.0000
vn,lech phai,lệch phải,1.0000
vn,lech tan,lệch tần,1.0000
vn,lech thong,lệch thông,1.0000
vn,lech thu,lệch thu,1.0000
vn,lech ty,lệch tỷ,1.0000
vn,lech ve,lệch về,1.0000
vn,led tam,led tấm,1.0000
vn,len 01,lên 01,1.0000
vn,len 1,lên 1,1.0000
vn,len 2,lên 2,1.0000
vn,len 3,lên 3,1.0000
vn,len 4,lên 4,1.0000
vn,len b,lên b,1.0000
vn,len c,lên c,1.0000
vn,len cac,lên các,1.0000
vn,len cap,lên cấp,1.0000
vn,len chuc,lên chức,1.0000
vn,len cu,lên cụ,1.0000
vn,len cua,lên của,1.0000
vn,len cung,lên cùng,0.9091
vn,len da,lên đã,1.0000
vn,len den,lên đến,1.0000
vn,len doi,lên đối,1.0000
vn,len duoc,lên được,1.0000
vn,len he,lên hệ,1.0000
vn,len hoac,lên hoặc,1.0000
vn,len hoat,lên hoạt,1.0000
vn,len ke,lên kể,0.9545
vn,len khoang,lên khoảng,1.0000
vn,len khong,lên không,1.0000
vn,len la,lên là,1.0000
vn,len ma,lên mà,1.0000
vn,len neu,lên nếu,0.9130
vn,len nganh,lên ngành,1.0000
vn,len nhu,lên như,1.0000
vn,len phai,lên phải,1.0000
vn,len tau,lên tàu,1.0000
vn,len theo,lên theo,1.0000
vn,len thi,lên thì,1.0000
vn,len thuc,lên thực,1.0000
vn,len thuoc,lên thuộc,1.0000
vn,len tinh,lên tính,1.0000
vn,len to,lên tổ,1.0000
vn,len trang,lên trang,1.0000
vn,len trong,lên trong,1.0000
vn,len tru,lên trừ,0.9167
vn,len trung,lên trung,1.0000
vn,len truong,lên trường,1.0000
vn,len va,lên và,1.0000
vn,len ve,lên về,1.0000
vn,len yeu,lên yêu,1.0000
vn,lenh bat,lệnh bắt,1.0000
vn,lenh canh,lệnh cảnh,1.0000
vn,lenh chi,lệnh chi,0.9394
vn,lenh chua,lệnh chưa,1.0000
vn,lenh chuyen,lệnh chuyển,1.0000
vn,lenh co,lệnh có,1.0000
vn,lenh cua,lệnh của,1.0000
vn,lenh da,lệnh đã,1.0000
vn,lenh don,lệnh đơn,0.9667
vn,lenh du,lệnh dự,0.9167
vn,lenh ghi,lệnh ghi,1.0000
vn,lenh hach,lệnh hạch,1.0000
vn,lenh hoac,lệnh hoặc,1.0000
vn,lenh hoan,lệnh hoàn,1.0000
vn,lenh huy,lệnh hủy,1.0000
vn,lenh khi,lệnh khi,1.0000
vn,lenh khong,lệnh không,1.0000
vn,lenh kiem,lệnh kiểm,1.0000
vn,lenh ky,lệnh ký,1.0000
vn,lenh la,lệnh là,1.0000
vn,lenh lap,lệnh lập,1.0000
vn,lenh nay,lệnh này,1.0000
vn,lenh neu,lệnh nếu,0.9375
vn,lenh nghi,lệnh nghị,1.0000
vn,lenh ngoai,lệnh ngoại,1.0000
vn,lenh nguoi,lệnh người,1.0000
vn,lenh phai,lệnh phải,1.0000
vn,lenh quyet,lệnh quyết,1.0000
vn,lenh so,lệnh số,1.0000
vn,lenh sua,lệnh sửa,1.0000
vn,lenh tam,lệnh tạm,1.0000
vn,lenh thanh,lệnh thanh,0.9982
vn,lenh thuc,lệnh thực,1.0000
vn,lenh trong,lệnh trong,1.0000
vn,lenh va,lệnh và,1.0000
vn,lenh ve,lệnh về,1.0000
vn,lenh vung,lệnh vùng,1.0000
vn,lenh xu,lệnh xử,1.0000
vn,lephi khong,lệphí không,1.0000
vn,li e,li ệ,1.0000
vn,lich bo,lịch bộ,1.0000
vn,lich ca,lịch cá,0.9231
vn,lich cua,lịch của,1.0000
vn,lich dien,lịch điện,1.0000
vn,lich khoa,lịch khoa,1.0000
vn,lich su,lịch sử,0.9853
vn,lich theo,lịch theo,1.0000
vn,lich tom,lịch tóm,1.0000
vn,lich tu,lịch tư,0.9634
vn,lich va,lịch và,1.0000
vn,liem chinh,liêm chính,1.0000
vn,lien bo,liên bộ,1.0000
vn,lien chinh,liên chính,1.0000
vn,lien danh,liên danh,1.0000
vn,lien den,liên đến,1.0000
vn,lien doan,liên đoàn,1.0000
vn,lien doanh,liên doanh,1.0000
vn,lien doi,liên đới,1.0000
vn,lien he,liên hệ,1.0000
vn,lien hiep,liên hiệp,1.0000
vn,lien ho,liên hồ,1.0000
vn,lien hop,liên hợp,1.0000
vn,lien ke,liền kề,0.9821
vn,lien ket,liên kết,0.9992
vn,lien ketruoc,liền kềtrước,1.0000
vn,lien lac,liên lạc,1.0000
vn,lien minh,liên minh,1.0000
vn,lien ngan,liên ngân,1.0000
vn,lien nganh,liên ngành,1.0000
vn,lien quan,liên quan,1.0000
vn,lien thong,liên thông,1.0000
vn,lien thua,liền thửa,1.0000
vn,lien tich,liên tịch,1.0000
vn,lien tiep,liên tiếp,1.0000
vn,lien tinh,liên tỉnh,1.0000
vn,lien truoc,liền trước,1.0000
vn,lien tuc,liên tục,0.9988
vn,lien voi,liền với,1.0000
vn,lien vung,liên vùng,1.0000
vn,liet ke,liệt kê,1.0000
vn,liet sy,liệt sỹ,1.0000
vn,lieu 1,liệu 1,1.0000
vn,lieu 2,liệu 2,1.0000
vn,lieu 3,liệu 3,0.9737
vn,lieu 4,liệu 4,1.0000
vn,lieu 5,liệu 5,0.9808
vn,lieu 6,liệu 6,0.9600
vn,lieu 7,liệu 7,1.0000
vn,lieu 8,liệu 8,1.0000
vn,lieu 9,liệu 9,1.0000
vn,lieu a,liệu a,1.0000
vn,lieu b,liệu b,1.0000
vn,lieu ben,liệu bên,0.9000
vn,lieu c,liệu c,1.0000
vn,lieu ca,liệu cá,0.9996
vn,lieu cac,liệu các,1.0000
vn,lieu canh,liệu cảnh,1.0000
vn,lieu chia,liệu chia,1.0000
vn,lieu chinh,liệu chính,1.0000
vn,lieu chiu,liệu chịu,1.0000
vn,lieu cho,liệu cho,1.0000
vn,lieu chu,liệu chủ,0.9825
vn,lieu chuyen,liệu chuyên,0.9733
vn,lieu con,liệu con,0.9381
vn,lieu cong,liệu công,0.9500
vn,lieu cot,liệu cốt,0.9841
vn,lieu cua,liệu của,0.9949
vn,lieu cung,liệu cung,0.9787
vn,lieu da,liệu đã,0.9766
vn,lieu danh,liệu danh,0.9740
vn,lieu dat,liệu đất,0.9669
vn,lieu dau,liệu đầu,0.9130
vn,lieu de,liệu để,0.9461
vn,lieu den,liệu đến,1.0000
vn,lieu dia,liệu địa,1.0000
vn,lieu dich,liệu dịch,0.9649
vn,lieu diem,liệu điểm,1.0000
vn,lieu dien,liệu điện,0.9735
vn,lieu dieu,liệu điều,1.0000
vn,lieu dm,liệu dm,1.0000
vn,lieu doi,liệu đối,0.9701
vn,lieu duoc,liệu được,1.0000
vn,lieu duoi,liệu dưới,1.0000
vn,lieu duong,liệu đường,0.9091
vn,lieu e,liệu e,1.0000
vn,lieu ghi,liệu ghi,1.0000
vn,lieu gia,liệu giá,0.9592
vn,lieu giai,liệu giải,1.0000
vn,lieu giam,liệu giám,1.0000
vn,lieu giao,liệu giao,0.9583
vn,lieu giay,liệu giấy,1.0000
vn,lieu giua,liệu giữa,1.0000
vn,lieu goc,liệu gốc,1.0000
vn,lieu goi,liệu gói,0.9730
vn,lieu gom,liệu gồm,1.0000
vn,lieu gui,liệu gửi,1.0000
vn,lieu he,liệu hệ,1.0000
vn,lieu hinh,liệu hình,1.0000
vn,lieu hoac,liệu hoặc,1.0000
vn,lieu hoat,liệu hoạt,1.0000
vn,lieu hop,liệu hợp,0.9000
vn,lieu huan,liệu huấn,1.0000
vn,lieu huong,liệu hướng,1.0000
vn,lieu kem,liệu kèm,0.9714
vn,lieu ket,liệu kết,1.0000
vn,lieu khac,liệu khác,0.9964
vn,lieu khai,liệu khai,1.0000
vn,lieu khao,liệu khảo,1.0000
vn,lieu khi,liệu khi,0.9726
vn,lieu khoanh,liệu khoanh,1.0000
vn,lieu khong,liệu không,0.9981
vn,lieu kiem,liệu kiểm,1.0000
vn,lieu la,liệu là,1.0000
vn,lieu lam,liệu làm,1.0000
vn,lieu lay,liệu lấy,1.0000
vn,lieu len,liệu lên,1.0000
vn,lieu lien,liệu liên,1.0000
vn,lieu lieu,liệu liệu,1.0000
vn,lieu loai,liệu loại,1.0000
vn,lieu loaidulieu,liệu loaidulieu,1.0000
vn,lieu lon,liệu lớn,1.0000
vn,lieu luu,liệu lưu,1.0000
vn,lieu nang,liệu năng,1.0000
vn,lieu nay,liệu này,1.0000
vn,lieu nghiep,liệu nghiệp,1.0000
vn,lieu ngoai,liệu ngoài,1.0000
vn,lieu nguoi,liệu người,1.0000
vn,lieu nguon,liệu nguồn,1.0000
vn,lieu nham,liệu nhằm,1.0000
vn,lieu nhan,liệu nhận,0.9149
vn,lieu nhap,liệu nhập,1.0000
vn,lieu nhat,liệu nhật,0.9250
vn,lieu nhay,liệu nhạy,1.0000
vn,lieu nhien,liệu nhiên,1.0000
vn,lieu nhu,liệu như,1.0000
vn,lieu no,liệu nổ,1.0000
vn,lieu noi,liệu nội,0.9167
vn,lieu nung,liệu nung,1.0000
vn,lieu phai,liệu phải,1.0000
vn,lieu pham,liệu phạm,1.0000
vn,lieu phap,liệu pháp,1.0000
vn,lieu phat,liệu phát,1.0000
vn,lieu phi,liệu phi,1.0000
vn,lieu phuc,liệu phục,1.0000
vn,lieu phuong,liệu phương,1.0000
vn,lieu qua,liệu qua,0.9677
vn,lieu quoc,liệu quốc,1.0000
vn,lieu quy,liệu quy,0.9867
vn,lieu quyet,liệu quyết,1.0000
vn,lieu rui,liệu rủi,1.0000
vn,lieu sach,liệu sách,1.0000
vn,lieu sai,liệu sai,1.0000
vn,lieu sang,liệu sang,1.0000
vn,lieu sao,liệu sao,1.0000
vn,lieu sau,liệu sau,1.0000
vn,lieu sinh,liệu sinh,1.0000
vn,lieu so,liệu số,0.9213
vn,lieu sp,liệu sp,1.0000
vn,lieu stt,liệu stt,1.0000
vn,lieu su,liệu sử,0.9000
vn,lieu tao,liệu tạo,1.0000
vn,lieu tap,liệu tập,1.0000
vn,lieu tham,liệu tham,0.9030
vn,lieu theo,liệu theo,1.0000
vn,lieu thi,liệu thì,0.9074
vn,lieu thiet,liệu thiết,0.9697
vn,lieu thu,liệu thu,0.9711
vn,lieu thua,liệu thửa,1.0000
vn,lieu thuc,liệu thực,0.9839
vn,lieu thuoc,liệu thuộc,0.9922
vn,lieu thuyet,liệu thuyết,1.0000
vn,lieu tich,liệu tích,1.0000
vn,lieu tiep,liệu tiếp,0.9412
vn,lieu tieu,liệu tiêu,1.0000
vn,lieu to,liệu tổ,0.9545
vn,lieu tong,liệu tổng,1.0000
vn,lieu trai,liệu trái,1.0000
vn,lieu trao,liệu trao,1.0000
vn,lieu tren,liệu trên,1.0000
vn,lieu trong,liệu trong,1.0000
vn,lieu tru,liệu trừ,1.0000
vn,lieu truc,liệu trực,1.0000
vn,lieu trung,liệu trung,0.9231
vn,lieu truoc,liệu trước,1.0000
vn,lieu truong,liệu trường,1.0000
vn,lieu tuong,liệu tương,0.9091
vn,lieu va,liệu và,1.0000
vn,lieu vai,liệu vai,1.0000
vn,lieu vao,liệu vào,0.9938
vn,lieu vat,liệu vật,1.0000
vn,lieu ve,liệu về,0.9994
vn,lieu viec,liệu việc,1.0000
vn,lieu voi,liệu với,1.0000
vn,lieu xac,liệu xác,1.0000
vn,lieu xang,liệu xăng,1.0000
vn,lieu xay,liệu xây,0.9929
vn,lieu xe,liệu xe,1.0000
vn,lieu xi,liệu xi,1.0000
vn,lieu xu,liệu xử,1.0000
vn,lieu xuat,liệu xuất,1.0000
vn,lieu xuyen,liệu xuyên,1.0000
vn,lieu yeu,liệu yêu,1.0000
vn,line kieu,line kiểu,1.0000
vn,line la,line là,1.0000
vn,line truong,line trường,1.0000
vn,linh chinh,lĩnh chính,1.0000
vn,linh co,lĩnh cơ,0.9500
vn,linh hoat,linh hoạt,1.0000
vn,linh kien,linh kiện,1.0000
vn,linh thi,lĩnh thị,0.9853
vn,linh vuc,lĩnh vực,0.9993
vn,linkfile chuoi,linkfile chuỗi,1.0000
vn,livestream ban,livestream bán,1.0000
vn,lo bo,lở bờ,0.9130
vn,lo cua,lỗ của,1.0000
vn,lo hang,lô hàng,0.9091
vn,lo he,lò hệ,1.0000
vn,lo hoac,lộ hoặc,0.9200
vn,lo hong,lỗ hổng,1.0000
vn,lo khoan,lỗ khoan,1.0000
vn,lo lot,lộ lọt,1.0000
vn,lo luy,lỗ lũy,1.0000
vn,lo nam,lỗ năm,1.0000
vn,lo phan,lò phản,1.0000
vn,lo quay,lò quay,1.0000
vn,lo quyet,lô quyết,1.0000
vn,lo so,lô số,0.9091
vn,lo thien,lộ thiên,1.0000
vn,lo thong,lộ thông,1.0000
vn,lo tren,lô trên,1.0000
vn,lo trinh,lộ trình,1.0000
vn,lo tru,lò trừ,1.0000
vn,loai 2,loại 2,1.0000
vn,loai a,loại a,0.9600
vn,loai b,loại b,0.9615
vn,loai ban,loại bản,0.9375
vn,loai bo,loại bỏ,0.9518
vn,loai c,loại c,0.9565
vn,loai cac,loại các,1.0000
vn,loai cap,loại cấp,0.9667
vn,loai chat,loại chất,1.0000
vn,loai chieu,loại chiều,1.0000
vn,loai cho,loại cho,1.0000
vn,loai chung,loại chứng,0.9800
vn,loai cong,loại công,0.9394
vn,loai cua,loại của,0.9565
vn,loai dac,loại đặc,0.9524
vn,loai dat,loại đất,0.9668
vn,loai dau,loại dầu,1.0000
vn,loai de,loại đề,0.9000
vn,loai dich,loại dịch,1.0000
vn,loai dieu,loại điều,1.0000
vn,loai doanh,loại doanh,1.0000
vn,loai doi,loại đối,1.0000
vn,loai duong,loại đường,1.0000
vn,loai giao,loại giao,1.0000
vn,loai giay,loại giấy,1.0000
vn,loai hang,loại hàng,0.9032
vn,loai he,loại hệ,1.0000
vn,loai hinh,loại hình,0.9885
vn,loai hoac,loại hoặc,0.9831
vn,loai hoat,loại hoạt,1.0000
vn,loai hop,loại hợp,0.9667
vn,loai i,loại i,1.0000
vn,loai ket,loại kết,1.0000
vn,loai kha,loại khá,1.0000
vn,loai khac,loại khác,1.0000
vn,loai khach,loại khách,1.0000
vn,loai khoang,loại khoáng,1.0000
vn,loai khoi,loại khỏi,1.0000
vn,loai khong,loại không,1.0000
vn,loai khu,loại khu,1.0000
vn,loai lap,loại lập,1.0000
vn,loai linh,loại lĩnh,0.9286
vn,loai loai,loại loại,1.0000
vn,loai mang,loại mạng,1.0000
vn,loai may,loại máy,1.0000
vn,loai ngan,loại ngân,1.0000
vn,loai nghiep,loại nghiệp,1.0000
vn,loai ngoai,loại ngoại,1.0000
vn,loai nguy,loài nguy,0.9375
vn,loai nhu,loại như,1.0000
vn,loai no,loại nợ,1.0000
vn,loai phi,loại phí,0.9902
vn,loai phuong,loại phương,1.0000
vn,loai ra,loại ra,1.0000
vn,loai rui,loại rủi,1.0000
vn,loai san,loại sản,1.0000
vn,loai sau,loại sau,1.0000
vn,loai so,loại số,0.9239
vn,loai tai,loại tài,0.9734
vn,loai tau,loại tàu,1.0000
vn,loai the,loại thẻ,1.0000
vn,loai theo,loại theo,1.0000
vn,loai thi,loại thi,0.9470
vn,loai thiet,loại thiết,0.9583
vn,loai tho,loại thổ,1.0000
vn,loai thue,loại thuế,0.9730
vn,loai tien,loại tiền,1.0000
vn,loai to,loại tổ,1.0000
vn,loai toi,loại tội,1.0000
vn,loai tot,loại tốt,1.0000
vn,loai trong,loại trong,1.0000
vn,loai tru,loại trừ,0.9464
vn,loai trung,loại trung,1.0000
vn,loai tu,loại từ,1.0000
vn,loai tuong,loại tương,1.0000
vn,loai va,loại và,1.0000
vn,loai van,loại văn,0.9048
vn,loai vao,loại vào,1.0000
vn,loai vat,loại vật,0.9375
vn,loai xe,loại xe,0.9821
vn,loaidulieu chuoi,loaidulieu chuỗi,1.0000
vn,loan hoat,loạn hoạt,1.0000
vn,loan pha,loạn phá,1.0000
vn,loat theo,loạt theo,1.0000
vn,loc bui,lọc bụi,1.0000
vn,loc cac,lọc các,1.0000
vn,loc gieng,lọc giếng,1.0000
vn,logarit roi,logarit rời,1.0000
vn,logo thuong,logo thương,1.0000
vn,loi 1,lợi 1,0.9756
vn,loi 11,lợi 11,1.0000
vn,loi 2,lợi 2,0.9259
vn,loi 3,lợi 3,0.9706
vn,loi 4,lợi 4,1.0000
vn,loi 5,lợi 5,0.9412
vn,loi 6,lợi 6,0.9545
vn,loi 7,lợi 7,1.0000
vn,loi 8,lợi 8,1.0000
vn,loi 9,lợi 9,1.0000
vn,loi b,lợi b,0.9412
vn,loi bang,lời bằng,1.0000
vn,loi bat,lợi bất,0.9721
vn,loi c,lợi c,0.9000
vn,loi ca,lợi cá,0.9167
vn,loi cap,lợi cấp,0.9394
vn,loi da,lợi đã,1.0000
vn,loi do,lợi do,0.9167
vn,loi du,lõi dữ,1.0000
vn,loi dung,lợi dụng,0.9748
vn,loi gom,lợi gồm,1.0000
vn,loi hanh,lợi hành,1.0000
vn,loi he,lỗi hệ,1.0000
vn,loi hop,lợi hợp,1.0000
vn,loi ich,lợi ích,1.0000
vn,loi keo,lôi kéo,1.0000
vn,loi ket,lời kết,0.9444
vn,loi khac,lợi khác,0.9388
vn,loi khai,lời khai,1.0000
vn,loi ky,lỗi kỹ,0.9677
vn,loi loi,lợi lợi,1.0000
vn,loi nghia,lợi nghĩa,1.0000
vn,loi nguoi,lợi người,0.9627
vn,loi nhuan,lợi nhuận,1.0000
vn,loi noi,lời nói,0.9583
vn,loi pakn,lời pakn,1.0000
vn,loi sai,lỗi sai,1.0000
vn,loi song,lối sống,1.0000
vn,loi the,lợi thế,1.0000
vn,loi theo,lợi theo,0.9706
vn,loi tinh,lỗi tính,1.0000
vn,loi tra,lời tra,1.0000
vn,loi tuc,lợi tức,1.0000
vn,loi xay,lỗi xảy,1.0000
vn,lon dac,lớn đặc,1.0000
vn,lon de,lớn để,0.9000
vn,lon doi,lớn đối,1.0000
vn,lon giao,lớn giao,1.0000
vn,lon hoac,lớn hoặc,1.0000
vn,lon hon,lớn hơn,1.0000
vn,lon nhat,lớn nhất,1.0000
vn,lon phai,lớn phải,1.0000
vn,lon quy,lớn quy,1.0000
vn,lon theo,lớn theo,1.0000
vn,lon tri,lớn trí,1.0000
vn,lon trong,lớn trong,1.0000
vn,lon va,lớn và,0.9444
vn,lon vao,lớn vào,1.0000
vn,lon ve,lớn về,1.0000
vn,long be,lồng bè,1.0000
vn,long dat,lòng đất,0.9444
vn,long ghep,lồng ghép,1.0000
vn,long ho,lòng hồ,1.0000
vn,long song,lòng sông,1.0000
vn,lop doi,lớp đối,1.0000
vn,lop du,lớp dữ,1.0000
vn,lop thong,lớp thông,1.0000
vn,lu a,lu ậ,0.9167
vn,lu cho,lũ cho,1.0000
vn,lu lut,lũ lụt,1.0000
vn,lu theo,lũ theo,1.0000
vn,lu trong,lũ trong,1.0000
vn,lu tu,lũ từ,1.0000
vn,lua chon,lựa chọn,0.9986
vn,lua dao,lừa đảo,1.0000
vn,luan chinh,luận chính,1.0000
vn,luan chuyen,luân chuyển,0.9929
vn,luan cua,luận của,1.0000
vn,luan dieu,luận điều,1.0000
vn,luan dinh,luận định,1.0000
vn,luan giai,luận giải,1.0000
vn,luan kien,luận kiến,1.0000
vn,luan noi,luận nội,1.0000
vn,luan thanh,luận thanh,1.0000
vn,luan va,luận và,1.0000
vn,luan ve,luận về,1.0000
vn,luan vu,luận vụ,1.0000
vn,luat 1,luật 1,1.0000
vn,luat 10,luật 10,1.0000
vn,luat 11,luật 11,1.0000
vn,luat 2,luật 2,1.0000
vn,luat 3,luật 3,1.0000
vn,luat 4,luật 4,1.0000
vn,luat 5,luật 5,1.0000
vn,luat 6,luật 6,1.0000
vn,luat 7,luật 7,1.0000
vn,luat 8,luật 8,1.0000
vn,luat 9,luật 9,1.0000
vn,luat a,luật a,1.0000
vn,luat an,luật an,1.0000
vn,luat ap,luật áp,1.0000
vn,luat b,luật b,1.0000
vn,luat bang,luật bằng,1.0000
vn,luat bo,luật bộ,1.0000
vn,luat buoc,luật buộc,1.0000
vn,luat c,luật c,1.0000
vn,luat cac,luật các,1.0000
vn,luat chiu,luật chịu,1.0000
vn,luat cho,luật cho,1.0000
vn,luat chuc,luật chức,1.0000
vn,luat chuyen,luật chuyên,0.9516
vn,luat co,luật có,0.9825
vn,luat cong,luật công,0.9693
vn,luat cu,luật cư,0.9032
vn,luat cua,luật của,1.0000
vn,luat cung,luật cung,1.0000
vn,luat da,luật đã,0.9412
vn,luat dam,luật đảm,1.0000
vn,luat dat,luật đất,1.0000
vn,luat den,luật đến,1.0000
vn,luat di,luật di,1.0000
vn,luat dia,luật địa,1.0000
vn,luat dieu,luật điều,1.0000
vn,luat doanh,luật doanh,1.0000
vn,luat doi,luật đối,0.9965
vn,luat dong,luật đồng,1.0000
vn,luat duoc,luật được,1.0000
vn,luat e,luật e,1.0000
vn,luat g,luật g,1.0000
vn,luat gay,luật gây,1.0000
vn,luat gia,luật giá,1.0000
vn,luat giao,luật giao,0.9442
vn,luat gom,luật gồm,1.0000
vn,luat h,luật h,1.0000
vn,luat hai,luật hải,1.0000
vn,luat hang,luật hàng,0.9630
vn,luat hien,luật hiện,0.9803
vn,luat hinh,luật hình,1.0000
vn,luat hoac,luật hoặc,1.0000
vn,luat hoat,luật hoạt,1.0000
vn,luat hoc,luật học,1.0000
vn,luat hop,luật hợp,1.0000
vn,luat huong,luật hướng,1.0000
vn,luat iii,luật iii,1.0000
vn,luat khac,luật khác,1.0000
vn,luat khi,luật khi,1.0000
vn,luat khoa,luật khoa,0.9759
vn,luat khong,luật không,1.0000
vn,luat kiem,luật kiểm,1.0000
vn,luat kinh,luật kinh,0.9730
vn,luat kip,luật kịp,1.0000
vn,luat la,luật là,0.9474
vn,luat lao,luật lao,1.0000
vn,luat lien,luật liên,1.0000
vn,luat luat,luật luật,1.0000
vn,luat ma,luật mà,0.9756
vn,luat mot,luật một,1.0000
vn,luat nay,luật này,1.0000
vn,luat neu,luật nếu,0.9770
vn,luat ngan,luật ngân,0.9951
vn,luat nghi,luật nghị,1.0000
vn,luat nguoi,luật người,1.0000
vn,luat nha,luật nhà,1.0000
vn,luat nham,luật nhằm,1.0000
vn,luat nhu,luật như,1.0000
vn,luat nhung,luật nhưng,0.9630
vn,luat nuoc,luật nước,1.0000
vn,luat pha,luật phá,1.0000
vn,luat phai,luật phải,1.0000
vn,luat phap,luật pháp,1.0000
vn,luat phat,luật phát,1.0000
vn,luat phi,luật phí,1.0000
vn,luat phong,luật phòng,1.0000
vn,luat phuc,luật phục,1.0000
vn,luat quan,luật quản,0.9988
vn,luat quoc,luật quốc,1.0000
vn,luat quy,luật quy,0.9808
vn,luat quyet,luật quyết,1.0000
vn,luat sau,luật sau,1.0000
vn,luat so,luật số,0.9531
vn,luat sua,luật sửa,1.0000
vn,luat tan,luật tần,1.0000
vn,luat tel,luật tel,1.0000
vn,luat thanh,luật thanh,0.9000
vn,luat theo,luật theo,1.0000
vn,luat thuc,luật thực,1.0000
vn,luat thue,luật thuế,1.0000
vn,luat thuoc,luật thuộc,1.0000
vn,luat thuong,luật thương,0.9912
vn,luat tong,luật tổng,1.0000
vn,luat tren,luật trên,1.0000
vn,luat tri,luật trí,1.0000
vn,luat trong,luật trong,0.9857
vn,luat tru,luật trừ,1.0000
vn,luat truoc,luật trước,1.0000
vn,luat truong,luật trường,1.0000
vn,luat truy,luật truy,1.0000
vn,luat va,luật và,1.0000
vn,luat vao,luật vào,1.0000
vn,luat ve,luật về,0.9998
vn,luat vi,luật vi,0.9286
vn,luat viec,luật việc,1.0000
vn,luat vien,luật viễn,0.9470
vn,luat viet,luật việt,1.0000
vn,luat voi,luật với,1.0000
vn,luat xac,luật xác,1.0000
vn,luat xay,luật xây,0.9545
vn,luat xu,luật xử,1.0000
vn,luat xuat,luật xuất,1.0000
vn,luat yeu,luật yêu,1.0000
vn,luc 01,lục 01,0.9722
vn,luc 02,lục 02,1.0000
vn,luc 03,lục 03,1.0000
vn,luc 04,lục 04,1.0000
vn,luc 05,lục 05,1.0000
vn,luc 07,lục 07,1.0000
vn,luc 08,lục 08,1.0000
vn,luc an,lực an,1.0000
vn,luc ap,lực áp,1.0000
vn,luc ban,lục ban,0.9575
vn,luc bi,lực bị,1.0000
vn,luc cho,lực cho,0.9655
vn,luc chung,lực chứng,1.0000
vn,luc chuyen,lực chuyên,1.0000
vn,luc con,lực còn,0.9000
vn,luc cong,lực công,0.9753
vn,luc dap,lực đáp,1.0000
vn,luc den,lực đến,1.0000
vn,luc dinh,lục đính,1.0000
vn,luc doi,lực đối,0.9825
vn,luc duoc,lực được,0.9459
vn,luc giay,lực giấy,1.0000
vn,luc ha,lực hạ,1.0000
vn,luc hanh,lực hành,1.0000
vn,luc hien,lực hiện,1.0000
vn,luc hieu,lực hiệu,0.9697
vn,luc hieuluc,lực hieuluc,1.0000
vn,luc hoac,lực hoặc,0.9737
vn,luc hoat,lực hoạt,1.0000
vn,luc hop,lục hợp,0.9689
vn,luc i,lục i,0.9946
vn,luc ii,lục ii,0.9975
vn,luc iii,lục iii,1.0000
vn,luc iv,lục iv,1.0000
vn,luc ix,lục ix,1.0000
vn,luc ke,lực kể,0.9970
vn,luc kem,lục kèm,0.9948
vn,luc khac,lực khác,1.0000
vn,luc khai,lục khai,1.0000
vn,luc khi,lực khi,1.0000
vn,luc khoa,lực khoa,1.0000
vn,luc khong,lực không,0.9091
vn,luc kinh,lực kinh,1.0000
vn,luc luong,lực lượng,1.0000
vn,luc moi,lực mới,1.0000
vn,luc nay,lục này,0.9333
vn,luc ngan,lục ngân,0.9231
vn,luc nghien,lực nghiên,1.0000
vn,luc phap,lực pháp,1.0000
vn,luc phat,lực phát,1.0000
vn,luc phu,lực phù,1.0000
vn,luc phuc,lực phục,1.0000
vn,luc quan,lực quản,0.9130
vn,luc san,lực sản,0.9429
vn,luc sau,lực sau,0.9792
vn,luc so,lục số,0.9250
vn,luc su,lực sử,1.0000
vn,luc theo,lực theo,0.9750
vn,luc thi,lực thi,0.9836
vn,luc thuc,lực thực,0.9667
vn,luc to,lực tổ,1.0000
vn,luc tri,lực trí,1.0000
vn,luc trinh,lực trình,1.0000
vn,luc trong,lực trong,0.9130
vn,luc v,lục v,0.9882
vn,luc va,lực và,0.9864
vn,luc ve,lực về,0.9355
vn,luc viet,lực việt,1.0000
vn,luc vii,lục vii,1.0000
vn,luc viii,lục viii,1.0000
vn,luc xi,lục xi,1.0000
vn,lun dat,lún đất,0.9583
vn,luoc chinh,lược chính,1.0000
vn,luoc do,lược đồ,0.9966
vn,luoc ke,lược kế,1.0000
vn,luoc khoa,lược khoa,1.0000
vn,luoc kinh,lược kinh,1.0000
vn,luoc phat,lược phát,1.0000
vn,luoc quan,lược quản,1.0000
vn,luoc quoc,lược quốc,1.0000
vn,luoc quy,lược quy,1.0000
vn,luoc theo,lược theo,1.0000
vn,luoc va,lược và,1.0000
vn,luoi buu,lưới bưu,1.0000
vn,luoi dien,lưới điện,1.0000
vn,luoi ha,lưới hạ,1.0000
vn,luoi hoat,lưới hoạt,1.0000
vn,luoi nha,lưới nhà,1.0000
vn,luoi thiet,lưới thiết,1.0000
vn,luoi ung,lưới ứng,1.0000
vn,luoi va,lưới và,1.0000
vn,luon co,luôn có,1.0000
vn,luong 239,lượng 239,1.0000
vn,luong an,lượng an,0.9118
vn,luong bien,lượng biên,1.0000
vn,luong cao,lượng cao,0.9851
vn,luong chiem,lượng chiếm,1.0000
vn,luong chuc,lương chức,0.9091
vn,luong cong,lượng công,1.0000
vn,luong cuoc,lượng cuộc,1.0000
vn,luong da,lượng đã,0.9231
vn,luong dat,lượng đất,0.9692
vn,luong den,lượng đến,1.0000
vn,luong dich,lượng dịch,1.0000
vn,luong diem,lượng điểm,1.0000
vn,luong don,lượng đơn,0.9167
vn,luong gia,lượng giá,1.0000
vn,luong giang,lượng giảng,0.9000
vn,luong han,lượng hạn,1.0000
vn,luong hieu,lượng hiệu,1.0000
vn,luong hinh,lượng hình,1.0000
vn,luong ho,lượng hồ,1.0000
vn,luong hoan,lượng hoàn,1.0000
vn,luong hoat,lượng hoạt,0.9474
vn,luong huu,lương hưu,1.0000
vn,luong ip,luồng ip,0.9730
vn,luong khach,lượng khách,1.0000
vn,luong khai,lượng khai,1.0000
vn,luong khoang,lượng khoáng,1.0000
vn,luong khoi,lượng khối,0.9925
vn,luong khong,lượng không,1.0000
vn,luong lam,lương làm,0.9091
vn,luong lon,lượng lớn,1.0000
vn,luong mang,lượng mạng,1.0000
vn,luong mau,lượng mẫu,1.0000
vn,luong may,lượng máy,1.0000
vn,luong nguoi,lượng người,0.9649
vn,luong nguon,lượng nguồn,1.0000
vn,luong nguyen,lượng nguyên,0.9915
vn,luong nho,lượng nhỏ,1.0000
vn,luong nong,lượng nông,1.0000
vn,luong nuoc,lượng nước,1.0000
vn,luong phat,lượng phát,1.0000
vn,luong phuong,lượng phương,0.9615
vn,luong quoc,lượng quốc,0.9820
vn,luong rieng,lượng riêng,1.0000
vn,luong rui,lường rủi,1.0000
vn,luong san,lượng sản,0.9917
vn,luong sim,lượng sim,1.0000
vn,luong so,lượng số,0.9223
vn,luong thanh,lượng thành,0.9024
vn,luong thoi,lượng thời,1.0000
vn,luong thuoc,lượng thuộc,1.0000
vn,luong tiet,lượng tiết,1.0000
vn,luong tieu,lượng tiêu,1.0000
vn,luong to,lượng tổ,0.9231
vn,luong toan,lượng toàn,1.0000
vn,luong tren,lượng trên,1.0000
vn,luong vang,lượng vàng,1.0000
vn,luong vu,lượng vũ,0.9589
vn,luong xa,lượng xả,1.0000
vn,luong xac,lượng xác,0.9000
vn,luong xe,lượng xe,1.0000
vn,luong xuat,lượng xuất,1.0000
vn,luong yeu,lượng yêu,1.0000
vn,luru chuc,luru chức,1.0000
vn,luu ban,lưu bản,1.0000
vn,luu chuc,luu chức,1.0000
vn,luu dong,lưu động,1.0000
vn,luu giu,lưu giữ,1.0000
vn,luu hanh,lưu hành,0.9919
vn,luu ho,lưu hồ,1.0000
vn,luu khoa,lưu khóa,0.9739
vn,luu ky,lưu ký,1.0000
vn,luu lai,lưu lại,1.0000
vn,luu luong,lưu lượng,0.9858
vn,luu nhnn,lưu nhnn,1.0000
vn,luu niem,lưu niệm,1.0000
vn,luu phuc,lưu phục,1.0000
vn,luu tai,lưu tại,0.9664
vn,luu thong,lưu thông,1.0000
vn,luu thu,luu thủ,0.9694
vn,luu toi,lưu tối,1.0000
vn,luu trong,lưu trong,1.0000
vn,luu tru,lưu trữ,0.9571
vn,luu trutheo,lưu trữtheo,1.0000
vn,luu va,lưu và,1.0000
vn,luu vao,lưu vào,1.0000
vn,luu vet,lưu vết,1.0000
vn,luu vp,lưu vp,0.9401
vn,luu y,lưu ý,1.0000
vn,luy ke,lũy kế,1.0000
vn,luyen an,luyện an,1.0000
vn,luyen dien,luyện diễn,1.0000
vn,luyen hang,luyện hạng,1.0000
vn,luyen kiem,luyện kiểm,1.0000
vn,luyen kim,luyện kim,1.0000
vn,luyen nghiep,luyện nghiệp,1.0000
vn,luyen quy,luyện quy,1.0000
vn,luyen tap,luyện tập,1.0000
vn,luyen tien,luyện tiến,1.0000
vn,luyen va,luyện và,1.0000
vn,ly 01,lý 01,1.0000
vn,ly 1,lý 1,1.0000
vn,ly 2,lý 2,1.0000
vn,ly 3,lý 3,0.9797
vn,ly 4,lý 4,0.9916
vn,ly 5,lý 5,0.9722
vn,ly 6,lý 6,1.0000
vn,ly 7,lý 7,1.0000
vn,ly a,lý a,1.0000
vn,ly an,lý an,0.9216
vn,ly b,lý b,1.0000
vn,ly bang,lý bằng,0.9318
vn,ly bay,lý bay,1.0000
vn,ly ben,lý bên,0.9000
vn,ly bo,lý bộ,0.9184
vn,ly bu,lý bù,1.0000
vn,ly buu,lý bưu,1.0000
vn,ly c,lý c,1.0000
vn,ly ca,lý cá,0.9615
vn,ly cac,lý các,1.0000
vn,ly cao,lý cao,1.0000
vn,ly cap,lý cấp,0.9661
vn,ly cau,lý cấu,0.9474
vn,ly chinh,lý chính,1.0000
vn,ly cho,lý cho,0.9851
vn,ly chuong,lý chương,1.0000
vn,ly cites,lý cites,1.0000
vn,ly cua,lý của,0.9994
vn,ly cung,lý cung,0.9545
vn,ly dac,lý đặc,1.0000
vn,ly dai,lý đại,1.0000
vn,ly dam,lý đảm,1.0000
vn,ly dat,lý đất,0.9330
vn,ly dau,lý đầu,1.0000
vn,ly dich,lý dịch,1.0000
vn,ly dieu,lý điều,1.0000
vn,ly dinh,lý định,1.0000
vn,ly do,lý do,0.9712
vn,ly doanh,lý doanh,1.0000
vn,ly don,lý đơn,1.0000
vn,ly dung,lý đúng,0.9286
vn,ly duoc,lý được,1.0000
vn,ly duong,lý đường,1.0000
vn,ly duy,lý duy,1.0000
vn,ly e,lý e,1.0000
vn,ly g,lý g,1.0000
vn,ly gan,ly gần,1.0000
vn,ly gia,lý giá,0.9444
vn,ly giai,lý giải,1.0000
vn,ly giam,lý giám,0.9744
vn,ly giay,lý giấy,1.0000
vn,ly giua,lý giữa,1.0000
vn,ly gom,lý gồm,0.9167
vn,ly gui,lý gửi,1.0000
vn,ly h,lý h,1.0000
vn,ly hach,lý hạch,1.0000
vn,ly han,lý hạn,1.0000
vn,ly hang,lý hàng,0.9600
vn,ly hanh,lý hành,0.9967
vn,ly hau,lý hậu,1.0000
vn,ly he,lý hệ,1.0000
vn,ly hinh,lý hình,1.0000
vn,ly hoa,lý hóa,0.9167
vn,ly hoac,lý hoặc,1.0000
vn,ly hoan,lý hoàn,0.9818
vn,ly hoat,lý hoạt,1.0000
vn,ly hop,lý hợp,1.0000
vn,ly huy,lý hủy,1.0000
vn,ly i,lý i,1.0000
vn,ly internet,lý internet,1.0000
vn,ly ke,lý kế,0.9412
vn,ly ket,lý kết,1.0000
vn,ly khai,lý khai,0.9975
vn,ly khan,lý khẩn,1.0000
vn,ly khi,lý khi,1.0000
vn,ly khieu,lý khiếu,1.0000
vn,ly khoan,lý khoản,1.0000
vn,ly khoang,lý khoáng,1.0000
vn,ly khong,lý không,1.0000
vn,ly khu,lý khu,0.9906
vn,ly kiem,lý kiểm,1.0000
vn,ly kien,lý kiến,1.0000
vn,ly kinh,lý kinh,1.0000
vn,ly kip,lý kịp,1.0000
vn,ly la,lý là,1.0000
vn,ly lam,lý làm,0.9444
vn,ly lao,lý lao,1.0000
vn,ly lap,lý lập,1.0000
vn,ly lenh,lý lệnh,1.0000
vn,ly lich,lý lịch,1.0000
vn,ly lien,lý liên,1.0000
vn,ly lo,lý lỗ,1.0000
vn,ly luan,lý luận,1.0000
vn,ly luu,lý lưu,1.0000
vn,ly ly,lý lý,1.0000
vn,ly mat,lý mật,1.0000
vn,ly may,lý máy,1.0000
vn,ly mot,lý một,1.0000
vn,ly nen,lý nền,1.0000
vn,ly neu,lý nếu,0.9286
vn,ly nganh,lý ngành,1.0000
vn,ly nghiem,lý nghiêm,1.0000
vn,ly nghiep,lý nghiệp,1.0000
vn,ly ngoai,lý ngoại,0.9814
vn,ly nguoi,lý người,0.9901
vn,ly nguon,lý nguồn,1.0000
vn,ly nha,lý nhà,1.0000
vn,ly nham,lý nhằm,1.0000
vn,ly nhanh,lý nhanh,1.0000
vn,ly nhiem,lý nhiệm,1.0000
vn,ly nhu,lý như,0.9885
vn,ly nhuong,lý nhượng,1.0000
vn,ly no,lý nợ,1.0000
vn,ly noi,lý nội,0.9412
vn,ly nop,lý nộp,1.0000
vn,ly nuoc,lý nước,1.0000
vn,ly phai,lý phải,1.0000
vn,ly phat,lý phát,1.0000
vn,ly phu,lý phù,0.9487
vn,ly phuc,lý phục,1.0000
vn,ly phuong,lý phương,1.0000
vn,ly quan,lý quản,0.9062
vn,ly quoc,lý quốc,1.0000
vn,ly quyen,lý quyền,1.0000
vn,ly quyet,lý quyết,1.0000
vn,ly rui,lý rủi,1.0000
vn,ly s,lý s,1.0000
vn,ly sai,lý sai,1.0000
vn,ly sang,lý sang,0.9259
vn,ly sau,lý sau,1.0000
vn,ly su,lý sử,0.9734
vn,ly tai,lý tài,0.9913
vn,ly tam,lý tạm,0.9362
vn,ly tap,lý tập,1.0000
vn,ly tau,lý tàu,1.0000
vn,ly ten,lý tên,1.0000
vn,ly tep,lý tệp,1.0000
vn,ly thanh,lý thanh,0.9668
vn,ly thay,lý thay,1.0000
vn,ly the,lý thẻ,0.9861
vn,ly theo,lý theo,1.0000
vn,ly thiet,lý thiết,1.0000
vn,ly thoi,lý thời,1.0000
vn,ly thuc,lý thực,0.9725
vn,ly thuoc,lý thuộc,1.0000
vn,ly tien,lý tiền,0.9921
vn,ly tiep,lý tiếp,1.0000
vn,ly tieu,lý tiêu,1.0000
vn,ly to,lý tổ,0.9302
vn,ly toan,lý toàn,1.0000
vn,ly tong,lý tổng,1.0000
vn,ly tot,lý tốt,1.0000
vn,ly trach,lý trách,1.0000
vn,ly tranh,lý tranh,0.9500
vn,ly trao,lý trao,1.0000
vn,ly tren,lý trên,1.0000
vn,ly trong,lý trong,1.0000
vn,ly truc,lý trực,1.0000
vn,ly trung,lý trung,1.0000
vn,ly truoc,lý trước,1.0000
vn,ly truong,lý trường,1.0000
vn,ly truy,lý truy,1.0000
vn,ly truyen,lý truyền,1.0000
vn,ly ttg,lý ttg,1.0000
vn,ly tuong,lý tương,1.0000
vn,ly tuyen,lý tuyên,0.9474
vn,ly ung,lý ứng,1.0000
vn,ly uy,lý ủy,0.9912
vn,ly va,lý và,0.9991
vn,ly vao,lý vào,1.0000
vn,ly vat,lý vật,1.0000
vn,ly ve,lý về,1.0000
vn,ly vi,lý vi,0.9933
vn,ly viec,lý việc,1.0000
vn,ly von,lý vốn,1.0000
vn,ly vu,lý vụ,0.9545
vn,ly vuong,lý vướng,1.0000
vn,ly xac,lý xác,1.0000
vn,ly xe,lý xe,1.0000
vn,ly xem,lý xem,1.0000
vn,ly xong,lý xong,1.0000
vn,ly xu,lý xử,1.0000
vn,ly xuat,lý xuất,1.0000
vn,ly yeu,lý yêu,1.0000
vn,m cap,m cấp,1.0000
vn,m cua,m của,1.0000
vn,m den,m đến,1.0000
vn,m dieu,m điều,1.0000
vn,m khoan,m khoản,1.0000
vn,m khong,m không,1.0000
vn,m la,m là,1.0000
vn,m tro,m trở,1.0000
vn,m2 cua,m2 của,1.0000
vn,m2 doi,m2 đối,1.0000
vn,m2 duoc,m2 được,1.0000
vn,m2 hien,m2 hiện,1.0000
vn,m3 cu,m3 cụ,1.0000
vn,m3 den,m3 đến,1.0000
vn,m3 giay,m3 giây,1.0000
vn,m3 ngay,m3 ngày,1.0000
vn,m3 tro,m3 trở,1.0000
vn,ma 1,mã 1,1.0000
vn,ma 2,mã 2,0.9737
vn,ma 2028,mã 2028,1.0000
vn,ma aes,mã aes,1.0000
vn,ma ap,mã áp,1.0000
vn,ma bam,mã băm,1.0000
vn,ma ben,mà bên,0.9900
vn,ma benh,mã bệnh,1.0000
vn,ma bi,mà bị,0.9524
vn,ma bin,mã bin,1.0000
vn,ma cap,mã cấp,1.0000
vn,ma chua,mà chưa,0.9966
vn,ma con,mà còn,1.0000
vn,ma cua,mã của,1.0000
vn,ma dan,mã dân,1.0000
vn,ma danh,mã danh,1.0000
vn,ma de,mã để,0.9714
vn,ma den,mà đến,0.9600
vn,ma dich,mã dịch,0.9677
vn,ma diem,mã điểm,1.0000
vn,ma dinh,mã định,0.9700
vn,ma doc,mã độc,0.9944
vn,ma doi,mã đối,0.9006
vn,ma dong,mã dòng,0.9231
vn,ma dua,mã dựa,0.9231
vn,ma gay,mà gây,1.0000
vn,ma giao,mã giao,1.0000
vn,ma hanh,mà hành,1.0000
vn,ma he,mà hệ,0.9000
vn,ma hieu,mã hiệu,1.0000
vn,ma hoa,mã hóa,0.9188
vn,ma hop,mà hợp,0.9167
vn,ma hs,mã hs,0.9545
vn,ma khach,mà khách,0.9429
vn,ma khi,mà khi,0.9630
vn,ma khoanh,mã khoanh,1.0000
vn,ma khoi,mã khối,1.0000
vn,ma khong,mà không,0.9738
vn,ma kich,mã kích,1.0000
vn,ma la,mã là,0.9412
vn,ma lam,mà làm,0.9000
vn,ma ma,mã mã,0.9000
vn,ma mang,mã mạng,1.0000
vn,ma minh,mà mình,1.0000
vn,ma mot,mà một,1.0000
vn,ma muc,mã mục,0.9608
vn,ma ngach,mã ngạch,1.0000
vn,ma ngoai,mà ngoại,1.0000
vn,ma nguoi,mà người,0.9825
vn,ma nguon,mã nguồn,0.9011
vn,ma nha,mà nhà,0.9560
vn,ma nhan,mã nhận,0.9667
vn,ma nhu,mã như,1.0000
vn,ma nuoc,mà nước,0.9200
vn,ma otp,mã otp,1.0000
vn,ma phai,mà phải,0.9844
vn,ma phap,mà pháp,0.9259
vn,ma phat,mà phát,1.0000
vn,ma phi,mã phi,0.9459
vn,ma pin,mã pin,1.0000
vn,ma qr,mã qr,1.0000
vn,ma so,mã số,0.9831
vn,ma su,mã sử,0.9434
vn,ma tcvn,mã tcvn,1.0000
vn,ma thuc,mà thực,0.9231
vn,ma thue,mà thuê,1.0000
vn,ma tin,mã tín,0.9474
vn,ma tran,ma trận,1.0000
vn,ma truy,mã truy,0.9000
vn,ma tthc,mã tthc,1.0000
vn,ma tuong,mã tương,0.9583
vn,ma va,mã và,1.0000
vn,ma vach,mã vạch,0.9565
vn,ma van,mà vẫn,0.9459
vn,ma viec,mà việc,0.9655
vn,ma viet,mà việt,0.9655
vn,ma vung,mã vùng,1.0000
vn,ma xet,mà xét,0.9000
vn,ma y,mã ý,0.9950
vn,mac benh,mắc bệnh,1.0000
vn,mac cac,mắc các,1.0000
vn,mac cong,mắc công,1.0000
vn,mac cua,mắc của,1.0000
vn,mac de,mắc đề,0.9831
vn,mac dinh,mặc định,1.0000
vn,mac du,mặc dù,1.0000
vn,mac hoa,mạc hóa,1.0000
vn,mac khieu,mắc khiếu,1.0000
vn,mac no,mắc nợ,1.0000
vn,mac phat,mắc phát,1.0000
vn,mac trong,mắc trong,0.9565
vn,mac va,mắc và,1.0000
vn,mac ve,mắc về,1.0000
vn,mach tai,mạch tài,1.0000
vn,mach the,mạch thẻ,1.0000
vn,mach tich,mạch tích,1.0000
vn,mach va,mạch và,1.0000
vn,madvhchuyen chuoi,madvhchuyen chuỗi,1.0000
vn,madvhctinh chuoi,madvhctinh chuỗi,1.0000
vn,madvhcxa chuoi,madvhcxa chuỗi,1.0000
vn,mai 1,mại 1,0.9167
vn,mai 100,mại 100,1.0000
vn,mai 2,mại 2,1.0000
vn,mai 3,mại 3,1.0000
vn,mai a,mại a,1.0000
vn,mai b,mại b,1.0000
vn,mai chi,mại chi,0.9901
vn,mai cophan,mại cổphần,1.0000
vn,mai cua,mại của,0.9730
vn,mai da,mại đã,1.0000
vn,mai dich,mại dịch,1.0000
vn,mai dien,mại điện,1.0000
vn,mai doi,mại đối,1.0000
vn,mai duoc,mại được,1.0000
vn,mai hang,mại hàng,1.0000
vn,mai hoa,mại hóa,0.9740
vn,mai hoac,mại hoặc,1.0000
vn,mai khong,mại không,1.0000
vn,mai lien,mại liên,1.0000
vn,mai ngan,mại ngân,1.0000
vn,mai nha,mại nhà,0.9000
vn,mai phai,mại phải,1.0000
vn,mai pham,mại phạm,1.0000
vn,mai quoc,mại quốc,0.9524
vn,mai quy,mại quy,0.9333
vn,mai san,mại sản,1.0000
vn,mai tang,mai táng,0.9861
vn,mai thanh,mại thành,0.9691
vn,mai theo,mại theo,1.0000
vn,mai thuc,mại thực,1.0000
vn,mai to,mại tổ,1.0000
vn,mai trong,mại trong,1.0000
vn,mai truc,mại trực,1.0000
vn,mai va,mại và,1.0000
vn,mai viet,mại việt,1.0000
vn,mam non,mầm non,1.0000
vn,man hinh,màn hình,1.0000
vn,man hoa,mặn hóa,1.0000
vn,man nha,màn nhà,1.0000
vn,man nhan,mẫn nhận,1.0000
vn,mang 1,mạng 1,0.9945
vn,mang 2,mạng 2,1.0000
vn,mang 3,mạng 3,1.0000
vn,mang 4,mạng 4,1.0000
vn,mang 5,mạng 5,1.0000
vn,mang 6,mạng 6,1.0000
vn,mang 7,mạng 7,1.0000
vn,mang a,mạng a,1.0000
vn,mang an,mạng an,1.0000
vn,mang b,mạng b,1.0000
vn,mang bang,mạng bằng,1.0000
vn,mang ben,mạng bên,1.0000
vn,mang buu,mạng bưu,1.0000
vn,mang c,mạng c,1.0000
vn,mang cac,mạng các,1.0000
vn,mang chiu,mạng chịu,0.9231
vn,mang cho,mạng cho,1.0000
vn,mang chuyen,mạng chuyên,0.9296
vn,mang co,mạng có,0.9065
vn,mang cong,mạng công,0.9730
vn,mang cu,mạng cụ,1.0000
vn,mang cua,mạng của,1.0000
vn,mang dai,mạng đài,0.9000
vn,mang de,mạng để,0.9492
vn,mang di,mạng di,0.9000
vn,mang dich,mạng dịch,1.0000
vn,mang do,mạng do,0.9643
vn,mang doanh,mạng doanh,1.0000
vn,mang doi,mạng đối,1.0000
vn,mang dot,mạng đột,1.0000
vn,mang duoc,mạng được,1.0000
vn,mang e,mạng e,1.0000
vn,mang g,mạng g,1.0000
vn,mang gay,mạng gây,1.0000
vn,mang giay,mạng giấy,0.9286
vn,mang gom,mạng gồm,0.9655
vn,mang hoac,mạng hoặc,0.9348
vn,mang internet,mạng internet,1.0000
vn,mang ip,mạng ip,1.0000
vn,mang ket,mạng kết,1.0000
vn,mang khac,mạng khác,0.9444
vn,mang khi,mạng khi,1.0000
vn,mang khong,mạng không,1.0000
vn,mang la,mạng là,0.9474
vn,mang lai,mang lại,1.0000
vn,mang loai,mạng loại,0.9750
vn,mang luoi,mạng lưới,1.0000
vn,mang may,mạng máy,1.0000
vn,mang nghiem,mạng nghiêm,1.0000
vn,mang nham,mạng nhằm,1.0000
vn,mang nhap,mạng nhập,1.0000
vn,mang nhien,măng nhiên,1.0000
vn,mang noi,mạng nội,0.9432
vn,mang phai,mạng phải,1.0000
vn,mang phat,mạng phạt,0.9216
vn,mang phong,mạng phòng,1.0000
vn,mang phuc,mạng phục,1.0000
vn,mang quoc,mạng quốc,0.9297
vn,mang quy,mạng quy,0.9375
vn,mang rieng,mạng riêng,1.0000
vn,mang san,măng sản,0.9375
vn,mang sau,mạng sau,1.0000
vn,mang suc,mạng sức,1.0000
vn,mang tai,mạng tại,0.9344
vn,mang tam,măng tam,0.9375
vn,mang thiet,mạng thiết,1.0000
vn,mang thong,mạng thông,0.9767
vn,mang thuc,mạng thực,1.0000
vn,mang thuoc,mạng thuộc,1.0000
vn,mang tinh,mang tính,0.9483
vn,mang to,mạng tổ,1.0000
vn,mang tren,mạng trên,0.9259
vn,mang tru,mạng trừ,1.0000
vn,mang truoc,mạng trước,1.0000
vn,mang truyen,mạng truyền,1.0000
vn,mang tslcd,mạng tslcd,1.0000
vn,mang tu,mạng từ,0.9394
vn,mang ung,mạng ứng,1.0000
vn,mang va,mạng và,0.9880
vn,mang vien,mạng viễn,0.9989
vn,mang voi,mạng với,0.9167
vn,mang vuot,mạng vượt,0.9655
vn,mang xa,mạng xã,1.0000
vn,mang xam,mạng xâm,1.0000
vn,manh ban,mảnh bản,1.0000
vn,manh huan,mạnh huân,1.0000
vn,manh hung,mạnh hùng,1.0000
vn,manh neu,mạnh nêu,1.0000
vn,manh tap,mạnh tập,1.0000
vn,manh tich,mạnh tích,1.0000
vn,manh trich,mảnh trích,1.0000
vn,manh vun,mảnh vụn,1.0000
vn,manhoa chuoi,manhoa chuỗi,1.0000
vn,mao cac,mạo các,1.0000
vn,mao danh,mạo danh,1.0000
vn,mao de,mạo để,1.0000
vn,mao hiem,mạo hiểm,1.0000
vn,mao ho,mạo hồ,1.0000
vn,mao thong,mạo thông,1.0000
vn,mao va,mạo và,1.0000
vn,mat bang,mặt bằng,0.9810
vn,mat bi,mất bị,0.9510
vn,mat ca,mật cá,1.0000
vn,mat cac,mật các,0.9273
vn,mat cao,mật cao,1.0000
vn,mat cat,mặt cắt,0.9671
vn,mat cntt,mật cntt,1.0000
vn,mat cong,mật công,0.9355
vn,mat dap,mật đáp,0.9000
vn,mat dat,mặt đất,0.9842
vn,mat dong,mặt đồng,0.9250
vn,mat gia,mật gia,0.9167
vn,mat hang,mặt hàng,0.9926
vn,mat he,mật hệ,0.9787
vn,mat hoat,mật hoạt,0.9375
vn,mat ii,mặt ii,0.9048
vn,mat kha,mất khả,1.0000
vn,mat khach,mặt khách,1.0000
vn,mat khau,mật khẩu,1.0000
vn,mat kim,mặt kim,1.0000
vn,mat kinh,mật kinh,0.9875
vn,mat ky,mặt kỹ,0.9831
vn,mat luong,mật luồng,0.9722
vn,mat luu,mật lưu,1.0000
vn,mat ma,mật mã,0.9938
vn,mat mo,mặt mở,1.0000
vn,mat nang,mất năng,1.0000
vn,mat nha,mật nhà,0.9976
vn,mat nuoc,mặt nước,1.0000
vn,mat phan,mật phần,0.9333
vn,mat qua,mặt qua,0.9500
vn,mat quoc,mật quốc,0.9091
vn,mat quyen,mất quyền,0.9545
vn,mat suc,mất sức,0.9091
vn,mat thi,mặt thì,0.9577
vn,mat thiet,mật thiết,1.0000
vn,mat thong,mật thông,0.9799
vn,mat tich,mất tích,0.9861
vn,mat toan,mật toàn,1.0000
vn,mat tran,mặt trận,1.0000
vn,mat truc,mặt trực,1.0000
vn,mat truoc,mặt trước,0.9091
vn,mat tuong,mật tương,1.0000
vn,mat vuot,mặt vượt,1.0000
vn,mau 1,mẫu 1,1.0000
vn,mau ai05a,mẫu ai05a,1.0000
vn,mau bang,mẫu bảng,0.9643
vn,mau bao,mẫu báo,0.9644
vn,mau bieu,mẫu biểu,1.0000
vn,mau cc01,mẫu cc01,1.0000
vn,mau chap,mẫu chấp,1.0000
vn,mau con,mẫu con,1.0000
vn,mau cong,mẫu công,0.9167
vn,mau cua,mẫu của,0.9167
vn,mau dai,mẫu đại,0.9231
vn,mau dat,mẫu đất,0.9412
vn,mau dau,mẫu dấu,1.0000
vn,mau den,màu đen,0.9474
vn,mau denghicong,mẫu đềnghịcông,1.0000
vn,mau denghixet,mẫu đềnghịxét,1.0000
vn,mau dia,mẫu địa,1.0000
vn,mau dien,mẫu điện,1.0000
vn,mau dieu,mẫu điều,1.0000
vn,mau don,mẫu đơn,1.0000
vn,mau duoc,mẫu được,0.9167
vn,mau eav,mẫu eav,1.0000
vn,mau giay,mẫu giấy,1.0000
vn,mau ho,mẫu hồ,1.0000
vn,mau hop,mẫu hợp,1.0000
vn,mau huong,mẫu hướng,1.0000
vn,mau kem,mẫu kèm,1.0000
vn,mau ma,mẫu mã,1.0000
vn,mau may,màu máy,1.0000
vn,mau muc,mẫu mực,0.9474
vn,mau nen,màu nền,1.0000
vn,mau nhu,mẫu như,1.0000
vn,mau phieu,mẫu phiếu,1.0000
vn,mau quy,mẫu quy,1.0000
vn,mau rgb,màu rgb,1.0000
vn,mau sac,màu sắc,0.9091
vn,mau sau,mẫu sau,1.0000
vn,mau so,mẫu số,0.9949
vn,mau so01,mẫu số01,1.0000
vn,mau so02,mẫu số02,1.0000
vn,mau so03,mẫu số03,1.0000
vn,mau so04,mẫu số04,1.0000
vn,mau so05,mẫu số05,1.0000
vn,mau so06,mẫu số06,1.0000
vn,mau so08,mẫu số08,1.0000
vn,mau so09,mẫu số09,1.0000
vn,mau so10,mẫu số10,1.0000
vn,mau so11,mẫu số11,1.0000
vn,mau so12,mẫu số12,1.0000
vn,mau so13,mẫu số13,1.0000
vn,mau su,mẫu sử,1.0000
vn,mau the,mẫu thẻ,1.0000
vn,mau thiet,mẫu thiết,0.9286
vn,mau thuan,mâu thuẫn,1.0000
vn,mau tien,mẫu tiền,1.0000
vn,mau to,mẫu tờ,0.9559
vn,mau tokhai,mẫu tờkhai,1.0000
vn,mau tom,mẫu tóm,1.0000
vn,mau totrinh,mẫu tờtrình,1.0000
vn,mau tp,mẫu tp,1.0000
vn,mau trong,mẫu trong,1.0000
vn,mau va,mẫu và,0.9706
vn,mau van,mẫu văn,0.9444
vn,mau vat,mẫu vật,1.0000
vn,mau vien,màu viền,1.0000
vn,mau xac,mẫu xác,1.0000
vn,mau xam,màu xám,1.0000
vn,mau xe,mẫu xe,1.0000
vn,mavungktxh chuoi,mavungktxh chuỗi,1.0000
vn,may 2,mây 2,0.9444
vn,may ban,máy bán,0.9600
vn,may bay,máy bay,1.0000
vn,may chi,máy chi,0.9444
vn,may chinh,máy chính,1.0000
vn,may chu,máy chủ,1.0000
vn,may chuyen,máy chuyên,1.0000
vn,may cua,máy của,0.9167
vn,may dien,máy điện,0.9981
vn,may dieu,máy điều,1.0000
vn,may gia,máy gia,1.0000
vn,may giao,máy giao,1.0000
vn,may giup,máy giúp,1.0000
vn,may in,máy in,1.0000
vn,may keo,máy kéo,1.0000
vn,may loai,máy loại,1.0000
vn,may moc,máy móc,1.0000
vn,may phat,máy phát,1.0000
vn,may photocopy,máy photocopy,1.0000
vn,may pos,máy pos,1.0000
vn,may quan,máy quản,1.0000
vn,may rut,máy rút,1.0000
vn,may super,máy super,1.0000
vn,may theo,máy theo,0.9167
vn,may thiet,máy thiết,0.9512
vn,may thu,máy thu,1.0000
vn,may tinh,máy tính,1.0000
vn,may tram,máy trạm,1.0000
vn,may tro,máy trò,0.9928
vn,may tu,máy từ,1.0000
vn,may vi,máy vi,0.9091
vn,may xi,máy xi,1.0000
vn,may xu,máy xử,1.0000
vn,mcdt cap,mcđt cấp,1.0000
vn,me co,mẹ có,1.0000
vn,me cong,mẹ công,0.9259
vn,me cua,mẹ của,1.0000
vn,me de,mẹ đẻ,0.9667
vn,me hoac,mẹ hoặc,1.0000
vn,me la,mẹ là,1.0000
vn,me ngan,mẹ ngân,1.0000
vn,me nguoi,mẹ người,1.0000
vn,me nuoi,mẹ nuôi,1.0000
vn,me pvn,mẹ pvn,1.0000
vn,me tin,mê tín,1.0000
vn,me trong,mẹ trong,1.0000
vn,me vo,mẹ vợ,1.0000
vn,mem cai,mềm cài,0.9286
vn,mem cong,mềm công,1.0000
vn,mem cua,mềm của,1.0000
vn,mem dam,mềm đảm,1.0000
vn,mem dang,mềm đăng,1.0000
vn,mem de,mềm để,1.0000
vn,mem dich,mềm dịch,1.0000
vn,mem doc,mềm độc,1.0000
vn,mem du,mềm dữ,1.0000
vn,mem duoc,mềm được,1.0000
vn,mem he,mềm hệ,1.0000
vn,mem hoac,mềm hoặc,1.0000
vn,mem kiem,mềm kiểm,1.0000
vn,mem ky,mềm ký,0.9730
vn,mem la,mềm là,0.9091
vn,mem may,mềm máy,1.0000
vn,mem nghiep,mềm nghiệp,1.0000
vn,mem noi,mềm nội,1.0000
vn,mem phai,mềm phải,1.0000
vn,mem phan,mềm phần,1.0000
vn,mem phong,mềm phòng,1.0000
vn,mem phuc,mềm phục,1.0000
vn,mem quan,mềm quản,1.0000
vn,mem soft,mềm soft,1.0000
vn,mem thong,mềm thông,0.9091
vn,mem tien,mềm tiện,1.0000
vn,mem tin,mềm tin,1.0000
vn,mem trang,mềm trang,1.0000
vn,mem ung,mềm ứng,1.0000
vn,mem va,mềm và,1.0000
vn,menh gia,mệnh giá,1.0000
vn,met m,mét m,1.0000
vn,mhz co,mhz có,1.0000
vn,mhz den,mhz đến,0.9412
vn,mhz thiet,mhz thiết,1.0000
vn,mhz va,mhz và,1.0000
vn,mien bac,miền bắc,1.0000
vn,mien cap,miền cấp,1.0000
vn,mien chap,miễn chấp,0.9444
vn,mien dung,miền dùng,0.9000
vn,mien duoc,miền được,1.0000
vn,mien giam,miễn giảm,1.0000
vn,mien giay,miễn giấy,1.0000
vn,mien nam,miền nam,1.0000
vn,mien nhiem,miễn nhiệm,1.0000
vn,mien nop,miễn nộp,1.0000
vn,mien nui,miền núi,1.0000
vn,mien phi,miễn phí,1.0000
vn,mien quoc,miền quốc,1.0000
vn,mien thi,miễn thị,1.0000
vn,mien thue,miễn thuế,1.0000
vn,mien tien,miễn tiền,1.0000
vn,mien tru,miễn trừ,1.0000
vn,mien va,miền và,1.0000
vn,mien vn,miền vn,1.0000
vn,mieng trong,miếng trong,1.0000
vn,mieu ta,miêu tả,1.0000
vn,minh bach,minh bạch,1.0000
vn,minh cac,minh các,0.9250
vn,minh chiu,mình chịu,0.9474
vn,minh cong,minh công,0.9231
vn,minh cung,mình cung,0.9494
vn,minh dap,minh đáp,1.0000
vn,minh detang,minh đểtặng,1.0000
vn,minh dh,minh đh,1.0000
vn,minh dieu,minh điều,1.0000
vn,minh gay,mình gây,0.9744
vn,minh giai,minh giải,1.0000
vn,minh gui,mình gửi,1.0000
vn,minh huan,minh huân,1.0000
vn,minh ket,minh kết,0.9167
vn,minh kha,minh khả,1.0000
vn,minh khach,minh khách,1.0000
vn,minh khi,mình khi,0.9167
vn,minh lai,minh lại,1.0000
vn,minh lan,minh lần,1.0000
vn,minh ly,minh lý,1.0000
vn,minh man,minh mẫn,1.0000
vn,minh nang,minh năng,1.0000
vn,minh nguon,minh nguồn,1.0000
vn,minh nhan,minh nhân,0.9775
vn,minh nhiem,minh nhiệm,1.0000
vn,minh phoi,mình phối,1.0000
vn,minh phuong,minh phương,1.0000
vn,minh quan,mình quản,0.9722
vn,minh quyen,minh quyền,1.0000
vn,minh quyet,mình quyết,0.9286
vn,minh rang,minh rằng,1.0000
vn,minh ro,minh rõ,1.0000
vn,minh sang,minh sáng,0.9200
vn,minh thong,minh thông,0.9442
vn,minh thuoc,minh thuộc,0.9444
vn,minh tinh,minh tính,0.9524
vn,minh truoc,mình trước,0.9231
vn,minh vao,mình vào,1.0000
vn,mm loai,mm loại,1.0000
vn,mm tro,mm trở,1.0000
vn,mo an,mở an,1.0000
vn,mo bai,mở bãi,1.0000
vn,mo bo,mô bộ,1.0000
vn,mo cu,mỏ cụ,0.9545
vn,mo cuoc,mở cuộc,1.0000
vn,mo dien,mô diện,1.0000
vn,mo dieu,mô điều,1.0000
vn,mo dong,mở đóng,1.0000
vn,mo dun,mô đun,1.0000
vn,mo hinh,mô hình,1.0000
vn,mo hoat,mô hoạt,1.0000
vn,mo khoa,mở khóa,1.0000
vn,mo khoang,mỏ khoáng,1.0000
vn,mo kiem,mở kiểm,1.0000
vn,mo lon,mô lớn,1.0000
vn,mo mat,mỏ mặt,1.0000
vn,mo nho,mô nhỏ,1.0000
vn,mo nuoc,mỏ nước,1.0000
vn,mo on,mô ổn,1.0000
vn,mo open,mở open,1.0000
vn,mo pham,mô phạm,1.0000
vn,mo phien,mở phiên,1.0000
vn,mo rat,mô rất,1.0000
vn,mo rong,mở rộng,0.9968
vn,mo sau,mô sau,1.0000
vn,mo set,mỏ sét,1.0000
vn,mo su,mở sử,0.9100
vn,mo ta,mô tả,0.9919
vn,mo thua,mở thừa,1.0000
vn,mo tinh,mô tính,1.0000
vn,mo trien,mô triển,1.0000
vn,mo ve,mở về,1.0000
vn,mo vi,mở ví,0.9917
vn,mo via,mở vỉa,1.0000
vn,moc bien,mốc biên,1.0000
vn,moc cac,mốc các,1.0000
vn,moc cong,móc công,1.0000
vn,moc gioi,mốc giới,1.0000
vn,moc noi,móc nối,1.0000
vn,moc thiet,móc thiết,1.0000
vn,moc trang,móc trang,1.0000
vn,moi 2,mới 2,0.9091
vn,moi 3,mới 3,1.0000
vn,moi b,mới b,1.0000
vn,moi ben,mỗi bên,0.9000
vn,moi bi,mới bị,1.0000
vn,moi bien,mọi biện,0.9474
vn,moi bndp,mối bnđp,1.0000
vn,moi cac,mới các,1.0000
vn,moi cai,mới cải,1.0000
vn,moi chiu,mối chịu,0.9167
vn,moi cho,mới cho,1.0000
vn,moi chua,mới chưa,1.0000
vn,moi cong,mới công,0.9667
vn,moi dai,mời đại,1.0000
vn,moi den,mới đến,0.9167
vn,moi duoc,mới được,0.9861
vn,moi giay,mới giấy,0.9783
vn,moi gioi,môi giới,1.0000
vn,moi giup,mối giúp,1.0000
vn,moi hang,mới hạng,0.9492
vn,moi hinh,mọi hình,0.9167
vn,moi hoac,mới hoặc,0.9741
vn,moi ke,mới kể,0.9667
vn,moi khi,mới khi,0.9167
vn,moi khong,mới không,1.0000
vn,moi lan,mỗi lần,0.9355
vn,moi ma,mới mà,0.9000
vn,moi mat,mọi mặt,1.0000
vn,moi nam,mỗi năm,0.9844
vn,moi nang,mới nâng,1.0000
vn,moi neu,mới nếu,1.0000
vn,moi ngay,mỗi ngày,1.0000
vn,moi nhat,mới nhất,1.0000
vn,moi phai,mới phải,1.0000
vn,moi phat,mới phát,1.0000
vn,moi phoi,mối phối,0.9655
vn,moi phu,mối phụ,0.9672
vn,moi san,mới sản,0.9091
vn,moi sang,mới sáng,1.0000
vn,moi tau,mới tàu,1.0000
vn,moi tham,mời tham,0.9250
vn,moi thang,mỗi tháng,1.0000
vn,moi thau,mời thầu,1.0000
vn,moi theo,mới theo,0.9412
vn,moi thi,mới thì,0.9500
vn,moi thich,mới thích,1.0000
vn,moi tren,mới trên,1.0000
vn,moi trong,mới trong,0.9831
vn,moi truong,môi trường,0.9858
vn,moi xem,mới xem,1.0000
vn,mon chi,môn chi,1.0000
vn,mon co,môn có,0.9091
vn,mon khac,môn khác,1.0000
vn,mon khau,mòn khấu,0.9333
vn,mon khoa,môn khoa,1.0000
vn,mon ky,môn kỹ,1.0000
vn,mon lien,môn liên,1.0000
vn,mon nghiep,môn nghiệp,1.0000
vn,mon pc,mòn pc,1.0000
vn,mon phu,môn phù,1.0000
vn,mon phuc,môn phục,1.0000
vn,mon tai,mòn tài,0.9780
vn,mon thiet,môn thiết,1.0000
vn,mon thuc,môn thực,1.0000
vn,mon thuoc,môn thuộc,1.0000
vn,mon trong,môn trong,1.0000
vn,mon va,môn và,0.9815
vn,mon ve,môn về,1.0000
vn,mong mat,mống mắt,1.0000
vn,mong muon,mong muốn,1.0000
vn,mot 01,một 01,1.0000
vn,mot bang,một bảng,0.9721
vn,mot ben,một bên,1.0000
vn,mot bo,một bộ,1.0000
vn,mot ca,một cá,1.0000
vn,mot cach,một cách,1.0000
vn,mot chieu,một chiều,1.0000
vn,mot chung,một chứng,1.0000
vn,mot chuoi,một chuỗi,1.0000
vn,mot chuong,một chương,1.0000
vn,mot co,một cơ,0.9444
vn,mot con,một con,1.0000
vn,mot cua,một cửa,0.9569
vn,mot cuoc,một cuộc,1.0000
vn,mot dai,một đại,0.9091
vn,mot dang,một dạng,1.0000
vn,mot day,một dãy,1.0000
vn,mot dia,một địa,1.0000
vn,mot dinh,một định,1.0000
vn,mot doanh,một doanh,1.0000
vn,mot don,một đơn,1.0000
vn,mot du,một dự,1.0000
vn,mot giao,một giao,1.0000
vn,mot giay,một giấy,1.0000
vn,mot hanh,một hành,1.0000
vn,mot hay,một hay,1.0000
vn,mot he,một hệ,1.0000
vn,mot hoac,một hoặc,1.0000
vn,mot huong,một hướng,1.0000
vn,mot khach,một khách,1.0000
vn,mot khoa,một khóa,1.0000
vn,mot khoan,một khoản,1.0000
vn,mot khoang,một khoảng,1.0000
vn,mot khoi,một khối,1.0000
vn,mot lan,một lần,1.0000
vn,mot lanh,một lãnh,1.0000
vn,mot lenh,một lệnh,1.0000
vn,mot loai,một loại,0.9688
vn,mot ma,một mã,0.9600
vn,mot mot,một một,1.0000
vn,mot nam,một năm,1.0000
vn,mot ngan,một ngân,1.0000
vn,mot ngay,một ngày,1.0000
vn,mot nguoi,một người,1.0000
vn,mot nha,một nhà,1.0000
vn,mot nhiem,một nhiệm,1.0000
vn,mot nhom,một nhóm,1.0000
vn,mot noi,một nội,0.9167
vn,mot phan,một phần,0.9929
vn,mot phuong,một phương,0.9167
vn,mot quyet,một quyết,1.0000
vn,mot so,một số,0.9998
vn,mot tai,một tài,1.0000
vn,mot tap,một tập,1.0000
vn,mot thang,một tháng,1.0000
vn,mot thanh,một thành,1.0000
vn,mot thoi,một thời,1.0000
vn,mot thong,một thông,1.0000
vn,mot to,một tổ,0.9231
vn,mot tram,một trăm,0.9286
vn,mot trong,một trong,1.0000
vn,mot tru,một trụ,1.0000
vn,mot ty,một tỷ,1.0000
vn,mua ban,mua bán,0.9973
vn,mua bang,mua bằng,1.0000
vn,mua bao,mua bảo,0.9574
vn,mua cac,mua các,1.0000
vn,mua can,mùa cạn,1.0000
vn,mua co,mua cổ,0.9330
vn,mua da,mua đã,1.0000
vn,mua dau,mua đầu,1.0000
vn,mua dich,mua dịch,1.0000
vn,mua duoc,mua được,1.0000
vn,mua gia,mua giá,1.0000
vn,mua hang,mua hàng,1.0000
vn,mua hoa,mua hóa,1.0000
vn,mua hoac,mua hoặc,1.0000
vn,mua ket,mua kết,1.0000
vn,mua khac,mua khác,1.0000
vn,mua khong,mua không,1.0000
vn,mua lai,mua lại,1.0000
vn,mua luong,mua lương,1.0000
vn,mua may,mua máy,1.0000
vn,mua moi,mua mới,1.0000
vn,mua nam,mua nắm,1.0000
vn,mua nha,mua nhà,1.0000
vn,mua nhan,mua nhận,1.0000
vn,mua nhap,mua nhập,1.0000
vn,mua no,mua nợ,1.0000
vn,mua phan,mua phần,0.9167
vn,mua sam,mua sắm,1.0000
vn,mua tai,mua tài,0.9353
vn,mua thi,mua thì,1.0000
vn,mua thiet,mua thiết,1.0000
vn,mua trai,mua trái,1.0000
vn,mua truc,mua trực,1.0000
vn,mua trung,mua trưng,1.0000
vn,mua va,mua và,1.0000
vn,mua vat,mua vật,1.0000
vn,muc 1,mục 1,0.9660
vn,muc 2,mục 2,0.9671
vn,muc 3,mục 3,0.9310
vn,muc 6,mục 6,1.0000
vn,muc 7,mục 7,0.9091
vn,muc a,mục a,1.0000
vn,muc boi,mức bồi,1.0000
vn,muc btdt,mức btđt,1.0000
vn,muc bu,mức bù,1.0000
vn,muc cac,mục các,0.9901
vn,muc cao,mức cao,1.0000
vn,muc chat,mức chất,0.9444
vn,muc che,mức chế,0.9818
vn,muc chenh,mức chênh,1.0000
vn,muc chi,mức chi,0.9493
vn,muc chuong,mục chương,0.9091
vn,muc cong,mục công,0.9329
vn,muc cua,mục của,0.9365
vn,muc dao,mực đạo,1.0000
vn,muc dat,mức đạt,0.9231
vn,muc dau,mức đầu,0.9490
vn,muc dia,mục địa,1.0000
vn,muc dich,mục đích,0.9557
vn,muc do,mức độ,0.9632
vn,muc dong,mức đóng,0.9444
vn,muc dung,mục dùng,0.9412
vn,muc ghi,mục ghi,0.9091
vn,muc gia,mức giá,0.9612
vn,muc giam,mức giảm,1.0000
vn,muc giao,mức giao,0.9174
vn,muc gioi,mức giới,0.9048
vn,muc hang,mục hàng,0.9419
vn,muc hanh,mức hành,0.9412
vn,muc he,mục hệ,1.0000
vn,muc hinh,mục hình,1.0000
vn,muc ho,mức hỗ,0.9398
vn,muc i,mục i,1.0000
vn,muc ii,mục ii,1.0000
vn,muc iii,mục iii,1.0000
vn,muc iv,mục iv,1.0000
vn,muc khoan,mức khoán,0.9643
vn,muc kiem,mục kiểm,0.9769
vn,muc kinh,mức kinh,0.9954
vn,muc lai,mức lãi,1.0000
vn,muc lao,mức lao,1.0000
vn,muc loai,mục loại,0.9140
vn,muc luc,mục lục,1.0000
vn,muc luong,mức lương,1.0000
vn,muc ma,mục mã,0.9286
vn,muc mat,mục mặt,0.9692
vn,muc mien,mức miễn,1.0000
vn,muc mua,mục mua,0.9231
vn,muc muc,mục mức,0.9032
vn,muc nganh,mục ngành,1.0000
vn,muc nguon,mục nguồn,1.0000
vn,muc nguyen,mục nguyên,1.0000
vn,muc nha,mục nhà,1.0000
vn,muc nhiem,mục nhiệm,1.0000
vn,muc nhom,mục nhóm,0.9615
vn,muc no,mức nợ,1.0000
vn,muc nop,mức nộp,1.0000
vn,muc nuoc,mực nước,1.0000
vn,muc phat,mức phạt,0.9746
vn,muc phi,mức phí,0.9200
vn,muc phuong,mục phương,0.9655
vn,muc rui,mức rủi,1.0000
vn,muc rut,mức rút,1.0000
vn,muc san,mục sản,1.0000
vn,muc su,mức sử,0.9927
vn,muc tai,mục tài,0.9522
vn,muc thau,mức thấu,1.0000
vn,muc the,mức thẻ,0.9333
vn,muc thiet,mục thiết,0.9394
vn,muc thuat,mục thuật,1.0000
vn,muc thue,mức thuế,0.9967
vn,muc thuong,mức thưởng,0.9268
vn,muc thutuc,mục thủtục,1.0000
vn,muc tien,mức tiền,0.9961
vn,muc tieu,mục tiêu,0.9373
vn,muc toi,mức tối,0.9892
vn,muc ton,mức tồn,0.9000
vn,muc tot,mức tốt,1.0000
vn,muc trich,mức trích,1.0000
vn,muc trinh,mục trình,1.0000
vn,muc tro,mức trợ,1.0000
vn,muc trung,mức trung,1.0000
vn,muc truy,mức truy,1.0000
vn,muc van,mục văn,1.0000
vn,muc vay,mức vay,1.0000
vn,muc vemoi,mực vềmọi,1.0000
vn,muc von,mức vốn,0.9771
vn,muc xay,mức xây,1.0000
vn,muc xu,mức xử,1.0000
vn,muc xuat,mục xuất,0.9167
vn,mucdichsudungqh chuoi,mucdichsudungqh chuỗi,1.0000
vn,muoi 10,mười 10,1.0000
vn,muoi hai,mười hai,1.0000
vn,muoi hoac,muối hoặc,1.0000
vn,muoi thang,mười tháng,1.0000
vn,muon cho,mượn cho,1.0000
vn,muon gia,muốn gia,1.0000
vn,muon hoac,mượn hoặc,0.9000
vn,muon tai,mượn tài,1.0000
vn,muon thiet,mượn thiết,0.9600
vn,muon tiep,muốn tiếp,1.0000
vn,muu bao,mưu báo,1.0000
vn,muu cho,mưu cho,1.0000
vn,muu co,mưu có,0.9583
vn,muu cua,mưu của,1.0000
vn,muu giup,mưu giúp,1.0000
vn,muu hoac,mưu hoặc,1.0000
vn,muu quy,mưu quy,1.0000
vn,muu thanh,mưu thành,1.0000
vn,muu tri,mưu trí,1.0000
vn,muu trinh,mưu trình,1.0000
vn,muu tuong,mưu tương,1.0000
vn,mw tro,mw trở,1.0000
vn,my den,mỹ đến,1.0000
vn,my hoac,mỹ hoặc,1.0000
vn,my nghe,mỹ nghệ,1.0000
vn,my thuat,mỹ thuật,1.0000
vn,my tro,mỹ trở,1.0000
vn,my tuc,mỹ tục,1.0000
vn,mytruoc 30,mỹtrước 30,1.0000
vn,n cac,n các,1.0000
vn,n cong,n công,1.0000
vn,n khoan,n khoản,1.0000
vn,n khong,n không,1.0000
vn,n la,n là,1.0000
vn,n ly,n lý,1.0000
vn,n quyen,n quyền,1.0000
vn,n uo,n ướ,1.0000
vn,n va,n và,1.0000
vn,nac danh,nặc danh,1.0000
vn,nai b,nại b,1.0000
vn,nai cho,nại cho,1.0000
vn,nai cua,nại của,1.0000
vn,nai de,nại để,1.0000
vn,nai doi,nại đối,0.9545
vn,nai duoc,nại được,1.0000
vn,nai hoac,nại hoặc,1.0000
vn,nai khoi,nại khởi,1.0000
vn,nai kien,nại kiến,1.0000
vn,nai lan,nại lần,1.0000
vn,nai phai,nại phải,1.0000
vn,nai theo,nại theo,1.0000
vn,nai thi,nại thì,1.0000
vn,nai thoi,nại thời,1.0000
vn,nai to,nại tố,0.9896
vn,nai tocao,nại tốcáo,1.0000
vn,nai tranh,nại tranh,1.0000
vn,nai trong,nại trong,1.0000
vn,nai truong,nại trường,1.0000
vn,nai va,nại và,0.9474
vn,nai ve,nại về,1.0000
vn,nai viec,nại việc,1.0000
vn,nam 05,năm 05,0.9655
vn,nam 1991,năm 1991,1.0000
vn,nam 1993,năm 1993,1.0000
vn,nam 1995,năm 1995,1.0000
vn,nam 1996,năm 1996,1.0000
vn,nam 1997,năm 1997,1.0000
vn,nam 1998,năm 1998,1.0000
vn,nam 1999,năm 1999,1.0000
vn,nam 2000,năm 2000,1.0000
vn,nam 2001,năm 2001,1.0000
vn,nam 2002,năm 2002,1.0000
vn,nam 2003,năm 2003,1.0000
vn,nam 2004,năm 2004,1.0000
vn,nam 2005,năm 2005,1.0000
vn,nam 2006,năm 2006,1.0000
vn,nam 2007,năm 2007,1.0000
vn,nam 2008,năm 2008,1.0000
vn,nam 2009,năm 2009,1.0000
vn,nam 2010,năm 2010,1.0000
vn,nam 2011,năm 2011,1.0000
vn,nam 2012,năm 2012,1.0000
vn,nam 2013,năm 2013,1.0000
vn,nam 2014,năm 2014,1.0000
vn,nam 2015,năm 2015,1.0000
vn,nam 2016,năm 2016,1.0000
vn,nam 2017,năm 2017,1.0000
vn,nam 2018,năm 2018,1.0000
vn,nam 2019,năm 2019,0.9979
vn,nam 2020,năm 2020,1.0000
vn,nam 2021,năm 2021,1.0000
vn,nam 2022,năm 2022,0.9871
vn,nam 2023,năm 2023,1.0000
vn,nam 2024,năm 2024,1.0000
vn,nam 2025,năm 2025,1.0000
vn,nam 2026,năm 2026,1.0000
vn,nam 2027,năm 2027,1.0000
vn,nam 2028,năm 2028,1.0000
vn,nam 2030,năm 2030,1.0000
vn,nam 5g,năm 5g,1.0000
vn,nam be,nấm bể,1.0000
vn,nam cang,nam cảng,1.0000
vn,nam chap,nam chấp,1.0000
vn,nam chiu,nam chịu,1.0000
vn,nam chu,nam chủ,0.9103
vn,nam chua,nam chưa,0.9269
vn,nam cuc,nam cục,0.9697
vn,nam cuoi,năm cuối,1.0000
vn,nam dam,nam đảm,0.9333
vn,nam dan,nam dân,1.0000
vn,nam dau,năm đầu,0.9107
vn,nam dieu,nam điều,0.9545
vn,nam dinh,nam định,0.9337
vn,nam doc,nam độc,1.0000
vn,nam don,năm đơn,0.9079
vn,nam dua,năm đưa,0.9882
vn,nam gan,năm gần,0.9833
vn,nam giu,nắm giữ,0.9710
vn,nam ha,nam hạ,1.0000
vn,nam huong,nam hướng,0.9535
vn,nam keo,năm kéo,1.0000
vn,nam kich,nam kích,1.0000
vn,nam lan,năm lần,0.9444
vn,nam lap,năm lập,0.9140
vn,nam luat,nam luật,1.0000
vn,nam mat,nam mặt,1.0000
vn,nam mo,nam mở,0.9565
vn,nam mot,năm một,0.9771
vn,nam muoi,năm mươi,1.0000
vn,nam nghi,nam nghị,0.9057
vn,nam nghia,nam nghĩa,1.0000
vn,nam nhiem,năm nhiệm,0.9091
vn,nam o,nam ở,0.9937
vn,nam quan,nam quản,0.9286
vn,nam quoc,năm quốc,0.9780
vn,nam quytin,nam quỹtín,1.0000
vn,nam sinh,năm sinh,1.0000
vn,nam sua,nam sửa,0.9886
vn,nam the,nam thẻ,1.0000
vn,nam tho,nam thổ,1.0000
vn,nam thuoc,nam thuộc,0.9000
vn,nam thutuc,nam thủtục,1.0000
vn,nam tiep,năm tiếp,0.9537
vn,nam tochuc,nam tổchức,1.0000
vn,nam trai,nam trái,1.0000
vn,nam tram,năm trăm,0.9714
vn,nam trieu,năm triệu,1.0000
vn,nam tro,năm trở,0.9211
vn,nam trolen,năm trởlên,1.0000
vn,nam truoc,năm trước,0.9598
vn,nam tu05,nam từ05,1.0000
vn,nam tu10,nam từ10,1.0000
vn,nam tuong,năm tương,1.0000
vn,nam voi,nam với,1.0000
vn,nam vu,nam vụ,0.9231
vn,nam vung,nắm vững,1.0000
vn,namkiemke so,namkiemke số,1.0000
vn,namquyhoach so,namquyhoach số,1.0000
vn,namthuchien so,namthuchien số,1.0000
vn,nan cuu,nạn cứu,1.0000
vn,nan giao,nạn giao,1.0000
vn,nan hang,nạn hàng,1.0000
vn,nan lao,nạn lao,1.0000
vn,nan xa,nạn xã,1.0000
vn,nang 1,năng 1,0.9200
vn,nang 2,năng 2,0.9231
vn,nang 3,năng 3,1.0000
vn,nang 730,năng 730,1.0000
vn,nang 96,năng 96,1.0000
vn,nang an,năng an,1.0000
vn,nang anh,năng ảnh,1.0000
vn,nang bac,nâng bậc,1.0000
vn,nang bao,năng bảo,0.9787
vn,nang bat,năng bắt,1.0000
vn,nang cao,nâng cao,0.9765
vn,nang cap,nâng cấp,0.9622
vn,nang chi,năng chi,0.9915
vn,nang chinh,năng chính,1.0000
vn,nang cho,năng cho,1.0000
vn,nang chong,năng chống,1.0000
vn,nang cong,năng công,1.0000
vn,nang cua,năng của,0.9920
vn,nang cum,năng cụm,1.0000
vn,nang cung,năng cung,0.9583
vn,nang dam,năng đảm,1.0000
vn,nang dap,năng đáp,1.0000
vn,nang dieu,năng điều,1.0000
vn,nang doi,năng đối,1.0000
vn,nang duoc,năng được,0.9118
vn,nang duy,năng duy,1.0000
vn,nang gay,năng gây,1.0000
vn,nang ghi,năng ghi,1.0000
vn,nang giai,năng giải,1.0000
vn,nang hinh,nặng hình,0.9000
vn,nang ho,năng hỗ,1.0000
vn,nang hoat,năng hoạt,1.0000
vn,nang hon,nặng hơn,1.0000
vn,nang huy,năng huy,0.9355
vn,nang ket,năng kết,1.0000
vn,nang khac,năng khác,0.9020
vn,nang khai,năng khai,1.0000
vn,nang khoi,năng khôi,1.0000
vn,nang kiem,năng kiểm,1.0000
vn,nang kinh,năng kinh,1.0000
vn,nang lam,năng làm,1.0000
vn,nang lao,năng lao,0.9048
vn,nang linh,năng lĩnh,1.0000
vn,nang luc,năng lực,1.0000
vn,nang luong,năng lượng,0.9485
vn,nang luu,năng lưu,1.0000
vn,nang mo,năng mở,0.9375
vn,nang ngan,năng ngân,0.9615
vn,nang nghe,năng nghề,0.9800
vn,nang ngoai,năng ngoại,1.0000
vn,nang nguon,năng nguồn,1.0000
vn,nang nhiem,năng nhiệm,1.0000
vn,nang nhu,năng như,1.0000
vn,nang phat,năng phát,1.0000
vn,nang phong,năng phòng,1.0000
vn,nang photocopy,năng photocopy,1.0000
vn,nang phuc,năng phục,1.0000
vn,nang quan,năng quản,1.0000
vn,nang sau,năng sau,0.9737
vn,nang sinh,năng sinh,1.0000
vn,nang su,năng sử,0.9951
vn,nang suat,năng suất,1.0000
vn,nang tao,năng tạo,1.0000
vn,nang thanh,năng thanh,0.9755
vn,nang thay,năng thay,1.0000
vn,nang thong,năng thông,0.9444
vn,nang thu,năng thu,0.9848
vn,nang thuc,năng thực,1.0000
vn,nang thuoc,năng thuộc,1.0000
vn,nang tich,năng tích,1.0000
vn,nang tien,năng tiện,0.9000
vn,nang tiep,năng tiếp,1.0000
vn,nang toi,năng tối,1.0000
vn,nang tra,năng trả,0.9130
vn,nang trien,năng triển,1.0000
vn,nang trong,năng trong,0.9091
vn,nang truy,năng truy,1.0000
vn,nang ung,năng ứng,1.0000
vn,nang va,năng và,0.9355
vn,nang ve,năng về,1.0000
vn,nang xac,năng xác,1.0000
vn,nang xu,năng xử,0.9804
vn,nao cua,nào của,1.0000
vn,nao duoc,nào được,1.0000
vn,nao khac,nào khác,1.0000
vn,nao khong,nào không,1.0000
vn,nao theo,nào theo,1.0000
vn,nao thi,nào thì,1.0000
vn,nao vet,nạo vét,1.0000
vn,nap tien,nạp tiền,0.9857
vn,nap vao,nạp vào,1.0000
vn,nay 01,này 01,1.0000
vn,nay 1,này 1,1.0000
vn,nay 10,này 10,1.0000
vn,nay 2,này 2,1.0000
vn,nay 3,này 3,0.9980
vn,nay 4,này 4,0.9961
vn,nay 5,này 5,1.0000
vn,nay 6,này 6,0.9890
vn,nay 7,này 7,0.9804
vn,nay 8,này 8,1.0000
vn,nay 9,này 9,1.0000
vn,nay a,này a,1.0000
vn,nay ap,này áp,1.0000
vn,nay b,này b,1.0000
vn,nay bai,này bãi,0.9677
vn,nay ben,này bên,1.0000
vn,nay bi,này bị,1.0000
vn,nay bo,này bộ,0.9452
vn,nay c,này c,1.0000
vn,nay cac,này các,0.9993
vn,nay cap,này cấp,0.9375
vn,nay chiu,này chịu,1.0000
vn,nay cho,này cho,1.0000
vn,nay chu,này chủ,0.9882
vn,nay chua,này chưa,0.9524
vn,nay chuan,này chuẩn,1.0000
vn,nay con,này còn,1.0000
vn,nay cu,này cụ,0.9885
vn,nay cua,này của,1.0000
vn,nay cuc,này cục,0.9796
vn,nay da,này đã,0.9692
vn,nay dam,này đảm,0.9565
vn,nay dap,này đáp,1.0000
vn,nay de,này để,0.9441
vn,nay den,này đến,0.9429
vn,nay deu,này đều,1.0000
vn,nay diem,này điểm,0.9091
vn,nay dieu,này điều,0.9487
vn,nay dinh,này định,1.0000
vn,nay do,này do,1.0000
vn,nay doanh,này doanh,1.0000
vn,nay doi,này đối,0.9895
vn,nay don,này đơn,0.9636
vn,nay dong,này đồng,0.9492
vn,nay duoc,này được,0.9870
vn,nay e,này e,1.0000
vn,nay g,này g,1.0000
vn,nay gay,này gây,1.0000
vn,nay giay,này giấy,1.0000
vn,nay giua,này giữa,1.0000
vn,nay gom,này gồm,1.0000
vn,nay gui,này gửi,1.0000
vn,nay h,này h,1.0000
vn,nay hanh,này hành,1.0000
vn,nay het,này hết,1.0000
vn,nay ho,này hồ,0.9735
vn,nay hoac,này hoặc,0.9942
vn,nay hoan,này hoàn,1.0000
vn,nay hoat,này hoạt,1.0000
vn,nay hoi,này hội,1.0000
vn,nay huong,này hướng,1.0000
vn,nay i,này i,0.9412
vn,nay ii,này ii,1.0000
vn,nay iii,này iii,1.0000
vn,nay ke,này kể,0.9459
vn,nay kem,này kèm,1.0000
vn,nay ket,này kết,1.0000
vn,nay khach,này khách,1.0000
vn,nay khai,này khai,1.0000
vn,nay khi,này khi,1.0000
vn,nay khoan,này khoản,1.0000
vn,nay khong,này không,0.9835
vn,nay kiem,này kiểm,1.0000
vn,nay ky,này ký,1.0000
vn,nay la,này là,0.9671
vn,nay lap,này lập,1.0000
vn,nay ma,này mà,0.9741
vn,nay mau,này mẫu,1.0000
vn,nay mot,này một,1.0000
vn,nay muc,này mức,0.9167
vn,nay neu,này nếu,0.9934
vn,nay ngan,này ngân,0.9865
vn,nay nguoi,này người,1.0000
vn,nay nha,này nhà,1.0000
vn,nay nham,này nhằm,1.0000
vn,nay nhan,này nhận,1.0000
vn,nay nhu,này như,1.0000
vn,nay noi,này nơi,0.9103
vn,nay nop,này nộp,1.0000
vn,nay phai,này phải,0.9932
vn,nay phap,này pháp,1.0000
vn,nay phe,này phê,1.0000
vn,nay phoi,này phối,1.0000
vn,nay phong,này phòng,1.0000
vn,nay quan,này quản,0.9620
vn,nay quy,này quy,0.9447
vn,nay quyet,này quyết,1.0000
vn,nay rieng,này riêng,1.0000
vn,nay sang,này sang,1.0000
vn,nay sau,này sau,1.0000
vn,nay se,này sẽ,0.9545
vn,nay su,này sử,1.0000
vn,nay sua,này sửa,1.0000
vn,nay thac,này thac,1.0000
vn,nay thanh,này thành,0.9211
vn,nay thay,này thay,1.0000
vn,nay theo,này theo,1.0000
vn,nay thi,này thì,0.9971
vn,nay thoi,này thời,1.0000
vn,nay thuc,này thực,1.0000
vn,nay thuoc,này thuộc,0.9524
vn,nay to,này tổ,0.9667
vn,nay tong,này tổng,1.0000
vn,nay trach,này trách,1.0000
vn,nay tren,này trên,1.0000
vn,nay trinh,này trình,1.0000
vn,nay trong,này trong,0.9982
vn,nay tru,này trừ,1.0000
vn,nay truc,này trực,1.0000
vn,nay trung,này trung,0.9286
vn,nay truoc,này trước,1.0000
vn,nay truong,này trường,0.9896
vn,nay tuy,này tùy,0.9167
vn,nay uy,này ủy,0.9375
vn,nay va,này và,1.0000
vn,nay vao,này vào,0.9545
vn,nay ve,này về,1.0000
vn,nay viec,này việc,1.0000
vn,nay voi,này với,1.0000
vn,nay vu,này vụ,1.0000
vn,nay xac,này xác,1.0000
vn,nay xem,này xem,1.0000
vn,nay yeu,này yêu,1.0000
vn,ncnscl duoc,ncnscl được,1.0000
vn,ncq nhan,ncq nhận,1.0000
vn,nd cp,nđ cp,0.9998
vn,nen dua,nên dựa,1.0000
vn,nen kinh,nền kinh,1.0000
vn,nen mau,nền màu,1.0000
vn,nen rgb,nền rgb,1.0000
vn,nen tang,nền tảng,1.0000
vn,nen va,nền và,1.0000
vn,nenep cong,nềnếp công,1.0000
vn,neu ben,nếu bên,1.0000
vn,neu bien,nếu biên,1.0000
vn,neu cac,nếu các,0.9583
vn,neu can,nếu cần,0.9874
vn,neu cao,nêu cao,1.0000
vn,neu chua,nếu chưa,1.0000
vn,neu chung,nếu chứng,1.0000
vn,neu co,nếu có,0.9959
vn,neu con,nếu còn,1.0000
vn,neu da,nếu đã,0.9630
vn,neu dap,nếu đáp,1.0000
vn,neu diem,nếu điểm,1.0000
vn,neu doanh,nếu doanh,1.0000
vn,neu doi,nếu đối,1.0000
vn,neu don,nếu đơn,1.0000
vn,neu dung,nếu đúng,0.9000
vn,neu duoc,nếu được,0.9844
vn,neu gay,nếu gây,1.0000
vn,neu gia,nếu giá,1.0000
vn,neu guong,nêu gương,1.0000
vn,neu ho,nếu hồ,0.9583
vn,neu hop,nếu hợp,1.0000
vn,neu ket,nếu kết,1.0000
vn,neu khong,nếu không,1.0000
vn,neu la,nếu là,1.0000
vn,neu lenh,nếu lệnh,1.0000
vn,neu ngan,nếu ngân,1.0000
vn,neu nguoi,nếu người,1.0000
vn,neu phai,nếu phải,1.0000
vn,neu phat,nếu phát,1.0000
vn,neu quyen,nếu quyền,1.0000
vn,neu ro,nêu rõ,1.0000
vn,neu sau,nếu sau,1.0000
vn,neu thanh,nếu thành,0.9882
vn,neu thay,nếu thấy,0.9859
vn,neu thoi,nếu thời,0.9474
vn,neu thong,nếu thông,1.0000
vn,neu thuoc,nếu thuộc,1.0000
vn,neu tiep,nếu tiếp,1.0000
vn,neu to,nếu tổ,0.9615
vn,neu tren,nêu trên,0.9963
vn,neu trong,nêu trong,0.9281
vn,neu uy,nếu ủy,1.0000
vn,neu vi,nếu vi,1.0000
vn,neu viec,nếu việc,0.9310
vn,neu xac,nếu xác,1.0000
vn,neu xet,nếu xét,1.0000
vn,ng va,ng và,1.0000
vn,nga va,nga và,1.0000
vn,nga ve,nga về,1.0000
vn,ngach 17,ngạch 17,0.9677
vn,ngach bac,ngạch bậc,1.0000
vn,ngach bien,ngạch biên,1.0000
vn,ngach cong,ngạch công,1.0000
vn,ngach nhap,ngạch nhập,1.0000
vn,ngach quy,ngạch quy,1.0000
vn,ngach thue,ngạch thuế,1.0000
vn,ngai khach,ngại khách,1.0000
vn,ngai vat,ngại vật,1.0000
vn,ngam chinh,ngầm chỉnh,1.0000
vn,ngam cot,ngầm cột,1.0000
vn,ngam nuoc,ngâm nước,0.9565
vn,ngam van,ngầm vận,1.0000
vn,ngan can,ngăn cản,1.0000
vn,ngan chan,ngăn chặn,1.0000
vn,ngan cua,ngân của,0.9375
vn,ngan cuc,ngân cục,1.0000
vn,ngan dung,ngắn dùng,1.0000
vn,ngan han,ngắn hạn,0.9828
vn,ngan hang,ngân hàng,1.0000
vn,ngan hon,ngắn hơn,1.0000
vn,ngan ke,ngân kế,1.0000
vn,ngan kinh,ngân kinh,1.0000
vn,ngan nghe,ngân nghệ,0.9773
vn,ngan ngua,ngăn ngừa,1.0000
vn,ngan nha,ngân nhà,1.0000
vn,ngan phieu,ngân phiếu,1.0000
vn,ngan quy,ngân quỹ,0.9000
vn,ngan sach,ngân sách,0.9992
vn,ngan thoi,ngắn thời,1.0000
vn,ngang bo,ngang bộ,1.0000
vn,ngang cua,ngang của,1.0000
vn,ngang hang,ngang hàng,1.0000
vn,nganh 1,ngành 1,1.0000
vn,nganh an,ngành an,1.0000
vn,nganh bien,ngành biên,1.0000
vn,nganh bo,ngành bộ,1.0000
vn,nganh cac,ngành các,1.0000
vn,nganh cap,ngành cấp,0.9667
vn,nganh chu,ngành chủ,1.0000
vn,nganh cong,ngành công,0.9863
vn,nganh cua,ngành của,1.0000
vn,nganh dat,ngành đạt,0.9730
vn,nganh de,ngành để,0.9792
vn,nganh dia,ngành địa,1.0000
vn,nganh do,ngành do,0.9268
vn,nganh doan,ngành đoàn,1.0000
vn,nganh don,ngành đơn,1.0000
vn,nganh duoc,ngành được,1.0000
vn,nganh gan,ngành gần,1.0000
vn,nganh giao,ngành giao,0.9815
vn,nganh hang,ngành hàng,0.9362
vn,nganh he,ngành hệ,1.0000
vn,nganh hoac,ngành hoặc,1.0000
vn,nganh i,ngành i,1.0000
vn,nganh khac,ngành khác,1.0000
vn,nganh khoa,ngành khoa,1.0000
vn,nganh khong,ngành không,1.0000
vn,nganh kinh,ngành kinh,1.0000
vn,nganh la,ngành là,1.0000
vn,nganh lien,ngành liên,1.0000
vn,nganh linh,ngành lĩnh,1.0000
vn,nganh luat,ngành luật,1.0000
vn,nganh mau,ngành mẫu,1.0000
vn,nganh minh,ngành mình,1.0000
vn,nganh national,ngành national,1.0000
vn,nganh neu,ngành nếu,0.9412
vn,nganh ngan,ngành ngân,1.0000
vn,nganh nghe,ngành nghề,1.0000
vn,nganh o,ngành ở,1.0000
vn,nganh phu,ngành phù,1.0000
vn,nganh quan,ngành quản,0.9750
vn,nganh quoc,ngành quốc,1.0000
vn,nganh quy,ngành quy,1.0000
vn,nganh san,ngành sản,1.0000
vn,nganh theo,ngành theo,1.0000
vn,nganh thi,ngành thì,1.0000
vn,nganh thong,ngành thông,1.0000
vn,nganh thuc,ngành thực,1.0000
vn,nganh thue,ngành thuế,1.0000
vn,nganh thuoc,ngành thuộc,1.0000
vn,nganh tinh,ngành tỉnh,0.9977
vn,nganh to,ngành tổ,1.0000
vn,nganh trong,ngành trong,1.0000
vn,nganh trung,ngành trung,1.0000
vn,nganh uy,ngành ủy,0.9787
vn,nganh va,ngành và,1.0000
vn,nganh ve,ngành về,1.0000
vn,nganh xay,ngành xây,1.0000
vn,nganhang thuong,ngânhàng thương,1.0000
vn,ngap lut,ngập lụt,1.0000
vn,ngap ung,ngập úng,1.0000
vn,ngau nhien,ngẫu nhiên,1.0000
vn,ngay 01,ngày 01,1.0000
vn,ngay 02,ngày 02,1.0000
vn,ngay 03,ngày 03,1.0000
vn,ngay 04,ngày 04,1.0000
vn,ngay 05,ngày 05,1.0000
vn,ngay 06,ngày 06,1.0000
vn,ngay 07,ngày 07,1.0000
vn,ngay 08,ngày 08,1.0000
vn,ngay 09,ngày 09,1.0000
vn,ngay 1,ngày 1,1.0000
vn,ngay 10,ngày 10,1.0000
vn,ngay 11,ngày 11,1.0000
vn,ngay 12,ngày 12,1.0000
vn,ngay 13,ngày 13,1.0000
vn,ngay 14,ngày 14,1.0000
vn,ngay 15,ngày 15,1.0000
vn,ngay 16,ngày 16,1.0000
vn,ngay 17,ngày 17,1.0000
vn,ngay 18,ngày 18,1.0000
vn,ngay 19,ngày 19,1.0000
vn,ngay 2,ngày 2,0.9474
vn,ngay 20,ngày 20,1.0000
vn,ngay 21,ngày 21,1.0000
vn,ngay 22,ngày 22,1.0000
vn,ngay 23,ngày 23,1.0000
vn,ngay 24,ngày 24,0.9950
vn,ngay 25,ngày 25,1.0000
vn,ngay 26,ngày 26,0.9968
vn,ngay 27,ngày 27,1.0000
vn,ngay 28,ngày 28,0.9938
vn,ngay 29,ngày 29,1.0000
vn,ngay 3,ngày 3,1.0000
vn,ngay 30,ngày 30,0.9901
vn,ngay 31,ngày 31,1.0000
vn,ngay 4,ngày 4,1.0000
vn,ngay 5,ngày 5,1.0000
vn,ngay 7,ngày 7,0.9375
vn,ngay b,ngày b,0.9412
vn,ngay bat,ngày bắt,1.0000
vn,ngay ben,ngày bên,1.0000
vn,ngay bi,ngày bị,1.0000
vn,ngay cac,ngay các,0.9074
vn,ngay chinh,ngày chính,1.0000
vn,ngay chung,ngày chứng,0.9167
vn,ngay chuyen,ngày chuyển,1.0000
vn,ngay cong,ngày công,0.9167
vn,ngay cua,ngày của,1.0000
vn,ngay cuoi,ngày cuối,1.0000
vn,ngay dang,ngày đăng,0.9667
vn,ngay dau,ngày đầu,0.9118
vn,ngay dem,ngày đêm,1.0000
vn,ngay doanh,ngày doanh,1.0000
vn,ngay doi,ngày đối,0.9762
vn,ngay dua,ngày đưa,1.0000
vn,ngay duoc,ngày được,1.0000
vn,ngay ghi,ngày ghi,1.0000
vn,ngay giao,ngày giao,1.0000
vn,ngay giay,ngày giấy,0.9211
vn,ngay gio,ngày giờ,1.0000
vn,ngay gui,ngày gửi,1.0000
vn,ngay han,ngày hạn,0.9231
vn,ngay het,ngày hết,1.0000
vn,ngay hoan,ngày hoàn,0.9927
vn,ngay ix,ngày ix,1.0000
vn,ngay ke,ngày kể,0.9768
vn,ngay ket,ngày kết,0.9896
vn,ngay khai,ngày khai,1.0000
vn,ngay ky,ngày ký,0.9906
vn,ngay lam,ngày làm,1.0000
vn,ngay le,ngày lễ,1.0000
vn,ngay luat,ngày luật,1.0000
vn,ngay ly,ngày lý,0.9091
vn,ngay mo,ngày mở,1.0000
vn,ngay ngan,ngày ngân,1.0000
vn,ngay nghi,ngày nghị,0.9140
vn,ngay nhan,ngày nhận,0.9990
vn,ngay niem,ngày niêm,1.0000
vn,ngay nop,ngày nộp,1.0000
vn,ngay phat,ngày phát,1.0000
vn,ngay phe,ngày phê,1.0000
vn,ngay quyet,ngày quyết,0.9220
vn,ngay ra,ngày ra,1.0000
vn,ngay sinh,ngày sinh,0.9259
vn,ngay tam,ngày tạm,1.0000
vn,ngay thang,ngày tháng,0.9992
vn,ngay thay,ngày thay,0.9355
vn,ngay theo,ngày theo,0.9355
vn,ngay thong,ngày thông,0.9480
vn,ngay thuong,ngày thương,1.0000
vn,ngay tiep,ngày tiếp,1.0000
vn,ngay tra,ngày trả,1.0000
vn,ngay tren,ngày trên,0.9167
vn,ngay trich,ngày trích,1.0000
vn,ngay tro,ngày trở,1.0000
vn,ngay tru,ngày trừ,1.0000
vn,ngay truoc,ngày trước,0.9685
vn,ngay truong,ngày trường,1.0000
vn,ngay tuan,ngày tuần,1.0000
vn,ngay tuoi,ngày tuổi,1.0000
vn,ngay tuong,ngày tương,1.0000
vn,ngay v,ngày v,1.0000
vn,ngay viec,ngay việc,0.9512
vn,ngay xac,ngày xác,0.9767
vn,ngay xi,ngày xi,1.0000
vn,ngh i,ngh ị,1.0000
vn,nghe ban,nghệ ban,0.9000
vn,nghe bo,nghệ bộ,0.9649
vn,nghe ca,nghề cá,0.9667
vn,nghe cac,nghệ các,0.9859
vn,nghe cao,nghệ cao,0.9941
vn,nghe chien,nghệ chiến,1.0000
vn,nghe chiu,nghệ chịu,1.0000
vn,nghe chu,nghệ chủ,0.9138
vn,nghe cuc,nghệ cục,1.0000
vn,nghe dau,nghề đấu,0.9129
vn,nghe de,nghệ để,0.9362
vn,nghe dia,nghệ địa,0.9444
vn,nghe e,nghệ e,0.9091
vn,nghe giai,nghệ giải,1.0000
vn,nghe gom,nghệ gồm,1.0000
vn,nghe gui,nghệ gửi,1.0000
vn,nghe hien,nghệ hiện,1.0000
vn,nghe ho,nghệ hỗ,0.9545
vn,nghe hoat,nghề hoạt,0.9392
vn,nghe huong,nghệ hướng,1.0000
vn,nghe ii,nghệ ii,1.0000
vn,nghe ipsec,nghệ ipsec,1.0000
vn,nghe khoan,nghề khoan,0.9298
vn,nghe la,nghệ là,0.9167
vn,nghe linh,nghề lĩnh,1.0000
vn,nghe mau,nghệ mẫu,1.0000
vn,nghe moi,nghệ mới,0.9596
vn,nghe ngan,nghệ ngân,1.0000
vn,nghe nghiep,nghề nghiệp,0.9969
vn,nghe nhiem,nghệ nhiệm,1.0000
vn,nghe phe,nghệ phê,1.0000
vn,nghe phi,nghề phi,0.9767
vn,nghe phoi,nghệ phối,1.0000
vn,nghe phuc,nghệ phục,1.0000
vn,nghe phuong,nghệ phương,1.0000
vn,nghe quan,nghề quản,0.9451
vn,nghe quyet,nghệ quyết,0.9032
vn,nghe sau,nghệ sau,0.9403
vn,nghe sinh,nghệ sinh,1.0000
vn,nghe so,nghệ số,0.9553
vn,nghe su,nghệ sử,0.9933
vn,nghe thong,nghệ thông,0.9967
vn,nghe thuat,nghệ thuật,1.0000
vn,nghe thuc,nghệ thực,0.9167
vn,nghe thuoc,nghệ thuộc,0.9651
vn,nghe tien,nghệ tiên,0.9074
vn,nghe tieu,nghệ tiêu,1.0000
vn,nghe tin,nghệ tin,1.0000
vn,nghe to,nghệ tổ,0.9756
vn,nghe toi,nghệ tối,0.9231
vn,nghe tri,nghệ trí,0.9643
vn,nghe trinh,nghệ trình,0.9000
vn,nghe truc,nghệ trực,1.0000
vn,nghe trung,nghệ trung,0.9697
vn,nghe ung,nghệ ứng,1.0000
vn,nghe uom,nghệ ươm,1.0000
vn,nghe va,nghệ và,0.9768
vn,nghe vao,nghệ vào,0.9286
vn,nghe vat,nghệ vật,1.0000
vn,nghe vii,nghệ vii,1.0000
vn,nghe xem,nghệ xem,0.9429
vn,ngheda duoc,nghệđã được,1.0000
vn,nghehoac tac,nghệhoặc tác,1.0000
vn,nghemoi co,nghệmới có,1.0000
vn,ngheo duoc,nghèo được,1.0000
vn,ngheo ho,nghèo hộ,1.0000
vn,ngheo nhanh,nghèo nhanh,1.0000
vn,ngheo nhu,nghèo như,1.0000
vn,ngheo theo,nghèo theo,1.0000
vn,ngheo va,nghèo và,1.0000
vn,nghethong tin,nghệthông tin,1.0000
vn,nghethuat khoa,nghệthuật khoa,1.0000
vn,nghi 1,nghị 1,0.9792
vn,nghi 2,nghị 2,1.0000
vn,nghi anh,nghị anh,1.0000
vn,nghi ap,nghị áp,1.0000
vn,nghi bang,nghị bằng,1.0000
vn,nghi ben,nghị bên,1.0000
vn,nghi bi,nghi bị,1.0000
vn,nghi cac,nghị các,1.0000
vn,nghi canh,nghị cảnh,1.0000
vn,nghi cap,nghị cấp,0.9989
vn,nghi cham,nghị chấm,1.0000
vn,nghi chap,nghị chấp,1.0000
vn,nghi chi,nghị chi,0.9524
vn,nghi chu,nghị chủ,1.0000
vn,nghi chua,nghị chưa,1.0000
vn,nghi chuyen,nghị chuyển,1.0000
vn,nghi co,nghị cơ,0.9488
vn,nghi cua,nghị của,0.9979
vn,nghi cuc,nghị cục,1.0000
vn,nghi cung,nghị cung,0.9273
vn,nghi cuoi,nghỉ cuối,1.0000
vn,nghi dang,nghị đăng,1.0000
vn,nghi dau,nghị đầu,0.9688
vn,nghi de,nghị đề,0.9434
vn,nghi detang,nghị đểtặng,1.0000
vn,nghi dieu,nghị điều,1.0000
vn,nghi dinh,nghị định,0.9990
vn,nghi doanh,nghị doanh,1.0000
vn,nghi dua,nghị đưa,1.0000
vn,nghi dung,nghị dừng,0.9375
vn,nghi duoc,nghị được,0.9817
vn,nghi duong,nghỉ dưỡng,0.9412
vn,nghi ghi,nghị ghi,1.0000
vn,nghi gia,nghị gia,0.9551
vn,nghi giai,nghị giải,1.0000
vn,nghi giao,nghị giao,1.0000
vn,nghi gom,nghị gồm,1.0000
vn,nghi gui,nghị gửi,1.0000
vn,nghi hoac,nghị hoặc,0.9770
vn,nghi hoan,nghị hoàn,0.9565
vn,nghi hoi,nghị hội,1.0000
vn,nghi huu,nghỉ hưu,1.0000
vn,nghi huy,nghị hủy,1.0000
vn,nghi kem,nghị kèm,1.0000
vn,nghi ket,nghị kết,1.0000
vn,nghi khai,nghị khai,1.0000
vn,nghi khieu,nghị khiếu,1.0000
vn,nghi khoa,nghị khóa,1.0000
vn,nghi khong,nghị không,0.9333
vn,nghi kiem,nghị kiểm,1.0000
vn,nghi liet,nghị liệt,1.0000
vn,nghi mien,nghị miễn,1.0000
vn,nghi mo,nghị mở,1.0000
vn,nghi mua,nghị mua,1.0000
vn,nghi ngan,nghị ngân,1.0000
vn,nghi ngo,nghi ngờ,0.9926
vn,nghi ngung,nghị ngừng,1.0000
vn,nghi nguoi,nghị người,1.0000
vn,nghi nha,nghị nhà,0.9592
vn,nghi nham,nghị nhằm,1.0000
vn,nghi nhan,nghị nhận,1.0000
vn,nghi phai,nghị phải,1.0000
vn,nghi phat,nghị phát,1.0000
vn,nghi phe,nghị phê,1.0000
vn,nghi phoi,nghị phối,1.0000
vn,nghi quoc,nghị quốc,1.0000
vn,nghi quyet,nghị quyết,1.0000
vn,nghi rut,nghị rút,1.0000
vn,nghi son,nghi sơn,1.0000
vn,nghi su,nghị sử,1.0000
vn,nghi sua,nghị sửa,1.0000
vn,nghi tam,nghị tạm,1.0000
vn,nghi tet,nghỉ tết,1.0000
vn,nghi thanh,nghị thanh,0.9509
vn,nghi thay,nghị thay,1.0000
vn,nghi theo,nghị theo,0.9770
vn,nghi thi,nghị thì,0.9091
vn,nghi thiet,nghị thiết,1.0000
vn,nghi thong,nghị thống,0.9211
vn,nghi thuc,nghị thực,0.9231
vn,nghi tich,nghị tích,1.0000
vn,nghi tiep,nghị tiếp,1.0000
vn,nghi tieu,nghị tiêu,1.0000
vn,nghi to,nghị tổ,1.0000
vn,nghi ton,nghị tôn,1.0000
vn,nghi totrinh,nghị tờtrình,1.0000
vn,nghi tra,nghị tra,0.9464
vn,nghi trong,nghị trong,1.0000
vn,nghi uy,nghị ủy,0.9167
vn,nghi va,nghị và,0.9286
vn,nghi ve,nghị về,1.0000
vn,nghi viec,nghỉ việc,0.9315
vn,nghi vien,nghị viện,1.0000
vn,nghi voi,nghị với,1.0000
vn,nghi xac,nghị xác,1.0000
vn,nghi xem,nghị xem,1.0000
vn,nghi xep,nghị xếp,1.0000
vn,nghi xet,nghị xét,1.0000
vn,nghi xu,nghị xử,1.0000
vn,nghi yeu,nghị yêu,1.0000
vn,nghia 0,nghĩa 0,1.0000
vn,nghia 1,nghĩa 1,1.0000
vn,nghia cua,nghĩa của,1.0000
vn,nghia la,nghĩa là,1.0000
vn,nghia thi,nghĩa thì,1.0000
vn,nghia trang,nghĩa trang,1.0000
vn,nghia viet,nghĩa việt,0.9986
vn,nghia vu,nghĩa vụ,1.0000
vn,nghia x,nghĩa x,1.0000
vn,nghicap tinh,nghịcấp tỉnh,1.0000
vn,nghicua cac,nghịcủa các,1.0000
vn,nghidinh so,nghịđịnh số,1.0000
vn,nghidinh so152,nghịđịnh số152,1.0000
vn,nghidinh so98,nghịđịnh số98,1.0000
vn,nghiem 1,nghiệm 1,1.0000
vn,nghiem 13,nghiệm 13,1.0000
vn,nghiem 2,nghiệm 2,1.0000
vn,nghiem 3,nghiệm 3,1.0000
vn,nghiem 4,nghiệm 4,1.0000
vn,nghiem 5,nghiệm 5,1.0000
vn,nghiem 9,nghiệm 9,1.0000
vn,nghiem a,nghiệm a,1.0000
vn,nghiem b,nghiệm b,1.0000
vn,nghiem c,nghiệm c,1.0000
vn,nghiem cam,nghiêm cấm,1.0000
vn,nghiem cap,nghiệm cấp,0.9714
vn,nghiem chinh,nghiêm chỉnh,0.9825
vn,nghiem cho,nghiệm cho,1.0000
vn,nghiem chuyen,nghiệm chuyên,0.9811
vn,nghiem co,nghiệm có,0.9736
vn,nghiem cua,nghiệm của,1.0000
vn,nghiem da,nghiệm đã,1.0000
vn,nghiem dieu,nghiệm điều,1.0000
vn,nghiem doi,nghiệm đối,1.0000
vn,nghiem duoc,nghiệm được,1.0000
vn,nghiem giai,nghiệm giải,0.9677
vn,nghiem giam,nghiệm giám,1.0000
vn,nghiem gui,nghiệm gửi,1.0000
vn,nghiem he,nghiệm hệ,1.0000
vn,nghiem hien,nghiệm hiện,1.0000
vn,nghiem hoac,nghiệm hoặc,1.0000
vn,nghiem khi,nghiệm khi,1.0000
vn,nghiem khong,nghiệm không,1.0000
vn,nghiem kiem,nghiệm kiểm,1.0000
vn,nghiem la,nghiệm là,1.0000
vn,nghiem lam,nghiệm làm,1.0000
vn,nghiem mang,nghiệm mạng,1.0000
vn,nghiem minh,nghiêm minh,0.9677
vn,nghiem neu,nghiệm nếu,1.0000
vn,nghiem ngan,nghiệm ngân,1.0000
vn,nghiem ngat,nghiêm ngặt,1.0000
vn,nghiem nghe,nghiệm nghề,1.0000
vn,nghiem nghien,nghiệm nghiên,1.0000
vn,nghiem nguyen,nghiệm nguyên,1.0000
vn,nghiem phai,nghiệm phải,1.0000
vn,nghiem phuc,nghiệm phục,1.0000
vn,nghiem phuong,nghiệm phương,1.0000
vn,nghiem quan,nghiệm quản,1.0000
vn,nghiem quoc,nghiệm quốc,1.0000
vn,nghiem quy,nghiệm quy,1.0000
vn,nghiem san,nghiệm sản,1.0000
vn,nghiem sau,nghiệm sau,1.0000
vn,nghiem tai,nghiệm tại,0.9231
vn,nghiem tam,nghiệm tạm,1.0000
vn,nghiem tham,nghiệm tham,1.0000
vn,nghiem theo,nghiệm theo,1.0000
vn,nghiem thiet,nghiệm thiết,1.0000
vn,nghiem thoi,nghiệm thời,1.0000
vn,nghiem thong,nghiệm thông,1.0000
vn,nghiem thu,nghiệm thu,0.9864
vn,nghiem thuc,nghiệm thực,0.9429
vn,nghiem to,nghiệm tổ,1.0000
vn,nghiem truoc,nghiệm trước,1.0000
vn,nghiem truong,nghiệm trường,1.0000
vn,nghiem tuc,nghiêm túc,1.0000
vn,nghiem va,nghiệm và,1.0000
vn,nghiem ve,nghiệm về,1.0000
vn,nghiem xam,nghiệm xâm,1.0000
vn,nghiem xem,nghiệm xem,1.0000
vn,nghien bat,nghiện bắt,1.0000
vn,nghien cuu,nghiên cứu,0.9994
vn,nghien ma,nghiện ma,0.9524
vn,nghiep 01,nghiệp 01,1.0000
vn,nghiep 02,nghiệp 02,1.0000
vn,nghiep 1,nghiệp 1,1.0000
vn,nghiep 100,nghiệp 100,1.0000
vn,nghiep 2,nghiệp 2,1.0000
vn,nghiep 3,nghiệp 3,1.0000
vn,nghiep 4,nghiệp 4,1.0000
vn,nghiep 5,nghiệp 5,1.0000
vn,nghiep 6,nghiệp 6,1.0000
vn,nghiep 7,nghiệp 7,1.0000
vn,nghiep a,nghiệp a,0.9667
vn,nghiep an,nghiệp an,1.0000
vn,nghiep b,nghiệp b,1.0000
vn,nghiep bang,nghiệp bằng,1.0000
vn,nghiep bi,nghiệp bị,0.9808
vn,nghiep bien,nghiệp biên,0.9524
vn,nghiep biet,nghiệp biết,1.0000
vn,nghiep buu,nghiệp bưu,1.0000
vn,nghiep c,nghiệp c,1.0000
vn,nghiep ca,nghiệp cá,1.0000
vn,nghiep cac,nghiệp các,1.0000
vn,nghiep cao,nghiệp cao,1.0000
vn,nghiep cap,nghiệp cấp,0.9839
vn,nghiep chiu,nghiệp chịu,1.0000
vn,nghiep cho,nghiệp cho,1.0000
vn,nghiep chua,nghiệp chưa,1.0000
vn,nghiep chuc,nghiệp chức,1.0000
vn,nghiep chung,nghiệp chứng,1.0000
vn,nghiep chuyen,nghiệp chuyển,0.9518
vn,nghiep cong,nghiệp công,0.9427
vn,nghiep cua,nghiệp của,1.0000
vn,nghiep cung,nghiệp cung,0.9911
vn,nghiep da,nghiệp đã,0.9907
vn,nghiep dac,nghiệp đặc,1.0000
vn,nghiep dai,nghiệp đại,0.9880
vn,nghiep dap,nghiệp đáp,1.0000
vn,nghiep dia,nghiệp địa,1.0000
vn,nghiep dien,nghiệp điện,1.0000
vn,nghiep dieu,nghiệp điều,1.0000
vn,nghiep do,nghiệp do,0.9018
vn,nghiep doanh,nghiệp doanh,1.0000
vn,nghiep doi,nghiệp đối,0.9568
vn,nghiep don,nghiệp đơn,1.0000
vn,nghiep duoc,nghiệp được,1.0000
vn,nghiep e,nghiệp e,1.0000
vn,nghiep gia,nghiệp giá,0.9000
vn,nghiep giay,nghiệp giấy,0.9865
vn,nghiep gom,nghiệp gồm,1.0000
vn,nghiep gui,nghiệp gửi,1.0000
vn,nghiep hanh,nghiệp hành,1.0000
vn,nghiep he,nghiệp hệ,1.0000
vn,nghiep ho,nghiệp hỗ,0.9353
vn,nghiep hoac,nghiệp hoặc,1.0000
vn,nghiep hoat,nghiệp hoạt,1.0000
vn,nghiep hop,nghiệp hợp,1.0000
vn,nghiep khac,nghiệp khác,1.0000
vn,nghiep khai,nghiệp khai,1.0000
vn,nghiep khi,nghiệp khi,1.0000
vn,nghiep khoa,nghiệp khoa,0.9931
vn,nghiep khoi,nghiệp khởi,1.0000
vn,nghiep khong,nghiệp không,1.0000
vn,nghiep khu,nghiệp khu,1.0000
vn,nghiep kiem,nghiệp kiểm,1.0000
vn,nghiep kinh,nghiệp kinh,1.0000
vn,nghiep la,nghiệp là,1.0000
vn,nghiep lien,nghiệp liên,1.0000
vn,nghiep loai,nghiệp loại,1.0000
vn,nghiep lua,nghiệp lựa,1.0000
vn,nghiep luat,nghiệp luật,1.0000
vn,nghiep minh,nghiệp mình,1.0000
vn,nghiep nay,nghiệp này,1.0000
vn,nghiep neu,nghiệp nếu,0.9259
vn,nghiep ngan,nghiệp ngân,1.0000
vn,nghiep nguoi,nghiệp người,1.0000
vn,nghiep nha,nghiệp nhà,0.9988
vn,nghiep nham,nghiệp nhằm,1.0000
vn,nghiep nhan,nghiệp nhận,0.9659
vn,nghiep nho,nghiệp nhỏ,1.0000
vn,nghiep nhu,nghiệp như,1.0000
vn,nghiep nhung,nghiệp nhưng,0.9545
vn,nghiep nop,nghiệp nộp,1.0000
vn,nghiep nuoc,nghiệp nước,1.0000
vn,nghiep nuoi,nghiệp nuôi,1.0000
vn,nghiep o,nghiệp ở,1.0000
vn,nghiep phai,nghiệp phải,1.0000
vn,nghiep phap,nghiệp pháp,1.0000
vn,nghiep phat,nghiệp phát,1.0000
vn,nghiep phuc,nghiệp phục,0.9091
vn,nghiep quan,nghiệp quản,0.9962
vn,nghiep quoc,nghiệp quốc,1.0000
vn,nghiep quyet,nghiệp quyết,1.0000
vn,nghiep rieng,nghiệp riêng,1.0000
vn,nghiep san,nghiệp sản,0.9896
vn,nghiep sau,nghiệp sau,1.0000
vn,nghiep sieu,nghiệp siêu,1.0000
vn,nghiep su,nghiệp sử,0.9070
vn,nghiep ten,nghiệp tên,1.0000
vn,nghiep thanh,nghiệp thành,0.9915
vn,nghiep thay,nghiệp thay,1.0000
vn,nghiep theo,nghiệp theo,1.0000
vn,nghiep thi,nghiệp thì,1.0000
vn,nghiep thiet,nghiệp thiết,1.0000
vn,nghiep thong,nghiệp thông,1.0000
vn,nghiep thuc,nghiệp thực,0.9953
vn,nghiep thue,nghiệp thuê,0.9875
vn,nghiep thuoc,nghiệp thuộc,1.0000
vn,nghiep tiep,nghiệp tiếp,1.0000
vn,nghiep to,nghiệp tổ,0.9971
vn,nghiep toi,nghiệp tối,1.0000
vn,nghiep tren,nghiệp trên,1.0000
vn,nghiep trich,nghiệp trích,1.0000
vn,nghiep trien,nghiệp triển,1.0000
vn,nghiep trong,nghiệp trong,0.9771
vn,nghiep tru,nghiệp trừ,0.9903
vn,nghiep truc,nghiệp trực,1.0000
vn,nghiep truoc,nghiệp trước,1.0000
vn,nghiep truong,nghiệp trường,0.9839
vn,nghiep tuong,nghiệp tương,1.0000
vn,nghiep ung,nghiệp ứng,1.0000
vn,nghiep va,nghiệp và,1.0000
vn,nghiep vao,nghiệp vào,1.0000
vn,nghiep vay,nghiệp vay,1.0000
vn,nghiep ve,nghiệp về,1.0000
vn,nghiep viec,nghiệp việc,1.0000
vn,nghiep vien,nghiệp viễn,0.9460
vn,nghiep viet,nghiệp việt,0.9130
vn,nghiep voi,nghiệp với,1.0000
vn,nghiep vu,nghiệp vụ,1.0000
vn,nghiep vua,nghiệp vừa,1.0000
vn,nghiep vudecac,nghiệp vụđểcác,1.0000
vn,nghiep xay,nghiệp xây,1.0000
vn,nghiep xe,nghiệp xe,1.0000
vn,nghiep xin,nghiệp xin,1.0000
vn,nghiep xuat,nghiệp xuất,1.0000
vn,nghihuu hoac,nghỉhưu hoặc,1.0000
vn,nghihuu hoan,nghỉhưu hoàn,1.0000
vn,nghihuu nop,nghỉhưu nộp,1.0000
vn,ngo co,ngờ có,1.0000
vn,ngo gian,ngờ gian,1.0000
vn,ngo giao,ngờ giao,1.0000
vn,ngo hoac,ngờ hoặc,1.0000
vn,ngo lien,ngờ liên,1.0000
vn,ngo ve,ngờ về,1.0000
vn,ngoai 1,ngoài 1,1.0000
vn,ngoai 2,ngoài 2,0.9827
vn,ngoai 3,ngoài 3,1.0000
vn,ngoai 4,ngoài 4,1.0000
vn,ngoai 5,ngoài 5,1.0000
vn,ngoai 6,ngoài 6,1.0000
vn,ngoai 7,ngoài 7,1.0000
vn,ngoai 8,ngoài 8,0.9091
vn,ngoai a,ngoài a,1.0000
vn,ngoai ap,ngoài áp,1.0000
vn,ngoai b,ngoài b,1.0000
vn,ngoai bang,ngoại bảng,0.9262
vn,ngoai c,ngoài c,1.0000
vn,ngoai ca,ngoài cá,1.0000
vn,ngoai cac,ngoài các,0.9898
vn,ngoai cach,ngoài cách,1.0000
vn,ngoai cap,ngoài cấp,0.9770
vn,ngoai chap,ngoài chấp,1.0000
vn,ngoai chiu,ngoài chịu,1.0000
vn,ngoai chua,ngoài chưa,1.0000
vn,ngoai chung,ngoài chứng,1.0000
vn,ngoai chuyen,ngoài chuyển,0.9153
vn,ngoai co,ngoài có,0.9097
vn,ngoai cu,ngoài cư,1.0000
vn,ngoai cung,ngoài cung,0.9524
vn,ngoai da,ngoài đã,1.0000
vn,ngoai dam,ngoài đảm,1.0000
vn,ngoai dau,ngoài đầu,1.0000
vn,ngoai den,ngoài đến,1.0000
vn,ngoai dia,ngoài địa,1.0000
vn,ngoai dien,ngoài diện,1.0000
vn,ngoai dinh,ngoài định,0.9615
vn,ngoai doanh,ngoài doanh,1.0000
vn,ngoai doi,ngoài đối,1.0000
vn,ngoai don,ngoài đơn,1.0000
vn,ngoai duoc,ngoài được,1.0000
vn,ngoai e,ngoài e,1.0000
vn,ngoai gia,ngoài giá,0.9318
vn,ngoai giao,ngoại giao,0.9886
vn,ngoai giay,ngoài giấy,1.0000
vn,ngoai gom,ngoài gồm,1.0000
vn,ngoai gui,ngoài gửi,1.0000
vn,ngoai hach,ngoài hạch,1.0000
vn,ngoai han,ngoài hạn,1.0000
vn,ngoai hang,ngoài hàng,0.9091
vn,ngoai hinh,ngoài hình,0.9565
vn,ngoai hoat,ngoài hoạt,1.0000
vn,ngoai hoi,ngoại hối,0.9902
vn,ngoai huong,ngoài hướng,0.9091
vn,ngoai i,ngoài i,1.0000
vn,ngoai khac,ngoài khác,1.0000
vn,ngoai khi,ngoài khi,1.0000
vn,ngoai kho,ngoài kho,1.0000
vn,ngoai khoan,ngoài khoản,1.0000
vn,ngoai khoi,ngoài khơi,1.0000
vn,ngoai khong,ngoài không,1.0000
vn,ngoai kiem,ngoài kiểm,1.0000
vn,ngoai la,ngoài là,0.9730
vn,ngoai lam,ngoài làm,0.9778
vn,ngoai lanh,ngoài lãnh,1.0000
vn,ngoai lap,ngoài lập,1.0000
vn,ngoai lien,ngoại liên,0.9130
vn,ngoai mang,ngoài mạng,0.9474
vn,ngoai mo,ngoài mở,1.0000
vn,ngoai mua,ngoài mua,1.0000
vn,ngoai nen,ngoài nền,1.0000
vn,ngoai ngan,ngoài ngân,1.0000
vn,ngoai nganh,ngoài ngành,1.0000
vn,ngoai ngu,ngoại ngữ,1.0000
vn,ngoai nguoi,ngoài người,1.0000
vn,ngoai nha,ngoài nhà,1.0000
vn,ngoai nhan,ngoài nhận,1.0000
vn,ngoai nuoc,ngoài nước,0.9959
vn,ngoai phai,ngoài phải,1.0000
vn,ngoai pham,ngoài phạm,1.0000
vn,ngoai phat,ngoài phát,1.0000
vn,ngoai phuc,ngoài phục,1.0000
vn,ngoai quyet,ngoài quyết,0.9744
vn,ngoai ra,ngoài ra,0.9464
vn,ngoai ranh,ngoài ranh,1.0000
vn,ngoai sau,ngoài sau,0.9706
vn,ngoai su,ngoài sử,0.9412
vn,ngoai te,ngoại tệ,1.0000
vn,ngoai tham,ngoài tham,1.0000
vn,ngoai thanh,ngoài thành,0.9702
vn,ngoai theo,ngoài theo,0.9880
vn,ngoai thi,ngoài thì,1.0000
vn,ngoai thoa,ngoài thỏa,1.0000
vn,ngoai thong,ngoài thông,0.9524
vn,ngoai thuc,ngoài thực,1.0000
vn,ngoai thue,ngoài thuê,1.0000
vn,ngoai thuoc,ngoài thuộc,0.9851
vn,ngoai thuong,ngoại thương,0.9851
vn,ngoai tien,ngoài tiến,0.9412
vn,ngoai to,ngoài tổ,0.9949
vn,ngoai tochuc,ngoài tổchức,1.0000
vn,ngoai toi,ngoài tối,1.0000
vn,ngoai ton,ngoài tôn,1.0000
vn,ngoai trach,ngoài trách,1.0000
vn,ngoai tren,ngoài trên,1.0000
vn,ngoai trong,ngoài trong,1.0000
vn,ngoai truc,ngoài trực,1.0000
vn,ngoai truoc,ngoài trước,1.0000
vn,ngoai truong,ngoài trường,0.9310
vn,ngoai tuan,ngoài tuân,1.0000
vn,ngoai va,ngoài và,0.9767
vn,ngoai van,ngoài văn,0.9565
vn,ngoai vao,ngoài vào,1.0000
vn,ngoai viec,ngoài việc,1.0000
vn,ngoai voi,ngoài với,1.0000
vn,ngoi ngoai,ngợi ngoài,1.0000
vn,ngoi tro,ngồi trở,1.0000
vn,ngon ngu,ngôn ngữ,1.0000
vn,ngu 1,ngữ 1,1.0000
vn,ngu 2,ngữ 2,1.0000
vn,ngu 4,ngữ 4,1.0000
vn,ngu 5,ngữ 5,1.0000
vn,ngu bac,ngữ bậc,1.0000
vn,ngu duoi,ngữ dưới,1.0000
vn,ngu hoac,ngữ hoặc,1.0000
vn,ngu khac,ngữ khác,1.0000
vn,ngu khong,ngữ không,1.0000
vn,ngu nhan,ngũ nhân,1.0000
vn,ngu quan,ngũ quản,0.9767
vn,ngu sau,ngữ sau,1.0000
vn,ngu tieng,ngữ tiếng,1.0000
vn,ngu trong,ngữ trong,1.0000
vn,ngu uml,ngữ uml,1.0000
vn,ngu vay,ngừ vây,1.0000
vn,ngua dau,ngừa đấu,1.0000
vn,ngua han,ngừa hạn,1.0000
vn,ngua ngan,ngừa ngăn,1.0000
vn,ngua o,ngừa ô,1.0000
vn,ngua phat,ngừa phát,1.0000
vn,ngua rui,ngừa rủi,1.0000
vn,ngua su,ngừa sự,1.0000
vn,ngua va,ngừa và,1.0000
vn,ngua xu,ngừa xử,1.0000
vn,ngung cham,ngừng chấm,1.0000
vn,ngung cung,ngừng cung,1.0000
vn,ngung dich,ngừng dịch,1.0000
vn,ngung giao,ngừng giao,1.0000
vn,ngung hieu,ngưng hiệu,1.0000
vn,ngung hoac,ngừng hoặc,1.0000
vn,ngung hoat,ngừng hoạt,1.0000
vn,ngung ket,ngừng kết,1.0000
vn,ngung kinh,ngừng kinh,1.0000
vn,ngung luu,ngừng lưu,1.0000
vn,ngung mot,ngừng một,0.9231
vn,ngung ngung,ngừng ngừng,1.0000
vn,ngung nhan,ngừng nhận,1.0000
vn,ngung su,ngừng sử,0.9885
vn,ngung tam,ngừng tạm,1.0000
vn,ngung tre,ngưng trệ,0.9231
vn,ngung van,ngừng vận,1.0000
vn,ngung viec,ngừng việc,1.0000
vn,nguoc lai,ngược lại,1.0000
vn,nguoc ve,ngược vế,1.0000
vn,nguoi ban,người bán,0.9851
vn,nguoi benh,người bệnh,1.0000
vn,nguoi bi,người bị,1.0000
vn,nguoi c,người c,1.0000
vn,nguoi can,người cần,0.9444
vn,nguoi cao,người cao,1.0000
vn,nguoi chap,người chấp,1.0000
vn,nguoi chiem,người chiếm,1.0000
vn,nguoi chiu,người chịu,1.0000
vn,nguoi choi,người chơi,1.0000
vn,nguoi chu,người chủ,1.0000
vn,nguoi chua,người chưa,1.0000
vn,nguoi chung,người chứng,0.9412
vn,nguoi chuyen,người chuyển,1.0000
vn,nguoi co,người có,0.9995
vn,nguoi cuu,người cứu,1.0000
vn,nguoi dai,người đại,0.9985
vn,nguoi dan,người dân,0.9835
vn,nguoi dau,người đầu,0.9259
vn,nguoi de,người đề,0.9259
vn,nguoi den,người đến,1.0000
vn,nguoi di,người đi,1.0000
vn,nguoi dich,người dịch,1.0000
vn,nguoi dieu,người điều,1.0000
vn,nguoi do,người đó,0.9706
vn,nguoi doc,người đọc,1.0000
vn,nguoi doi,người đối,1.0000
vn,nguoi duoc,người được,0.9988
vn,nguoi duoi,người dưới,1.0000
vn,nguoi duy,người duy,1.0000
vn,nguoi duyet,người duyệt,1.0000
vn,nguoi gay,người gây,1.0000
vn,nguoi giam,người giám,1.0000
vn,nguoi giu,người giữ,1.0000
vn,nguoi goc,người gốc,1.0000
vn,nguoi gui,người gửi,1.0000
vn,nguoi han,người hạn,1.0000
vn,nguoi hien,người hiến,0.9286
vn,nguoi hoac,người hoặc,1.0000
vn,nguoi hoat,người hoạt,1.0000
vn,nguoi hoc,người học,1.0000
vn,nguoi huan,người huấn,1.0000
vn,nguoi ke,người kê,0.9643
vn,nguoi khac,người khác,0.9966
vn,nguoi khai,người khai,0.9901
vn,nguoi khoi,người khởi,1.0000
vn,nguoi khong,người không,1.0000
vn,nguoi khuyet,người khuyết,1.0000
vn,nguoi kiem,người kiểm,1.0000
vn,nguoi ky,người ký,0.9855
vn,nguoi la,người là,1.0000
vn,nguoi lai,người lái,1.0000
vn,nguoi lam,người làm,1.0000
vn,nguoi lao,người lao,1.0000
vn,nguoi lap,người lập,1.0000
vn,nguoi mac,người mắc,1.0000
vn,nguoi mat,người mất,1.0000
vn,nguoi mo,người mô,0.9792
vn,nguoi mua,người mua,1.0000
vn,nguoi nao,người nào,1.0000
vn,nguoi nay,người này,1.0000
vn,nguoi ngay,người ngày,1.0000
vn,nguoi ngheo,người nghèo,1.0000
vn,nguoi nguoi,người người,1.0000
vn,nguoi nhan,người nhận,1.0000
vn,nguoi nhap,người nhập,1.0000
vn,nguoi nop,người nộp,1.0000
vn,nguoi nuoc,người nước,1.0000
vn,nguoi phai,người phải,1.0000
vn,nguoi pham,người phạm,1.0000
vn,nguoi phat,người phát,1.0000
vn,nguoi phien,người phiên,1.0000
vn,nguoi phu,người phụ,0.9538
vn,nguoi quan,người quản,1.0000
vn,nguoi quy,người quy,1.0000
vn,nguoi quyen,người quyền,1.0000
vn,nguoi quyet,người quyết,1.0000
vn,nguoi ra,người ra,1.0000
vn,nguoi rut,người rút,1.0000
vn,nguoi sau,người sau,1.0000
vn,nguoi su,người sử,0.9992
vn,nguoi tap,người tập,1.0000
vn,nguoi tham,người tham,0.9701
vn,nguoi than,người thân,1.0000
vn,nguoi thang,người tháng,1.0000
vn,nguoi theo,người theo,1.0000
vn,nguoi thua,người thừa,1.0000
vn,nguoi thuc,người thực,1.0000
vn,nguoi thue,người thuê,1.0000
vn,nguoi thuoc,người thuộc,1.0000
vn,nguoi tien,người tiến,0.9286
vn,nguoi tiep,người tiếp,1.0000
vn,nguoi tieu,người tiêu,0.9904
vn,nguoi to,người tố,0.9254
vn,nguoi tot,người tốt,1.0000
vn,nguoi tra,người trả,0.9798
vn,nguoi tro,người trở,1.0000
vn,nguoi trong,người trong,1.0000
vn,nguoi truc,người trực,1.0000
vn,nguoi tu,người từ,1.0000
vn,nguoi ung,người ứng,1.0000
vn,nguoi va,người và,1.0000
vn,nguoi van,người vận,0.9333
vn,nguoi vay,người vay,1.0000
vn,nguoi vi,người vi,1.0000
vn,nguoi viet,người việt,0.9895
vn,nguoi voi,người với,1.0000
vn,nguoi xac,người xác,1.0000
vn,nguoi yeu,người yêu,1.0000
vn,nguon chi,nguồn chi,1.0000
vn,nguon cung,nguồn cung,1.0000
vn,nguon dien,nguồn điện,1.0000
vn,nguon gen,nguồn gen,1.0000
vn,nguon goc,nguồn gốc,1.0000
vn,nguon hinh,nguồn hình,1.0000
vn,nguon ho,nguồn hỗ,1.0000
vn,nguon hop,nguồn hợp,1.0000
vn,nguon kinh,nguồn kinh,0.9867
vn,nguon loi,nguồn lợi,1.0000
vn,nguon luc,nguồn lực,1.0000
vn,nguon ngan,nguồn ngân,1.0000
vn,nguon ngoai,nguồn ngoài,1.0000
vn,nguon nhan,nguồn nhân,1.0000
vn,nguon nuoc,nguồn nước,1.0000
vn,nguon quy,nguồn quỹ,0.9111
vn,nguon sau,nguồn sau,1.0000
vn,nguon tai,nguồn tài,1.0000
vn,nguon thoi,nguồn thời,1.0000
vn,nguon thu,nguồn thu,1.0000
vn,nguon tien,nguồn tiền,1.0000
vn,nguon vien,nguồn viện,1.0000
vn,nguon von,nguồn vốn,1.0000
vn,nguong ky,ngưỡng kỹ,1.0000
vn,nguong ton,ngưỡng tôn,1.0000
vn,nguy cap,nguy cấp,1.0000
vn,nguy co,nguy cơ,1.0000
vn,nguy hai,nguy hại,1.0000
vn,nguy hiem,nguy hiểm,1.0000
vn,nguyen cham,nguyện chấm,1.0000
vn,nguyen chuyen,nguyện chuyển,1.0000
vn,nguyen dia,nguyên địa,1.0000
vn,nguyen do,nguyên do,1.0000
vn,nguyen du,nguyễn du,1.0000
vn,nguyen gia,nguyên giá,0.9590
vn,nguyen integer,nguyên integer,1.0000
vn,nguyen interger,nguyên interger,1.0000
vn,nguyen internet,nguyên internet,1.0000
vn,nguyen khoang,nguyên khoáng,1.0000
vn,nguyen khoi,nguyên khối,1.0000
vn,nguyen lieu,nguyên liệu,0.9948
vn,nguyen luu,nguyên lưu,1.0000
vn,nguyen ly,nguyên lý,1.0000
vn,nguyen manh,nguyễn mạnh,1.0000
vn,nguyen nghi,nguyện nghỉ,1.0000
vn,nguyen nhan,nguyên nhân,1.0000
vn,nguyen nuoc,nguyên nước,0.9957
vn,nguyen phuoc,nguyễn phước,1.0000
vn,nguyen rung,nguyên rừng,1.0000
vn,nguyen so,nguyên số,0.9630
vn,nguyen tac,nguyên tắc,1.0000
vn,nguyen tham,nguyện tham,1.0000
vn,nguyen thien,nguyên thiên,1.0000
vn,nguyen tra,nguyện trả,1.0000
vn,nguyen trang,nguyên trạng,1.0000
vn,nguyen tru,nguyên trữ,1.0000
vn,nguyen va,nguyên và,0.9902
vn,nguyen van,nguyễn văn,0.9500
vn,nguyen vat,nguyên vật,1.0000
vn,nguyen ven,nguyên vẹn,1.0000
vn,nguyen vien,nguyên viễn,1.0000
vn,nguyen vong,nguyện vọng,1.0000
vn,nguyen xuan,nguyễn xuân,0.9167
vn,nh nay,nh này,1.0000
vn,nha 2,nhà 2,1.0000
vn,nha cho,nhà cho,1.0000
vn,nha chung,nhà chung,0.9796
vn,nha co,nhà có,0.9111
vn,nha cong,nhà công,0.9800
vn,nha cung,nhà cung,1.0000
vn,nha da,nhà đã,1.0000
vn,nha dat,nhà đất,0.9996
vn,nha dau,nhà đầu,1.0000
vn,nha de,nhà để,1.0000
vn,nha dia,nhà địa,1.0000
vn,nha do,nhà do,0.9512
vn,nha dong,nhà đồng,1.0000
vn,nha duoc,nhà được,1.0000
vn,nha ga,nhà ga,1.0000
vn,nha hat,nhà hạt,0.9412
vn,nha hoac,nhà hoặc,1.0000
vn,nha hon,nhà hỗn,1.0000
vn,nha khach,nhà khách,1.0000
vn,nha khoa,nhà khoa,0.9933
vn,nha khong,nhà không,1.0000
vn,nha la,nhà là,1.0000
vn,nha lam,nhà làm,1.0000
vn,nha luoi,nhà lưới,1.0000
vn,nha luu,nhà lưu,1.0000
vn,nha man,nhà màn,1.0000
vn,nha may,nhà máy,1.0000
vn,nha nghien,nhà nghiên,1.0000
vn,nha nguyen,nhà nguyên,1.0000
vn,nha nuoc,nhà nước,0.9992
vn,nha o,nhà ở,0.9957
vn,nha phai,nhà phải,1.0000
vn,nha phat,nhà phát,1.0000
vn,nha plastic,nhà plastic,1.0000
vn,nha quan,nhà quản,1.0000
vn,nha rieng,nhà riêng,1.0000
vn,nha san,nhà sản,1.0000
vn,nha tam,nhà tạm,1.0000
vn,nha tham,nhà thăm,1.0000
vn,nha thau,nhà thầu,1.0000
vn,nha theo,nhà theo,1.0000
vn,nha thi,nhà thì,0.9091
vn,nha thuc,nhà thực,1.0000
vn,nha thuoc,nhà thuộc,1.0000
vn,nha to,nhà tổ,1.0000
vn,nha tram,nhà trạm,1.0000
vn,nha trong,nhà trong,1.0000
vn,nha truong,nhà trường,1.0000
vn,nha va,nhà và,1.0000
vn,nha van,nhà văn,0.9231
vn,nha xuat,nhà xuất,1.0000
vn,nha xuong,nhà xưởng,1.0000
vn,nhac lai,nhắc lại,1.0000
vn,nham bao,nhằm bảo,0.9677
vn,nham che,nhằm che,1.0000
vn,nham chiem,nhằm chiếm,1.0000
vn,nham chong,nhằm chống,1.0000
vn,nham cung,nhằm cung,1.0000
vn,nham dam,nhằm đảm,1.0000
vn,nham danh,nhằm đánh,1.0000
vn,nham duy,nhằm duy,1.0000
vn,nham han,nhằm hạn,1.0000
vn,nham ho,nhằm hỗ,1.0000
vn,nham hoac,nhám hoặc,1.0000
vn,nham hoan,nhằm hoàn,1.0000
vn,nham kiem,nhằm kiểm,1.0000
vn,nham lan,nhầm lẫn,1.0000
vn,nham muc,nhằm mục,1.0000
vn,nham nang,nhằm nâng,1.0000
vn,nham ngan,nhằm ngăn,1.0000
vn,nham nhan,nhằm nhận,1.0000
vn,nham phat,nhằm phát,1.0000
vn,nham phong,nhằm phòng,1.0000
vn,nham phuc,nhằm phục,1.0000
vn,nham quan,nhằm quản,1.0000
vn,nham tang,nhằm tăng,1.0000
vn,nham tao,nhằm tạo,1.0000
vn,nham thu,nhằm thu,0.9167
vn,nham xac,nhằm xác,1.0000
vn,nhan ben,nhân bên,0.9540
vn,nhan biet,nhận biết,0.9657
vn,nhan bikyluat,nhân bịkỷluật,1.0000
vn,nhan bixuly,nhân bịxửlý,1.0000
vn,nhan can,nhận căn,0.9143
vn,nhan cccd,nhân cccd,1.0000
vn,nhan chap,nhân chấp,0.9558
vn,nhan chat,nhận chất,1.0000
vn,nhan che,nhận chế,0.9000
vn,nhan chiu,nhân chịu,0.9432
vn,nhan chuc,nhận chức,0.9630
vn,nhan chuyen,nhận chuyển,0.9203
vn,nhan dan,nhân dân,0.9971
vn,nhan dao,nhân đạo,0.9851
vn,nhan dap,nhân đáp,0.9286
vn,nhan day,nhận đầy,0.9878
vn,nhan denghikhen,nhân đềnghịkhen,1.0000
vn,nhan denghithong,nhân đềnghịthống,1.0000
vn,nhan denghixet,nhân đềnghịxét,1.0000
vn,nhan detai,nhận đềtài,1.0000
vn,nhan di,nhận di,0.9859
vn,nhan dieu,nhận điều,1.0000
vn,nhan doc,nhân độc,0.9000
vn,nhan duong,nhân đương,1.0000
vn,nhan gay,nhân gây,1.0000
vn,nhan giai,nhận giải,0.9565
vn,nhan giam,nhận giám,0.9091
vn,nhan giao,nhận giao,0.9263
vn,nhan gop,nhận góp,0.9500
vn,nhan guong,nhân gương,1.0000
vn,nhan hanh,nhân hành,0.9333
vn,nhan hay,nhân hay,1.0000
vn,nhan heso2,nhân hệsố2,1.0000
vn,nhan hop,nhận hợp,0.9526
vn,nhan hoso,nhận hồsơ,1.0000
vn,nhan huan,nhận huấn,1.0000
vn,nhan kecaca,nhân kểcảcá,1.0000
vn,nhan ket,nhận kết,0.9699
vn,nhan khac,nhân khác,0.9899
vn,nhan khach,nhân khách,0.9531
vn,nhan khieu,nhận khiếu,1.0000
vn,nhan lai,nhận lại,0.9688
vn,nhan lap,nhân lập,0.9100
vn,nhan lenh,nhận lệnh,0.9968
vn,nhan lien,nhân liên,0.9881
vn,nhan lua,nhân lựa,0.9444
vn,nhan luc,nhân lực,0.9975
vn,nhan luu,nhận lưu,0.9730
vn,nhan ly,nhân lý,1.0000
vn,nhan mau,nhân mẫu,0.9474
vn,nhan mot,nhận một,0.9789
vn,nhan nang,nhận năng,0.9200
vn,nhan nao,nhân nào,1.0000
vn,nhan nay,nhận này,0.9915
vn,nhan ngau,nhân ngẫu,1.0000
vn,nhan ngoai,nhân ngoài,0.9375
vn,nhan ngung,nhận ngừng,1.0000
vn,nhan nhay,nhân nhạy,1.0000
vn,nhan nhu,nhận như,0.9309
vn,nhan no,nhận nợ,1.0000
vn,nhan nuoc,nhân nước,0.9910
vn,nhan o,nhân ở,0.9231
vn,nhan phieu,nhận phiếu,1.0000
vn,nhan phuc,nhân phục,0.9667
vn,nhan phuong,nhận phương,1.0000
vn,nhan quang,nhắn quảng,0.9714
vn,nhan quyen,nhận quyền,0.9905
vn,nhan rac,nhắn rác,1.0000
vn,nhan rong,nhân rộng,0.9695
vn,nhan sec,nhận séc,1.0000
vn,nhan sms,nhắn sms,1.0000
vn,nhan tam,nhận tạm,1.0000
vn,nhan tao,nhân tạo,0.9994
vn,nhan tap,nhân tập,0.9077
vn,nhan than,nhân thân,0.9487
vn,nhan thau,nhận thầu,1.0000
vn,nhan thong,nhận thông,0.9049
vn,nhan thua,nhận thừa,0.9153
vn,nhan thuoc,nhân thuộc,0.9697
vn,nhan thuong,nhân thương,0.9146
vn,nhan tien,nhận tiền,0.9466
vn,nhan tim,nhân tìm,1.0000
vn,nhan toan,nhận toàn,1.0000
vn,nhan tomoi,nhân tốmới,1.0000
vn,nhan trien,nhân triển,1.0000
vn,nhan tuan,nhân tuân,0.9000
vn,nhan tuong,nhân tương,0.9000
vn,nhan tƣ,nhân tƣ,1.0000
vn,nhan vao,nhận vào,0.9490
vn,nhan vay,nhân vay,1.0000
vn,nhan vi,nhân vi,0.9778
vn,nhan viec,nhận việc,0.9054
vn,nhan vien,nhân viên,0.9907
vn,nhan viet,nhân việt,1.0000
vn,nhan voi,nhân với,0.9111
vn,nhan x,nhân x,1.0000
vn,nhan xet,nhận xét,0.9884
vn,nhan xin,nhân xin,1.0000
vn,nhan xu,nhận xử,0.9081
vn,nhan xuyen,nhân xuyên,1.0000
vn,nhan y,nhận ý,1.0000
vn,nhanh cac,nhánh các,1.0000
vn,nhanh canh,nhanh cảnh,1.0000
vn,nhanh chong,nhanh chóng,1.0000
vn,nhanh cong,nhánh công,1.0000
vn,nhanh cua,nhánh của,1.0000
vn,nhanh de,nhánh để,0.9688
vn,nhanh doanh,nhánh doanh,1.0000
vn,nhanh don,nhánh đơn,1.0000
vn,nhanh giam,nhánh giám,0.9600
vn,nhanh hoac,nhánh hoặc,0.9167
vn,nhanh khu,nhánh khu,1.0000
vn,nhanh ngan,nhánh ngân,0.9996
vn,nhanh nhat,nhanh nhất,1.0000
vn,nhanh noi,nhánh nơi,1.0000
vn,nhanh o,nhánh ở,1.0000
vn,nhanh phong,nhánh phòng,1.0000
vn,nhanh tai,nhánh tại,1.0000
vn,nhanh thanh,nhánh thành,0.9000
vn,nhanh tinh,nhánh tỉnh,1.0000
vn,nhanh to,nhánh tổ,1.0000
vn,nhanh trong,nhánh trong,0.9000
vn,nhanh van,nhánh văn,1.0000
vn,nhap 1,nhập 1,1.0000
vn,nhap 2,nhập 2,1.0000
vn,nhap 3,nhập 3,1.0000
vn,nhap 4,nhập 4,1.0000
vn,nhap bat,nhập bất,1.0000
vn,nhap bo,nhập bổ,1.0000
vn,nhap ca,nhập cá,1.0000
vn,nhap cac,nhập các,1.0000
vn,nhap canh,nhập cảnh,1.0000
vn,nhap cap,nhập cập,1.0000
vn,nhap chi,nhập chi,0.9412
vn,nhap chiem,nhập chiếm,1.0000
vn,nhap chiu,nhập chịu,1.0000
vn,nhap cho,nhập cho,1.0000
vn,nhap chuyen,nhập chuyển,1.0000
vn,nhap cua,nhập của,1.0000
vn,nhap dau,nhập đầu,1.0000
vn,nhap doanh,nhập doanh,1.0000
vn,nhap doi,nhập đối,0.9474
vn,nhap du,nhập dữ,0.9607
vn,nhap duoc,nhập được,1.0000
vn,nhap duyet,nhập duyệt,1.0000
vn,nhap giai,nhập giải,1.0000
vn,nhap he,nhập hệ,1.0000
vn,nhap hoac,nhập hoặc,1.0000
vn,nhap hop,nhập hợp,1.0000
vn,nhap internet,nhập internet,1.0000
vn,nhap ke,nhập kế,0.9565
vn,nhap khac,nhập khác,1.0000
vn,nhap khai,nhập khai,1.0000
vn,nhap khau,nhập khẩu,0.9987
vn,nhap khi,nhập khi,1.0000
vn,nhap khong,nhập không,1.0000
vn,nhap la,nhập là,1.0000
vn,nhap luu,nhập lưu,1.0000
vn,nhap ma,nhập mã,0.9176
vn,nhap man,nhập mặn,1.0000
vn,nhap mang,nhập mạng,1.0000
vn,nhap nguoi,nhập người,1.0000
vn,nhap noi,nhập nội,1.0000
vn,nhap pha,nhập phá,1.0000
vn,nhap phai,nhập phải,1.0000
vn,nhap quoc,nhập quốc,1.0000
vn,nhap sai,nhập sai,1.0000
vn,nhap san,nhập sẵn,1.0000
vn,nhap so,nhập số,0.9552
vn,nhap su,nhập sử,1.0000
vn,nhap tang,nhập tăng,1.0000
vn,nhap ten,nhập tên,1.0000
vn,nhap theo,nhập theo,1.0000
vn,nhap thong,nhập thông,0.9923
vn,nhap thu,nhập thu,0.9444
vn,nhap trai,nhập trái,1.0000
vn,nhap tren,nhập trên,1.0000
vn,nhap trong,nhập trong,1.0000
vn,nhap truc,nhập trực,1.0000
vn,nhap tu,nhập từ,0.9342
vn,nhap va,nhập và,1.0000
vn,nhap vao,nhập vào,1.0000
vn,nhap vo,nhập vô,1.0000
vn,nhap xuat,nhập xuất,1.0000
vn,nhat 01,nhất 01,1.0000
vn,nhat 02,nhất 02,1.0000
vn,nhat 03,nhất 03,1.0000
vn,nhat 04,nhất 04,1.0000
vn,nhat 05,nhất 05,1.0000
vn,nhat 07,nhất 07,1.0000
vn,nhat 10,nhất 10,1.0000
vn,nhat 15,nhất 15,1.0000
vn,nhat 2,nhất 2,0.9231
vn,nhat 30,nhất 30,1.0000
vn,nhat 5,nhất 5,1.0000
vn,nhat 50,nhất 50,1.0000
vn,nhat 60,nhất 60,1.0000
vn,nhat ban,nhật bản,0.9643
vn,nhat bang,nhất bằng,0.9412
vn,nhat chinh,nhật chỉnh,0.9242
vn,nhat chuan,nhật chuẩn,1.0000
vn,nhat cua,nhất của,0.9797
vn,nhat da,nhất đã,0.9091
vn,nhat danh,nhật danh,0.9241
vn,nhat day,nhật đầy,0.9565
vn,nhat den,nhất đến,0.9508
vn,nhat detang,nhất đểtặng,1.0000
vn,nhat dieu,nhật điều,0.9893
vn,nhat dinh,nhất định,0.9430
vn,nhat doi,nhất đối,0.9876
vn,nhat du,nhật dữ,0.9597
vn,nhat dua,nhật đưa,1.0000
vn,nhat duy,nhật duy,1.0000
vn,nhat giai,nhất giải,1.0000
vn,nhat giua,nhất giữa,1.0000
vn,nhat hai,nhất hai,1.0000
vn,nhat ho,nhật hồ,0.9730
vn,nhat hoi,nhất hội,1.0000
vn,nhat huan,nhất huân,1.0000
vn,nhat iso,nhất iso,0.9630
vn,nhat ket,nhật kết,0.9048
vn,nhat khai,nhật khai,1.0000
vn,nhat kip,nhật kịp,0.9714
vn,nhat ky,nhật ký,0.9747
vn,nhat la,nhất là,1.0000
vn,nhat lai,nhật lại,1.0000
vn,nhat luu,nhật lưu,1.0000
vn,nhat mot,nhất một,0.9926
vn,nhat phuong,nhất phương,1.0000
vn,nhat rui,nhật rủi,1.0000
vn,nhat sap,nhất sáp,1.0000
vn,nhat sua,nhật sửa,1.0000
vn,nhat tap,nhất tập,1.0000
vn,nhat thi,nhất thì,0.9778
vn,nhat thong,nhật thông,0.9781
vn,nhat thuong,nhật thường,1.0000
vn,nhat toan,nhất toàn,0.9683
vn,nhat tri,nhất trí,1.0000
vn,nhat truoc,nhất trước,1.0000
vn,nhat truong,nhất trường,1.0000
vn,nhat ve,nhất về,0.9388
vn,nhat voi,nhất với,1.0000
vn,nhat xac,nhật xác,1.0000
vn,nhat y,nhất ý,1.0000
vn,nhat yeu,nhật yêu,1.0000
vn,nhau bang,nhau bằng,1.0000
vn,nhau dau,nhau dấu,1.0000
vn,nhau de,nhau để,1.0000
vn,nhau giua,nhau giữa,1.0000
vn,nhau hoac,nhau hoặc,1.0000
vn,nhau ma,nhau mà,1.0000
vn,nhau nhung,nhau nhưng,1.0000
vn,nhau thi,nhau thì,1.0000
vn,nhau va,nhau và,1.0000
vn,nhau ve,nhau về,1.0000
vn,nhay cam,nhạy cảm,1.0000
vn,nhe hon,nhẹ hơn,1.0000
vn,nhe phan,nhẹ phần,1.0000
vn,nhe thi,nhẹ thì,1.0000
vn,nhi detang,nhì đểtặng,1.0000
vn,nhi e,nhi ệ,1.0000
vn,nhi theo,nhì theo,1.0000
vn,nhi va,nhì và,1.0000
vn,nhiem 1,nhiệm 1,1.0000
vn,nhiem 2,nhiệm 2,1.0000
vn,nhiem 3,nhiệm 3,0.9333
vn,nhiem a,nhiệm a,1.0000
vn,nhiem ap,nhiệm áp,1.0000
vn,nhiem b,nhiệm b,1.0000
vn,nhiem bai,nhiệm bãi,1.0000
vn,nhiem boi,nhiệm bồi,0.9808
vn,nhiem c,nhiệm c,1.0000
vn,nhiem ca,nhiệm cá,1.0000
vn,nhiem cac,nhiệm các,1.0000
vn,nhiem cach,nhiệm cách,1.0000
vn,nhiem canh,nhiệm cảnh,1.0000
vn,nhiem cao,nhiệm cao,1.0000
vn,nhiem chap,nhiệm chấp,1.0000
vn,nhiem chia,nhiệm chia,1.0000
vn,nhiem cho,nhiệm cho,1.0000
vn,nhiem chu,nhiệm chủ,1.0000
vn,nhiem chuan,nhiệm chuẩn,1.0000
vn,nhiem chuc,nhiệm chức,1.0000
vn,nhiem chung,nhiệm chứng,0.9655
vn,nhiem chuong,nhiệm chương,1.0000
vn,nhiem chuyen,nhiệm chuyển,0.9302
vn,nhiem cong,nhiệm công,1.0000
vn,nhiem cua,nhiệm của,0.9991
vn,nhiem cung,nhiệm cung,0.9825
vn,nhiem dac,nhiệm đặc,0.9048
vn,nhiem dam,nhiệm đảm,1.0000
vn,nhiem dat,nhiễm đất,1.0000
vn,nhiem dieu,nhiệm điều,1.0000
vn,nhiem doc,nhiễm độc,1.0000
vn,nhiem doi,nhiệm đối,0.9862
vn,nhiem du,nhiệm dự,0.9672
vn,nhiem duoc,nhiệm được,1.0000
vn,nhiem duy,nhiệm duy,1.0000
vn,nhiem e,nhiệm e,1.0000
vn,nhiem g,nhiệm g,1.0000
vn,nhiem ghi,nhiệm ghi,1.0000
vn,nhiem giai,nhiệm giải,1.0000
vn,nhiem giam,nhiệm giám,1.0000
vn,nhiem giao,nhiệm giao,1.0000
vn,nhiem giu,nhiệm giữ,1.0000
vn,nhiem giua,nhiệm giữa,1.0000
vn,nhiem giup,nhiệm giúp,0.9844
vn,nhiem gui,nhiệm gửi,1.0000
vn,nhiem hach,nhiệm hạch,1.0000
vn,nhiem hinh,nhiệm hình,1.0000
vn,nhiem hiv,nhiễm hiv,1.0000
vn,nhiem hoac,nhiệm hoặc,1.0000
vn,nhiem hoan,nhiệm hoàn,1.0000
vn,nhiem huong,nhiệm hướng,1.0000
vn,nhiem huu,nhiệm hữu,1.0000
vn,nhiem ket,nhiệm kết,1.0000
vn,nhiem khac,nhiệm khác,0.9733
vn,nhiem khau,nhiệm khấu,1.0000
vn,nhiem khen,nhiệm khen,1.0000
vn,nhiem khi,nhiệm khi,1.0000
vn,nhiem kiem,nhiệm kiểm,0.9945
vn,nhiem lai,nhiệm lại,1.0000
vn,nhiem lam,nhiệm làm,0.9565
vn,nhiem lap,nhiệm lập,1.0000
vn,nhiem lien,nhiệm liên,1.0000
vn,nhiem luu,nhiệm lưu,1.0000
vn,nhiem mien,nhiệm miễn,1.0000
vn,nhiem minh,nhiệm minh,1.0000
vn,nhiem mo,nhiệm mở,1.0000
vn,nhiem moi,nhiễm môi,0.9518
vn,nhiem neu,nhiệm nếu,1.0000
vn,nhiem nghe,nhiệm nghề,1.0000
vn,nhiem nghi,nhiệm nghỉ,1.0000
vn,nhiem nghien,nhiệm nghiên,1.0000
vn,nhiem nguoi,nhiệm người,0.9091
vn,nhiem nguon,nhiễm nguồn,1.0000
vn,nhiem nhap,nhiệm nhập,1.0000
vn,nhiem nhiem,nhiệm nhiệm,1.0000
vn,nhiem nhung,nhiệm những,0.9524
vn,nhiem nop,nhiệm nộp,1.0000
vn,nhiem phai,nhiệm phải,0.9286
vn,nhiem phap,nhiệm pháp,1.0000
vn,nhiem phe,nhiệm phê,1.0000
vn,nhiem phoi,nhiệm phối,1.0000
vn,nhiem phong,nhiệm phòng,1.0000
vn,nhiem quan,nhiệm quản,0.9949
vn,nhiem quy,nhiệm quy,1.0000
vn,nhiem quyen,nhiệm quyền,1.0000
vn,nhiem quyet,nhiệm quyết,1.0000
vn,nhiem sau,nhiệm sau,1.0000
vn,nhiem su,nhiệm sử,1.0000
vn,nhiem suy,nhiễm suy,1.0000
vn,nhiem tao,nhiệm tạo,1.0000
vn,nhiem theo,nhiệm theo,1.0000
vn,nhiem thi,nhiệm thi,0.9984
vn,nhiem thong,nhiệm thông,0.9764
vn,nhiem thu,nhiệm thu,0.9686
vn,nhiem thuc,nhiệm thực,0.9972
vn,nhiem thue,nhiệm thuê,1.0000
vn,nhiem thuong,nhiệm thường,1.0000
vn,nhiem tiep,nhiệm tiếp,1.0000
vn,nhiem to,nhiệm tổ,1.0000
vn,nhiem toan,nhiệm toàn,1.0000
vn,nhiem toi,nhiệm tối,1.0000
vn,nhiem tong,nhiệm tổng,1.0000
vn,nhiem tra,nhiệm trả,0.9570
vn,nhiem trien,nhiệm triển,1.0000
vn,nhiem trinh,nhiệm trình,1.0000
vn,nhiem trong,nhiệm trong,1.0000
vn,nhiem truoc,nhiệm trước,0.9981
vn,nhiem tuan,nhiệm tuân,1.0000
vn,nhiem va,nhiệm và,1.0000
vn,nhiem vao,nhiệm vào,1.0000
vn,nhiem ve,nhiệm về,1.0000
vn,nhiem voi,nhiệm với,0.9474
vn,nhiem vu,nhiệm vụ,0.9999
vn,nhiem vuduoc,nhiệm vụđược,1.0000
vn,nhiem vuhoac,nhiệm vụhoặc,1.0000
vn,nhiem vukhac,nhiệm vụkhác,1.0000
vn,nhiem website,nhiệm website,1.0000
vn,nhiem xac,nhiệm xác,1.0000
vn,nhiem xay,nhiệm xây,1.0000
vn,nhiem xem,nhiệm xem,1.0000
vn,nhiem xet,nhiệm xét,1.0000
vn,nhiem xu,nhiệm xử,1.0000
vn,nhiem xuat,nhiệm xuất,1.0000
vn,nhiem yeu,nhiệm yêu,1.0000
vn,nhien bat,nhiên bất,1.0000
vn,nhien duoc,nhiên được,1.0000
vn,nhien lieu,nhiên liệu,1.0000
vn,nhien mat,nhiên mất,1.0000
vn,nhien tat,nhiên tất,1.0000
vn,nhien theo,nhiên theo,1.0000
vn,nhien tim,nhiên tìm,1.0000
vn,nhien trong,nhiên trong,1.0000
vn,nhien va,nhiên và,1.0000
vn,nhiet do,nhiệt độ,0.9286
vn,nhiet nang,nhiệt năng,1.0000
vn,nhieu bien,nhiều biện,1.0000
vn,nhieu bo,nhiều bộ,1.0000
vn,nhieu buoc,nhiều bước,1.0000
vn,nhieu chuc,nhiều chức,1.0000
vn,nhieu dexuat,nhiều đềxuất,1.0000
vn,nhieu dia,nhiều địa,1.0000
vn,nhieu dong,nhiều đóng,0.9762
vn,nhieu gay,nhiễu gây,1.0000
vn,nhieu gia,nhiều giá,1.0000
vn,nhieu hanh,nhiều hành,1.0000
vn,nhieu he,nhiều hệ,1.0000
vn,nhieu hinh,nhiều hình,1.0000
vn,nhieu hoat,nhiều hoạt,1.0000
vn,nhieu hon,nhiều hơn,1.0000
vn,nhieu lan,nhiều lần,1.0000
vn,nhieu linh,nhiều lĩnh,1.0000
vn,nhieu lo,nhiều lô,0.9286
vn,nhieu loai,nhiều loại,1.0000
vn,nhieu nam,nhiều năm,1.0000
vn,nhieu ngan,nhiều ngân,1.0000
vn,nhieu nguoi,nhiều người,1.0000
vn,nhieu nguon,nhiều nguồn,1.0000
vn,nhieu nhat,nhiều nhất,1.0000
vn,nhieu tai,nhiều tài,1.0000
vn,nhieu thanh,nhiều thành,1.0000
vn,nhieu thua,nhiều thửa,1.0000
vn,nhieu van,nhiều văn,1.0000
vn,nhnn bang,nhnn bằng,1.0000
vn,nhnn bao,nhnn báo,1.0000
vn,nhnn buoc,nhnn bước,1.0000
vn,nhnn cap,nhnn cấp,1.0000
vn,nhnn cua,nhnn của,1.0000
vn,nhnn cuc,nhnn cục,1.0000
vn,nhnn da,nhnn đã,1.0000
vn,nhnn de,nhnn để,1.0000
vn,nhnn deb,nhnn đểb,1.0000
vn,nhnn doi,nhnn đối,1.0000
vn,nhnn hoac,nhnn hoặc,1.0000
vn,nhnn hoat,nhnn hoạt,1.0000
vn,nhnn ma,nhnn mã,1.0000
vn,nhnn mau,nhnn mẫu,1.0000
vn,nhnn ngan,nhnn ngân,1.0000
vn,nhnn ngay,nhnn ngày,1.0000
vn,nhnn nhan,nhnn nhận,1.0000
vn,nhnn nhu,nhnn như,1.0000
vn,nhnn quyet,nhnn quyết,1.0000
vn,nhnn sua,nhnn sửa,1.0000
vn,nhnn totrinh,nhnn tờtrình,1.0000
vn,nhnn va,nhnn và,1.0000
vn,nhnn van,nhnn văn,1.0000
vn,nhnn viet,nhnn việt,1.0000
vn,nhnn yeu,nhnn yêu,1.0000
vn,nho hon,nhỏ hơn,1.0000
vn,nho thu,nhờ thu,1.0000
vn,nho va,nhỏ và,1.0000
vn,nhom 1,nhóm 1,1.0000
vn,nhom 2,nhóm 2,1.0000
vn,nhom 25,nhóm 25,1.0000
vn,nhom 3,nhóm 3,1.0000
vn,nhom 4,nhóm 4,1.0000
vn,nhom 5,nhóm 5,1.0000
vn,nhom 87,nhóm 87,1.0000
vn,nhom 98,nhóm 98,1.0000
vn,nhom a,nhóm a,1.0000
vn,nhom b,nhóm b,1.0000
vn,nhom c,nhóm c,1.0000
vn,nhom chi,nhóm chỉ,1.0000
vn,nhom dat,nhóm đất,1.0000
vn,nhom doanh,nhóm doanh,1.0000
vn,nhom du,nhóm dữ,0.9453
vn,nhom gom,nhóm gồm,1.0000
vn,nhom hoat,nhóm hoạt,1.0000
vn,nhom i,nhóm i,1.0000
vn,nhom ii,nhóm ii,1.0000
vn,nhom khach,nhóm khách,1.0000
vn,nhom lop,nhóm lớp,1.0000
vn,nhom mat,nhóm mặt,1.0000
vn,nhom mau,nhóm máu,1.0000
vn,nhom muc,nhóm mục,1.0000
vn,nhom nghien,nhóm nghiên,1.0000
vn,nhom nguoi,nhóm người,1.0000
vn,nhom no,nhóm nợ,1.0000
vn,nhom quy,nhóm quy,1.0000
vn,nhom san,nhóm sản,1.0000
vn,nhom tai,nhóm tài,1.0000
vn,nhom thong,nhóm thông,1.0000
vn,nhom thu,nhóm thủ,0.9091
vn,nhom tu,nhóm từ,0.9474
vn,nhom xe,nhóm xe,1.0000
vn,nhu a,như a,1.0000
vn,nhu ban,như bản,0.9167
vn,nhu cac,như các,1.0000
vn,nhu cau,nhu cầu,1.0000
vn,nhu da,như đã,1.0000
vn,nhu dieu,như điều,1.0000
vn,nhu doanh,như doanh,1.0000
vn,nhu doi,như đối,1.0000
vn,nhu duong,như đường,1.0000
vn,nhu ket,như kết,1.0000
vn,nhu khong,như không,1.0000
vn,nhu mot,như một,1.0000
vn,nhu nist,như nist,1.0000
vn,nhu quy,như quy,1.0000
vn,nhu sau,như sau,1.0000
vn,nhu thong,như thông,1.0000
vn,nhu tren,như trên,1.0000
vn,nhu truong,như trường,0.9565
vn,nhu vi,như vi,0.9091
vn,nhu yeu,như yêu,1.0000
vn,nhua pvc,nhựa pvc,1.0000
vn,nhuan chua,nhuận chưa,1.0000
vn,nhuan con,nhuận còn,1.0000
vn,nhuan cua,nhuận của,1.0000
vn,nhuan doi,nhuận đối,1.0000
vn,nhuan duoc,nhuận được,1.0000
vn,nhuan sau,nhuận sau,1.0000
vn,nhuan truoc,nhuận trước,1.0000
vn,nhuan va,nhuận và,1.0000
vn,nhuc vu,nhục vu,1.0000
vn,nhung bi,nhưng bị,0.9189
vn,nhung chua,nhưng chưa,1.0000
vn,nhung con,nhưng còn,1.0000
vn,nhung cung,nhưng cùng,0.9000
vn,nhung da,nhưng đã,1.0000
vn,nhung den,nhưng đến,1.0000
vn,nhung di,những di,1.0000
vn,nhung dieu,những điều,0.9091
vn,nhung duoi,nhưng dưới,1.0000
vn,nhung giao,những giao,1.0000
vn,nhung hanh,những hành,1.0000
vn,nhung hoat,những hoạt,0.9167
vn,nhung khoan,những khoản,1.0000
vn,nhung khong,nhưng không,0.9988
vn,nhung kinh,nhũng kinh,0.9167
vn,nhung lang,nhũng lãng,1.0000
vn,nhung nam,những năm,0.9167
vn,nhung nguoi,những người,0.9240
vn,nhung nhiem,những nhiệm,1.0000
vn,nhung noi,những nội,0.9421
vn,nhung phai,nhưng phải,1.0000
vn,nhung phong,nhũng phòng,1.0000
vn,nhung quy,những quy,0.9655
vn,nhung rui,những rủi,1.0000
vn,nhung sai,những sai,0.9333
vn,nhung sau,nhưng sau,1.0000
vn,nhung su,những sự,0.9333
vn,nhung tac,những tác,1.0000
vn,nhung thanh,những thành,1.0000
vn,nhung thay,những thay,1.0000
vn,nhung thong,những thông,0.9391
vn,nhung tinh,những tình,0.9500
vn,nhung tong,nhưng tổng,1.0000
vn,nhung truong,những trường,1.0000
vn,nhung tu,những từ,0.9318
vn,nhung va,nhũng và,1.0000
vn,nhung vu,những vụ,1.0000
vn,nhung vuong,những vướng,1.0000
vn,nhung yeu,những yêu,0.9091
vn,nhuong 3,nhượng 3,1.0000
vn,nhuong a,nhượng a,1.0000
vn,nhuong b,nhượng b,1.0000
vn,nhuong ban,nhượng bán,0.9231
vn,nhuong bao,nhượng bao,1.0000
vn,nhuong ben,nhượng bên,1.0000
vn,nhuong c,nhượng c,1.0000
vn,nhuong cac,nhượng các,1.0000
vn,nhuong cho,nhượng cho,1.0000
vn,nhuong chuyen,nhượng chuyển,1.0000
vn,nhuong co,nhượng có,0.9371
vn,nhuong da,nhượng đã,1.0000
vn,nhuong de,nhượng để,1.0000
vn,nhuong dieu,nhượng điều,1.0000
vn,nhuong du,nhượng dự,1.0000
vn,nhuong gia,nhượng giá,1.0000
vn,nhuong giay,nhượng giấy,1.0000
vn,nhuong gop,nhượng góp,1.0000
vn,nhuong hoac,nhượng hoặc,1.0000
vn,nhuong hoan,nhượng hoàn,1.0000
vn,nhuong ke,nhượng kể,0.9333
vn,nhuong khong,nhượng không,1.0000
vn,nhuong la,nhượng là,1.0000
vn,nhuong lam,nhượng làm,1.0000
vn,nhuong mot,nhượng một,1.0000
vn,nhuong neu,nhượng nếu,1.0000
vn,nhuong nhan,nhượng nhận,1.0000
vn,nhuong pc,nhưỡng pc,1.0000
vn,nhuong phai,nhượng phải,1.0000
vn,nhuong phan,nhượng phần,0.9500
vn,nhuong quyen,nhượng quyền,1.0000
vn,nhuong tai,nhượng tài,0.9559
vn,nhuong theo,nhượng theo,1.0000
vn,nhuong thi,nhượng thì,1.0000
vn,nhuong thonhuong,nhưỡng thonhuong,1.0000
vn,nhuong thuc,nhượng thực,1.0000
vn,nhuong thue,nhượng thuê,1.0000
vn,nhuong trai,nhượng trái,1.0000
vn,nhuong trong,nhượng trong,1.0000
vn,nhuong tru,nhượng trừ,1.0000
vn,nhuong va,nhượng và,1.0000
vn,nhuong vao,nhượng vào,1.0000
vn,nhuong von,nhượng vốn,1.0000
vn,niem chuong,niệm chương,1.0000
vn,niem phong,niêm phong,1.0000
vn,niem yet,niêm yết,1.0000
vn,nien do,niên độ,1.0000
vn,nien han,niên hạn,1.0000
vn,nien va,niên và,1.0000
vn,nien vuot,niên vượt,1.0000
vn,nien xung,niên xung,1.0000
vn,niloticus va,niloticus và,1.0000
vn,ninh bang,ninh bằng,0.9444
vn,ninh bao,ninh bảo,0.9423
vn,ninh binh,ninh bình,1.0000
vn,ninh bo,ninh bộ,1.0000
vn,ninh chinh,ninh chính,1.0000
vn,ninh cua,ninh của,1.0000
vn,ninh dien,ninh điện,1.0000
vn,ninh doi,ninh đối,1.0000
vn,ninh du,ninh dữ,1.0000
vn,ninh duoc,ninh được,1.0000
vn,ninh gay,ninh gây,1.0000
vn,ninh hang,ninh hàng,0.9935
vn,ninh he,ninh hệ,1.0000
vn,ninh hoac,ninh hoặc,1.0000
vn,ninh mang,ninh mạng,0.9994
vn,ninh noi,ninh nội,1.0000
vn,ninh nong,ninh nồng,1.0000
vn,ninh phat,ninh phát,1.0000
vn,ninh phuc,ninh phúc,0.9412
vn,ninh quoc,ninh quốc,1.0000
vn,ninh thi,ninh thì,1.0000
vn,ninh thong,ninh thông,1.0000
vn,ninh trat,ninh trật,1.0000
vn,ninh va,ninh và,1.0000
vn,no 1,nợ 1,1.0000
vn,no 3,nợ 3,1.0000
vn,no b,nợ b,0.9630
vn,no ben,nợ bên,1.0000
vn,no bi,nợ bị,1.0000
vn,no c,nợ c,0.9000
vn,no cap,nợ cấp,1.0000
vn,no cho,nợ cho,0.9821
vn,no con,nợ còn,1.0000
vn,no cong,nổ công,0.9143
vn,no cua,nợ của,1.0000
vn,no da,nợ đã,1.0000
vn,no dang,nợ đang,1.0000
vn,no den,nợ đến,0.9750
vn,no doi,nợ đối,0.9403
vn,no dung,nợ đúng,1.0000
vn,no duoc,nợ được,0.9383
vn,no gan,nợ gắn,1.0000
vn,no giua,nợ giữa,1.0000
vn,no goc,nợ gốc,1.0000
vn,no khac,nợ khác,0.9474
vn,no khi,nợ khi,1.0000
vn,no khoan,nợ khoản,1.0000
vn,no khong,nợ không,1.0000
vn,no la,nợ là,1.0000
vn,no lai,nợ lãi,1.0000
vn,no neu,nợ nếu,0.9167
vn,no ngan,nợ ngân,0.9091
vn,no nghia,nợ nghĩa,1.0000
vn,no nhom,nợ nhóm,1.0000
vn,no nuoc,nợ nước,1.0000
vn,no phai,nợ phải,0.9862
vn,no ra,nợ ra,1.0000
vn,no rong,nợ ròng,1.0000
vn,no tai,nợ tài,0.9536
vn,no the,nợ thẻ,0.9737
vn,no theo,nợ theo,0.9211
vn,no thu,nợ thu,0.9259
vn,no thuc,nợ thực,1.0000
vn,no thuoc,nổ thuốc,0.9355
vn,no tien,nợ tiền,0.9444
vn,no tin,nợ tín,1.0000
vn,no to,nợ tổ,1.0000
vn,no toi,nợ tối,1.0000
vn,no truoc,nợ trước,1.0000
vn,no tu,nợ từ,0.9167
vn,no va,nợ và,0.9226
vn,no vay,nợ vay,1.0000
vn,no voi,nợ với,0.9091
vn,no von,nợ vốn,1.0000
vn,no xau,nợ xấu,1.0000
vn,noi 2019,nội 2019,1.0000
vn,noi bo,nội bộ,0.9986
vn,noi bodoan,nội bộđoàn,1.0000
vn,noi cac,nối các,0.9259
vn,noi chia,nối chia,1.0000
vn,noi chua,nơi chưa,1.0000
vn,noi chuyen,nơi chuyển,1.0000
vn,noi cu,nơi cư,0.9896
vn,noi dat,nơi đặt,0.9780
vn,noi dh,nội đh,1.0000
vn,noi dia,nội địa,0.9985
vn,noi dich,nối dịch,0.9167
vn,noi doanh,nơi doanh,1.0000
vn,noi don,nơi đơn,1.0000
vn,noi dung,nội dung,0.9998
vn,noi gan,nơi gần,1.0000
vn,noi giao,nơi giao,0.9844
vn,noi giua,nối giữa,1.0000
vn,noi gui,nơi gửi,1.0000
vn,noi hang,nơi hàng,0.9091
vn,noi he,nối hệ,1.0000
vn,noi internet,nối internet,1.0000
vn,noi khac,nơi khác,1.0000
vn,noi khach,nơi khách,1.0000
vn,noi khoi,nội khối,1.0000
vn,noi ky,nối kỹ,0.9615
vn,noi lam,nơi làm,1.0000
vn,noi lien,nối liên,1.0000
vn,noi luu,nơi lưu,1.0000
vn,noi mang,nối mạng,0.9709
vn,noi mo,nơi mở,1.0000
vn,noi ngay,nội ngày,0.9286
vn,noi nghiep,nội nghiệp,1.0000
vn,noi nguoi,nơi người,0.9740
vn,noi nha,nơi nhà,0.9286
vn,noi nhan,nơi nhận,0.9984
vn,noi nop,nơi nộp,1.0000
vn,noi o,nơi ở,1.0000
vn,noi pham,nơi phạm,1.0000
vn,noi phuc,nối phục,0.9333
vn,noi quy,nội quy,0.9496
vn,noi san,nơi sản,1.0000
vn,noi sinh,nơi sinh,0.9375
vn,noi tam,nơi tạm,1.0000
vn,noi thuong,nơi thường,1.0000
vn,noi thuy,nội thủy,0.9524
vn,noi tich,nối tích,0.9787
vn,noi tiep,nơi tiếp,0.9324
vn,noi to,nơi tổ,0.9908
vn,noi toi,nối tới,1.0000
vn,noi trao,nối trao,1.0000
vn,noi truc,nối trực,0.9762
vn,noi truy,nối truy,1.0000
vn,noi vien,nối viễn,0.9600
vn,noi viet,nói việt,0.9000
vn,noi voi,nối với,0.9945
vn,noi vu,nội vụ,1.0000
vn,noi xay,nơi xảy,1.0000
vn,noluc vuot,nỗlực vượt,1.0000
vn,none mau,none màu,1.0000
vn,nong dan,nông dân,1.0000
vn,nong do,nồng độ,0.9524
vn,nong lam,nông lâm,1.0000
vn,nong nghiep,nông nghiệp,1.0000
vn,nong nuoc,nóng nước,1.0000
vn,nong thon,nông thôn,0.9842
vn,nong truong,nông trường,1.0000
vn,nop 01,nộp 01,1.0000
vn,nop ban,nộp bản,1.0000
vn,nop bang,nộp bằng,0.9636
vn,nop bao,nộp báo,0.9681
vn,nop bo,nộp bổ,1.0000
vn,nop cac,nộp các,1.0000
vn,nop cham,nộp chậm,1.0000
vn,nop cho,nộp cho,1.0000
vn,nop cua,nộp của,1.0000
vn,nop day,nộp đầy,1.0000
vn,nop den,nộp đến,1.0000
vn,nop don,nộp đơn,1.0000
vn,nop duoc,nộp được,1.0000
vn,nop giay,nộp giấy,1.0000
vn,nop ho,nộp hồ,0.9970
vn,nop hoac,nộp hoặc,1.0000
vn,nop hoan,nộp hoàn,1.0000
vn,nop hoso,nộp hồsơ,1.0000
vn,nop khi,nộp khi,1.0000
vn,nop khoan,nộp khoản,1.0000
vn,nop khong,nộp không,1.0000
vn,nop lai,nộp lại,1.0000
vn,nop le,nộp lệ,1.0000
vn,nop mau,nộp mẫu,1.0000
vn,nop mot,nộp một,1.0000
vn,nop neu,nộp nếu,0.9500
vn,nop ngan,nộp ngân,1.0000
vn,nop nsnn,nộp nsnn,1.0000
vn,nop phai,nộp phải,1.0000
vn,nop phat,nộp phạt,1.0000
vn,nop phi,nộp phí,1.0000
vn,nop phieu,nộp phiếu,1.0000
vn,nop quan,nộp quản,1.0000
vn,nop rut,nộp rút,1.0000
vn,nop so,nộp số,1.0000
vn,nop tai,nộp tài,0.9186
vn,nop thay,nộp thay,1.0000
vn,nop them,nộp thêm,1.0000
vn,nop theo,nộp theo,1.0000
vn,nop thoi,nộp thời,1.0000
vn,nop thua,nộp thừa,1.0000
vn,nop thue,nộp thuế,0.9991
vn,nop tien,nộp tiền,1.0000
vn,nop toan,nộp toàn,1.0000
vn,nop tren,nộp trên,1.0000
vn,nop trong,nộp trong,1.0000
vn,nop truc,nộp trực,1.0000
vn,nop va,nộp và,1.0000
vn,nop van,nộp văn,1.0000
vn,nop vao,nộp vào,1.0000
vn,nop ve,nộp về,1.0000
vn,nop xuat,nộp xuất,1.0000
vn,nsnn cua,nsnn của,1.0000
vn,nsnn dien,nsnn điện,1.0000
vn,nstw nam,nstw năm,1.0000
vn,nu 05,nữ 05,1.0000
vn,nu ii,nữ ii,1.0000
vn,nui phia,núi phía,1.0000
vn,nui va,núi và,1.0000
vn,nui vung,núi vùng,1.0000
vn,number cua,number của,1.0000
vn,number dien,number diện,1.0000
vn,nuoc 03,nước 03,1.0000
vn,nuoc 1,nước 1,1.0000
vn,nuoc 10,nước 10,1.0000
vn,nuoc 11,nước 11,1.0000
vn,nuoc 13,nước 13,1.0000
vn,nuoc 2,nước 2,1.0000
vn,nuoc 24,nước 24,1.0000
vn,nuoc 3,nước 3,0.9964
vn,nuoc 4,nước 4,1.0000
vn,nuoc 5,nước 5,1.0000
vn,nuoc 6,nước 6,1.0000
vn,nuoc 7,nước 7,1.0000
vn,nuoc 8,nước 8,1.0000
vn,nuoc 9,nước 9,1.0000
vn,nuoc a,nước a,1.0000
vn,nuoc ap,nước áp,1.0000
vn,nuoc b,nước b,1.0000
vn,nuoc ban,nước ban,0.9147
vn,nuoc bat,nước bắt,1.0000
vn,nuoc ben,nước bên,1.0000
vn,nuoc bien,nước biển,1.0000
vn,nuoc bodulieuvungcanuocid,nước bodulieuvungcanuocid,1.0000
vn,nuoc c,nước c,0.9908
vn,nuoc ca,nước cá,0.9535
vn,nuoc cac,nước các,1.0000
vn,nuoc cang,nước cảng,1.0000
vn,nuoc cao,nước cao,1.0000
vn,nuoc cap,nước cấp,1.0000
vn,nuoc chap,nước chấp,1.0000
vn,nuoc chi,nước chi,0.9509
vn,nuoc chinh,nước chính,0.9714
vn,nuoc chiu,nước chịu,1.0000
vn,nuoc cho,nước cho,1.0000
vn,nuoc chu,nước chủ,1.0000
vn,nuoc chua,nước chưa,0.9831
vn,nuoc chuan,nước chuẩn,1.0000
vn,nuoc co,nước có,0.9691
vn,nuoc con,nước còn,0.9333
vn,nuoc cua,nước của,1.0000
vn,nuoc cuc,nước cục,1.0000
vn,nuoc da,nước đã,1.0000
vn,nuoc dam,nước đảm,0.9831
vn,nuoc dap,nước đáp,1.0000
vn,nuoc dau,nước đầu,0.9930
vn,nuoc de,nước để,0.9516
vn,nuoc den,nước đến,1.0000
vn,nuoc denghi,nước đềnghị,1.0000
vn,nuoc detang,nước đểtặng,1.0000
vn,nuoc detruy,nước đểtruy,1.0000
vn,nuoc di,nước đi,0.9091
vn,nuoc dieu,nước điều,1.0000
vn,nuoc dinh,nước định,0.9533
vn,nuoc doanh,nước doanh,1.0000
vn,nuoc doi,nước đối,0.9599
vn,nuoc don,nước đơn,1.0000
vn,nuoc duoc,nước được,1.0000
vn,nuoc duoi,nước dưới,1.0000
vn,nuoc e,nước e,1.0000
vn,nuoc g,nước g,1.0000
vn,nuoc gay,nước gây,1.0000
vn,nuoc giam,nước giám,0.9620
vn,nuoc giao,nước giao,1.0000
vn,nuoc giua,nước giữa,1.0000
vn,nuoc goi,nước gọi,1.0000
vn,nuoc gom,nước gồm,1.0000
vn,nuoc gop,nước góp,1.0000
vn,nuoc gui,nước gửi,1.0000
vn,nuoc hach,nước hạch,1.0000
vn,nuoc he,nước hệ,1.0000
vn,nuoc hoac,nước hoặc,1.0000
vn,nuoc hoan,nước hoàn,1.0000
vn,nuoc hoat,nước hoạt,1.0000
vn,nuoc hoi,nước hội,1.0000
vn,nuoc huong,nước hướng,1.0000
vn,nuoc iv,nước iv,1.0000
vn,nuoc khac,nước khác,0.9912
vn,nuoc khen,nước khen,1.0000
vn,nuoc khi,nước khi,0.9651
vn,nuoc kho,nước kho,1.0000
vn,nuoc khoang,nước khoáng,1.0000
vn,nuoc khong,nước không,0.9969
vn,nuoc khu,nước khu,1.0000
vn,nuoc khuyen,nước khuyến,1.0000
vn,nuoc kiem,nước kiểm,1.0000
vn,nuoc kinh,nước kinh,0.9500
vn,nuoc la,nước là,1.0000
vn,nuoc lam,nước làm,1.0000
vn,nuoc lap,nước lập,1.0000
vn,nuoc lay,nước lấy,1.0000
vn,nuoc lien,nước liên,1.0000
vn,nuoc linh,nước lĩnh,1.0000
vn,nuoc lon,nước lớn,1.0000
vn,nuoc luat,nước luật,1.0000
vn,nuoc luong,nước luồng,1.0000
vn,nuoc manh,nước mạnh,1.0000
vn,nuoc mat,nước mặt,1.0000
vn,nuoc mau,nước mẫu,1.0000
vn,nuoc muoi,nước muối,1.0000
vn,nuoc nam,nước nắm,0.9119
vn,nuoc neu,nước nếu,0.9583
vn,nuoc ngam,nước ngầm,1.0000
vn,nuoc ngan,nước ngân,0.9744
vn,nuoc nghe,nước nghệ,1.0000
vn,nuoc nghi,nước nghị,0.9643
vn,nuoc ngoai,nước ngoài,0.9996
vn,nuoc nguoi,nước người,1.0000
vn,nuoc nguon,nước nguồn,1.0000
vn,nuoc nham,nước nhằm,1.0000
vn,nuoc nhan,nước nhận,0.9679
vn,nuoc nho,nước nhỏ,1.0000
vn,nuoc nhu,nước như,0.9024
vn,nuoc nong,nước nóng,1.0000
vn,nuoc nuoc,nước nước,1.0000
vn,nuoc o,nước ở,1.0000
vn,nuoc phai,nước phải,1.0000
vn,nuoc phap,nước pháp,1.0000
vn,nuoc phat,nước phát,0.9024
vn,nuoc phe,nước phê,1.0000
vn,nuoc phoi,nước phối,1.0000
vn,nuoc phuc,nước phục,1.0000
vn,nuoc phuong,nước phương,1.0000
vn,nuoc quan,nước quản,0.9942
vn,nuoc quoc,nước quốc,1.0000
vn,nuoc quy,nước quy,0.9542
vn,nuoc quyen,nước quyền,1.0000
vn,nuoc quyet,nước quyết,1.0000
vn,nuoc ra,nước ra,0.9500
vn,nuoc sach,nước sạch,1.0000
vn,nuoc sai,nước sai,1.0000
vn,nuoc sang,nước sang,1.0000
vn,nuoc sau,nước sau,1.0000
vn,nuoc se,nước sẽ,1.0000
vn,nuoc stt,nước stt,1.0000
vn,nuoc su,nước sử,1.0000
vn,nuoc sua,nước sửa,1.0000
vn,nuoc tai,nước tại,0.9634
vn,nuoc tam,nước tạm,1.0000
vn,nuoc tang,nước tặng,1.0000
vn,nuoc ten,nước tên,1.0000
vn,nuoc thai,nước thải,0.9961
vn,nuoc thay,nước thay,0.9000
vn,nuoc theo,nước theo,0.9988
vn,nuoc thi,nước thì,0.9901
vn,nuoc thoat,nước thoát,1.0000
vn,nuoc thoi,nước thời,1.0000
vn,nuoc thong,nước thông,0.9360
vn,nuoc thuc,nước thực,0.9902
vn,nuoc thuoc,nước thuộc,1.0000
vn,nuoc tiep,nước tiếp,1.0000
vn,nuoc tiet,nước tiết,1.0000
vn,nuoc to,nước tổ,1.0000
vn,nuoc toan,nước toàn,1.0000
vn,nuoc toi,nước tối,1.0000
vn,nuoc tong,nước tổng,1.0000
vn,nuoc tren,nước trên,1.0000
vn,nuoc trien,nước triển,1.0000
vn,nuoc trinh,nước trình,1.0000
vn,nuoc trong,nước trong,1.0000
vn,nuoc truc,nước trực,1.0000
vn,nuoc trung,nước trung,1.0000
vn,nuoc truoc,nước trước,1.0000
vn,nuoc truong,nước trường,0.9778
vn,nuoc uu,nước ưu,1.0000
vn,nuoc uy,nước ủy,0.9500
vn,nuoc va,nước và,0.9993
vn,nuoc van,nước văn,0.9452
vn,nuoc vao,nước vào,1.0000
vn,nuoc ve,nước về,0.9973
vn,nuoc viec,nước việc,1.0000
vn,nuoc viet,nước việt,0.9972
vn,nuoc voi,nước với,1.0000
vn,nuoc von,nước vốn,1.0000
vn,nuoc vu,nước vụ,1.0000
vn,nuoc vung,nước vùng,1.0000
vn,nuoc vuot,nước vượt,1.0000
vn,nuoc vutochuc,nước vụtổchức,1.0000
vn,nuoc xa,nước xả,1.0000
vn,nuoc xac,nước xác,1.0000
vn,nuoc xang,nước xăng,1.0000
vn,nuoc xem,nước xem,1.0000
vn,nuoc xet,nước xét,1.0000
vn,nuoc xu,nước xử,1.0000
vn,nuoc xuat,nước xuất,1.0000
vn,nuoc xuly,nước xửlý,1.0000
vn,nuoc yeu,nước yêu,1.0000
vn,nuoi 1,nuôi 1,1.0000
vn,nuoi 3,nuôi 3,1.0000
vn,nuoi anh,nuôi anh,1.0000
vn,nuoi bao,nuôi bao,1.0000
vn,nuoi bi,nuôi bị,1.0000
vn,nuoi con,nuôi con,1.0000
vn,nuoi duong,nuôi dưỡng,1.0000
vn,nuoi me,nuôi mẹ,1.0000
vn,nuoi nguon,nuôi nguồn,1.0000
vn,nuoi san,nuôi sản,1.0000
vn,nuoi sinh,nuôi sinh,1.0000
vn,nuoi ten,nuôi tên,1.0000
vn,nuoi thuc,nuôi thức,0.9167
vn,nuoi thuy,nuôi thủy,1.0000
vn,nuoi trong,nuôi trồng,0.9878
vn,nuoi va,nuôi và,1.0000
vn,o bien,ở biển,0.9333
vn,o cac,ở các,0.9483
vn,o cap,ở cấp,0.9375
vn,o che,ở chế,1.0000
vn,o cho,ở cho,1.0000
vn,o cong,ở công,1.0000
vn,o cu,ở cự,0.9697
vn,o cua,ở của,1.0000
vn,o dang,ở dạng,0.9709
vn,o dat,ở đất,0.9459
vn,o dia,ở địa,0.9667
vn,o duoc,ở được,1.0000
vn,o giao,ở giao,0.9257
vn,o giay,ở giấy,1.0000
vn,o giua,ở giữa,1.0000
vn,o ha,ở hạ,1.0000
vn,o hien,ở hiện,0.9245
vn,o hoac,ở hoặc,1.0000
vn,o hop,ở hợp,1.0000
vn,o khau,ở khâu,1.0000
vn,o khoan,o khoản,0.9608
vn,o khu,ở khu,1.0000
vn,o kinh,ở kinh,0.9000
vn,o mau,ô màu,0.9231
vn,o mot,ở một,1.0000
vn,o muc,ở mức,0.9545
vn,o ngoai,ở ngoài,1.0000
vn,o nguoi,ở người,1.0000
vn,o nha,ở nhà,0.9899
vn,o nhiem,ô nhiễm,1.0000
vn,o nhieu,ở nhiều,1.0000
vn,o nong,ở nông,1.0000
vn,o nuoc,ở nước,1.0000
vn,o phap,ở pháp,1.0000
vn,o quan,ơ quan,0.9189
vn,o quoc,ở quốc,1.0000
vn,o rieng,ở riêng,1.0000
vn,o sinh,ở sinh,1.0000
vn,o theo,ở theo,1.0000
vn,o thi,ở thì,0.9630
vn,o thuoc,ở thuộc,1.0000
vn,o tinh,ở tỉnh,1.0000
vn,o to,ô tô,0.9916
vn,o tren,ở trên,1.0000
vn,o trong,ở trong,1.0000
vn,o trung,ở trung,0.9965
vn,o truoc,ở trước,1.0000
vn,o va,ở và,0.9886
vn,o viet,ở việt,1.0000
vn,o vung,ở vùng,1.0000
vn,o xa,ở xã,1.0000
vn,o xto,ô xtơ,1.0000
vn,o xu,o xử,1.0000
vn,odia phuong,ởđịa phương,1.0000
vn,om dau,ốm đau,1.0000
vn,omot trong,ởmột trong,1.0000
vn,on dinh,ổn định,1.0000
vn,on phan,on phần,1.0000
vn,ong ba,ông bà,1.0000
vn,ong bien,ống biển,1.0000
vn,ong dan,ống dẫn,1.0000
vn,ong hoa,ong hóa,1.0000
vn,ong hoac,ống hoặc,1.0000
vn,ong luong,ông lương,1.0000
vn,ong nguyen,ông nguyễn,0.9200
vn,ong trinh,ơng trình,1.0000
vn,onhiem chuoi,onhiem chuỗi,1.0000
vn,onuoc ngoai,ởnước ngoài,1.0000
vn,otp co,otp có,0.9375
vn,otp duoc,otp được,1.0000
vn,otp gui,otp gửi,1.0000
vn,otp la,otp là,1.0000
vn,otp loai,otp loại,1.0000
vn,otp phai,otp phải,1.0000
vn,p khoan,p khoản,1.0000
vn,p xu,p xử,1.0000
vn,pakn bat,pakn bắt,1.0000
vn,pano phuc,pano phục,1.0000
vn,pc de,pc để,1.0000
vn,pcn tro,pcn trợ,1.0000
vn,pdf de,pdf để,1.0000
vn,pdf phien,pdf phiên,1.0000
vn,pha che,pha chế,0.9444
vn,pha do,phá dỡ,0.9950
vn,pha hoai,phá hoại,1.0000
vn,pha huy,phá hủy,0.9474
vn,pha roi,phá rối,1.0000
vn,pha san,phá sản,1.0000
vn,phac do,phác đồ,1.0000
vn,phai 1,phải 1,0.9091
vn,phai a,phải a,0.9231
vn,phai ap,phải áp,1.0000
vn,phai bang,phải bằng,1.0000
vn,phai bi,phải bị,1.0000
vn,phai boi,phải bồi,1.0000
vn,phai can,phải căn,1.0000
vn,phai cham,phải chấm,1.0000
vn,phai chap,phải chấp,1.0000
vn,phai chia,phải chia,1.0000
vn,phai chiu,phải chịu,1.0000
vn,phai chung,phải chứng,1.0000
vn,phai chuyen,phải chuyển,1.0000
vn,phai co,phải có,0.9875
vn,phai cong,phải công,0.9907
vn,phai cua,phải của,1.0000
vn,phai cung,phải cung,0.9630
vn,phai dam,phải đảm,1.0000
vn,phai dang,phải đăng,0.9917
vn,phai danh,phải đánh,0.9730
vn,phai dap,phải đáp,1.0000
vn,phai dieu,phải điều,1.0000
vn,phai doan,phái đoàn,1.0000
vn,phai duoc,phải được,0.9846
vn,phai duy,phải duy,1.0000
vn,phai gan,phải gắn,1.0000
vn,phai gap,phải gặp,1.0000
vn,phai ghi,phải ghi,1.0000
vn,phai giai,phải giải,1.0000
vn,phai giao,phải giao,1.0000
vn,phai gui,phải gửi,1.0000
vn,phai hach,phải hạch,1.0000
vn,phai hoan,phải hoàn,1.0000
vn,phai huong,phải hướng,1.0000
vn,phai ke,phải kê,1.0000
vn,phai kem,phải kèm,1.0000
vn,phai ket,phải kết,1.0000
vn,phai khai,phải khai,1.0000
vn,phai kich,phải kích,1.0000
vn,phai kiem,phải kiểm,1.0000
vn,phai kip,phải kịp,1.0000
vn,phai ky,phải ký,1.0000
vn,phai la,phải là,0.9982
vn,phai lam,phải làm,1.0000
vn,phai lap,phải lập,0.9886
vn,phai lay,phải lấy,1.0000
vn,phai lien,phải liên,1.0000
vn,phai luon,phải luôn,1.0000
vn,phai luu,phải lưu,1.0000
vn,phai mo,phải mở,0.9130
vn,phai mua,phải mua,1.0000
vn,phai ngung,phải ngừng,1.0000
vn,phai nhan,phải nhận,1.0000
vn,phai nhap,phải nhập,1.0000
vn,phai niem,phải niêm,1.0000
vn,phai nop,phải nộp,1.0000
vn,phai pha,phải phá,1.0000
vn,phai phoi,phải phối,1.0000
vn,phai phu,phải phù,1.0000
vn,phai qua,phải qua,1.0000
vn,phai quy,phải quy,0.9750
vn,phai quyet,phải quyết,1.0000
vn,phai sinh,phái sinh,1.0000
vn,phai su,phải sử,1.0000
vn,phai sua,phải sửa,1.0000
vn,phai tach,phải tách,1.0000
vn,phai thay,phải thay,1.0000
vn,phai the,phải thể,0.9592
vn,phai theo,phải theo,0.9605
vn,phai thi,phải thi,1.0000
vn,phai thiet,phải thiết,1.0000
vn,phai thoa,phải thỏa,1.0000
vn,phai thoai,phải thoái,1.0000
vn,phai thong,phải thông,0.9916
vn,phai thu,phải thu,1.0000
vn,phai thuc,phải thực,0.9781
vn,phai thue,phải thuê,1.0000
vn,phai thuong,phải thường,1.0000
vn,phai tien,phải tiến,1.0000
vn,phai tiep,phải tiếp,1.0000
vn,phai tieu,phải tiêu,1.0000
vn,phai tinh,phải tính,1.0000
vn,phai to,phải tổ,1.0000
vn,phai tra,phải trả,0.9910
vn,phai trang,phải trang,1.0000
vn,phai trich,phải trích,1.0000
vn,phai trien,phải triển,1.0000
vn,phai trinh,phải trình,1.0000
vn,phai tru,phải trừ,0.9375
vn,phai tuan,phải tuân,1.0000
vn,phai viec,phái việc,1.0000
vn,phai xac,phải xác,1.0000
vn,phai xay,phải xây,1.0000
vn,phai xem,phải xem,1.0000
vn,phai xep,phải xếp,1.0000
vn,phai xin,phải xin,1.0000
vn,phai xu,phải xử,1.0000
vn,phai xuat,phải xuất,1.0000
vn,phai yeu,phải yêu,1.0000
vn,pham buu,phẩm bưu,1.0000
vn,pham cac,phạm các,0.9894
vn,pham can,phẩm cần,0.9231
vn,pham chat,phẩm chất,1.0000
vn,pham che,phạm chế,0.9130
vn,pham chip,phẩm chip,1.0000
vn,pham chung,phạm chúng,1.0000
vn,pham cnht,phẩm cnht,1.0000
vn,pham con,phạm còn,0.9767
vn,pham cong,phẩm công,0.9947
vn,pham cuoi,phẩm cuối,1.0000
vn,pham dich,phẩm dịch,1.0000
vn,pham dieu,phạm điều,1.0000
vn,pham giao,phẩm giao,1.0000
vn,pham hang,phẩm hàng,0.9952
vn,pham hanh,phạm hành,1.0000
vn,pham hop,phạm hợp,1.0000
vn,pham in,phẩm in,1.0000
vn,pham ket,phẩm kết,1.0000
vn,pham khoa,phẩm khoa,1.0000
vn,pham kien,phạm kiến,0.9375
vn,pham lien,phạm liên,1.0000
vn,pham loi,phạm lợi,1.0000
vn,pham mat,phẩm mật,1.0000
vn,pham moi,phẩm mới,0.9697
vn,pham mot,phạm một,0.9939
vn,pham nghia,phạm nghĩa,1.0000
vn,pham nghiem,phạm nghiêm,1.0000
vn,pham nhan,phạm nhân,0.9779
vn,pham nhieu,phạm nhiều,0.9730
vn,pham pha,phạm phá,1.0000
vn,pham phap,phạm pháp,1.0000
vn,pham phuc,phẩm phục,0.9091
vn,pham quoc,phẩm quốc,0.9677
vn,pham quy,phạm quy,0.9978
vn,pham quyen,phạm quyền,0.9383
vn,pham sau,phạm sau,0.9897
vn,pham se,phạm sẽ,1.0000
vn,pham sinh,phẩm sinh,1.0000
vn,pham tan,phẩm tận,1.0000
vn,pham tao,phẩm tạo,1.0000
vn,pham thi,phạm thì,0.9189
vn,pham thoa,phạm thỏa,1.0000
vn,pham thong,phẩm thông,0.9679
vn,pham thuoc,phạm thuộc,0.9124
vn,pham thuy,phẩm thuỷ,1.0000
vn,pham tien,phạm tiến,0.9783
vn,pham to,phạm tổ,0.9000
vn,pham toi,phạm tội,1.0000
vn,pham tranh,phạm tranh,1.0000
vn,pham trat,phạm trật,1.0000
vn,pham tro,phẩm trở,0.9091
vn,pham tu,phạm từ,0.9500
vn,pham vao,phạm vào,0.9130
vn,pham ve,phạm về,0.9862
vn,pham vi,phạm vi,0.9991
vn,pham vung,phạm vùng,1.0000
vn,pham vuong,phạm vướng,1.0000
vn,pham xang,phẩm xăng,1.0000
vn,pham xin,phạm xin,1.0000
vn,pham xuat,phẩm xuất,0.9000
vn,phan 1,phần 1,1.0000
vn,phan 2,phần 2,0.9565
vn,phan 3,phần 3,1.0000
vn,phan 4,phần 4,1.0000
vn,phan 5,phần 5,0.9714
vn,phan 6,phần 6,1.0000
vn,phan a,phần a,0.9375
vn,phan anh,phản ánh,0.9778
vn,phan b,phần b,0.9828
vn,phan ba,phần ba,1.0000
vn,phan bien,phản biện,1.0000
vn,phan bo,phân bổ,0.9872
vn,phan bon,phân bón,0.9762
vn,phan ca,phận cá,1.0000
vn,phan cap,phân cấp,0.9964
vn,phan chenh,phần chênh,1.0000
vn,phan chi,phần chi,1.0000
vn,phan chia,phân chia,0.9771
vn,phan cho,phần cho,0.9697
vn,phan chuong,phần chương,1.0000
vn,phan con,phần còn,1.0000
vn,phan cung,phần cứng,0.9827
vn,phan da,phần đã,0.9744
vn,phan dan,phần dẫn,0.9091
vn,phan de,phần để,0.9143
vn,phan dien,phần diện,0.9709
vn,phan dinh,phân định,0.9739
vn,phan doanh,phần doanh,1.0000
vn,phan doc,phận độc,1.0000
vn,phan gia,phần giá,0.9667
vn,phan giup,phận giúp,1.0000
vn,phan gom,phần gồm,1.0000
vn,phan hay,phần hay,1.0000
vn,phan hieu,phân hiệu,1.0000
vn,phan ho,phần hồ,0.9600
vn,phan hoac,phần hoặc,0.9433
vn,phan hoso,phần hồsơ,1.0000
vn,phan i,phần i,1.0000
vn,phan ii,phần ii,1.0000
vn,phan iii,phần iii,1.0000
vn,phan ket,phần kết,0.9524
vn,phan khu,phân khu,0.9778
vn,phan kiem,phận kiểm,0.9887
vn,phan lan,phần lần,0.9231
vn,phan loai,phân loại,0.9896
vn,phan loi,phần lợi,1.0000
vn,phan mem,phần mềm,1.0000
vn,phan mot,phận một,1.0000
vn,phan mua,phần mua,1.0000
vn,phan ngan,phần ngân,0.9189
vn,phan nghiep,phận nghiệp,1.0000
vn,phan nhom,phân nhóm,1.0000
vn,phan phan,phần phần,0.9655
vn,phan pho,phần phổ,1.0000
vn,phan phoi,phân phối,1.0000
vn,phan quan,phận quản,0.9245
vn,phan quyet,phán quyết,0.9091
vn,phan sau,phần sau,0.9412
vn,phan tac,phận tác,0.9286
vn,phan tach,phân tách,1.0000
vn,phan tan,phân tán,0.9583
vn,phan thi,phần thì,1.0000
vn,phan thong,phần thông,1.0000
vn,phan tich,phân tích,0.9974
vn,phan toan,phần toàn,1.0000
vn,phan tram,phần trăm,1.0000
vn,phan tuan,phận tuân,1.0000
vn,phan ung,phản ứng,1.0000
vn,phan uu,phần ưu,1.0000
vn,phan vao,phần vào,1.0000
vn,phan viec,phần việc,1.0000
vn,phan von,phần vốn,0.9989
vn,phan vung,phân vùng,1.0000
vn,phan vuot,phần vượt,1.0000
vn,phan xu,phần xử,1.0000
vn,phang x,phẳng x,1.0000
vn,phang y,phẳng y,1.0000
vn,phao da,pháo đã,1.0000
vn,phao hoa,pháo hoa,1.0000
vn,phao no,pháo nổ,1.0000
vn,phap 1,pháp 1,1.0000
vn,phap an,pháp an,1.0000
vn,phap b,pháp b,1.0000
vn,phap bao,pháp bảo,0.9809
vn,phap bi,pháp bị,1.0000
vn,phap buoc,pháp buộc,1.0000
vn,phap c,pháp c,1.0000
vn,phap cac,pháp các,1.0000
vn,phap can,pháp cần,0.9718
vn,phap cap,pháp cấp,1.0000
vn,phap cham,pháp chấm,0.9259
vn,phap che,pháp chế,0.9310
vn,phap chinh,pháp chính,1.0000
vn,phap chiu,pháp chịu,1.0000
vn,phap cho,pháp cho,1.0000
vn,phap chong,pháp chống,1.0000
vn,phap chung,pháp chứng,1.0000
vn,phap chuyen,pháp chuyển,0.9231
vn,phap co,pháp có,0.9173
vn,phap cong,pháp công,0.9576
vn,phap cu,pháp cụ,1.0000
vn,phap cua,pháp của,1.0000
vn,phap cuong,pháp cưỡng,1.0000
vn,phap da,pháp đã,1.0000
vn,phap dam,pháp đảm,1.0000
vn,phap danh,pháp đánh,0.9394
vn,phap de,pháp để,0.9952
vn,phap dep,pháp đểp,1.0000
vn,phap dieu,pháp điều,1.0000
vn,phap doi,pháp đối,1.0000
vn,phap duoc,pháp được,1.0000
vn,phap fintech,pháp fintech,1.0000
vn,phap giai,pháp giải,1.0000
vn,phap giao,pháp giáo,1.0000
vn,phap giup,pháp giúp,1.0000
vn,phap ham,pháp hầm,1.0000
vn,phap han,pháp hạn,1.0000
vn,phap hinh,pháp hình,1.0000
vn,phap hoa,pháp hóa,0.9444
vn,phap hoac,pháp hoặc,1.0000
vn,phap hop,pháp hợp,1.0000
vn,phap huu,pháp hữu,1.0000
vn,phap ke,pháp kế,1.0000
vn,phap khai,pháp khai,1.0000
vn,phap khan,pháp khẩn,1.0000
vn,phap khi,pháp khi,1.0000
vn,phap khoi,pháp khôi,1.0000
vn,phap khong,pháp không,1.0000
vn,phap kiem,pháp kiểm,1.0000
vn,phap kinh,pháp kinh,1.0000
vn,phap la,pháp là,1.0000
vn,phap lenh,pháp lệnh,1.0000
vn,phap lo,pháp lộ,1.0000
vn,phap lu,pháp lu,1.0000
vn,phap luat,pháp luật,1.0000
vn,phap luu,pháp lưu,1.0000
vn,phap ly,pháp lý,0.9871
vn,phap mo,pháp mô,1.0000
vn,phap nay,pháp này,1.0000
vn,phap nghiep,pháp nghiệp,1.0000
vn,phap nguoi,pháp người,1.0000
vn,phap nham,pháp nhằm,1.0000
vn,phap nhan,pháp nhân,0.9149
vn,phap noi,pháp nơi,0.9565
vn,phap phai,pháp phải,1.0000
vn,phap phat,pháp phát,1.0000
vn,phap phu,pháp phù,1.0000
vn,phap phuc,pháp phục,1.0000
vn,phap phuong,pháp phương,1.0000
vn,phap quan,pháp quản,1.0000
vn,phap quy,pháp quy,1.0000
vn,phap quyet,pháp quyết,1.0000
vn,phap sao,pháp sao,1.0000
vn,phap sau,pháp sau,1.0000
vn,phap tam,pháp tạm,1.0000
vn,phap tang,pháp tăng,1.0000
vn,phap thanh,pháp thanh,0.9000
vn,phap thay,pháp thay,1.0000
vn,phap theo,pháp theo,1.0000
vn,phap thiet,pháp thiết,1.0000
vn,phap thong,pháp thông,1.0000
vn,phap thuong,pháp thương,1.0000
vn,phap to,pháp tổ,1.0000
vn,phap tren,pháp trên,1.0000
vn,phap trich,pháp trích,1.0000
vn,phap trong,pháp trong,1.0000
vn,phap ung,pháp ứng,1.0000
vn,phap va,pháp và,1.0000
vn,phap vao,pháp vào,1.0000
vn,phap ve,pháp về,0.9750
vn,phap xac,pháp xác,1.0000
vn,phap xay,pháp xây,1.0000
vn,phap xem,pháp xem,1.0000
vn,phap xu,pháp xử,1.0000
vn,phap yeu,pháp yêu,1.0000
vn,phat 2,phạt 2,0.9762
vn,phat 3,phạt 3,0.9091
vn,phat 4,phạt 4,1.0000
vn,phat bien,phạt biện,1.0000
vn,phat bieu,phát biểu,1.0000
vn,phat binh,phát bình,1.0000
vn,phat bo,phạt bổ,1.0000
vn,phat buu,phát bưu,1.0000
vn,phat canh,phạt cảnh,1.0000
vn,phat chinh,phạt chính,1.0000
vn,phat cua,phạt của,1.0000
vn,phat cuu,phát cứu,1.0000
vn,phat dien,phát điện,1.0000
vn,phat doi,phạt đối,1.0000
vn,phat dong,phát động,1.0000
vn,phat duoc,phạt được,0.9568
vn,phat hanh,phát hành,0.9635
vn,phat hien,phát hiện,1.0000
vn,phat huy,phát huy,1.0000
vn,phat kinh,phát kinh,1.0000
vn,phat la,phạt là,1.0000
vn,phat lai,phát lại,1.0000
vn,phat lam,phát lâm,1.0000
vn,phat lenh,phát lệnh,1.0000
vn,phat minh,phát minh,1.0000
vn,phat muc,phạt mức,0.9701
vn,phat neu,phạt nếu,1.0000
vn,phat nhu,phạt như,1.0000
vn,phat nhung,phạt nhưng,1.0000
vn,phat quy,phạt quy,0.9535
vn,phat ra,phát ra,0.9286
vn,phat sau,phạt sau,1.0000
vn,phat sinh,phát sinh,1.0000
vn,phat song,phát sóng,1.0000
vn,phat tan,phát tán,1.0000
vn,phat thanh,phát thanh,1.0000
vn,phat theo,phạt theo,0.9274
vn,phat thong,phát thông,1.0000
vn,phat tien,phạt tiền,0.9992
vn,phat to,phạt tổ,0.9865
vn,phat tren,phát trên,0.9167
vn,phat trien,phát triển,1.0000
vn,phat trong,phạt trong,1.0000
vn,phat truc,phạt trục,0.9333
vn,phat tuong,phạt tương,1.0000
vn,phat vi,phạt vi,1.0000
vn,phat vo,phát vô,1.0000
vn,phat von,phát vốn,1.0000
vn,phat xa,phát xạ,1.0000
vn,phau dien,phẫu diện,1.0000
vn,phau thuat,phẫu thuật,1.0000
vn,phay ma,phẩy mã,1.0000
vn,phe binh,phê bình,1.0000
vn,phe chuan,phê chuẩn,1.0000
vn,phe duyet,phê duyệt,1.0000
vn,phe lieu,phế liệu,1.0000
vn,phe thai,phế thải,1.0000
vn,phen hoa,phèn hóa,1.0000
vn,phenhoa chuoi,phenhoa chuỗi,1.0000
vn,phep 1,phép 1,1.0000
vn,phep 2,phép 2,1.0000
vn,phep 3,phép 3,1.0000
vn,phep 4,phép 4,1.0000
vn,phep 5,phép 5,1.0000
vn,phep a,phép a,1.0000
vn,phep ap,phép áp,1.0000
vn,phep b,phép b,1.0000
vn,phep bang,phép bằng,1.0000
vn,phep bi,phép bị,1.0000
vn,phep biet,phép biết,1.0000
vn,phep buu,phép bưu,1.0000
vn,phep c,phép c,1.0000
vn,phep cac,phép các,1.0000
vn,phep cap,phép cấp,0.9412
vn,phep chap,phép chấp,1.0000
vn,phep cho,phép cho,1.0000
vn,phep choi,phép chơi,1.0000
vn,phep chung,phép chứng,0.9938
vn,phep cites,phép cites,1.0000
vn,phep cong,phép công,0.9333
vn,phep cua,phép của,1.0000
vn,phep cuc,phép cục,1.0000
vn,phep cung,phép cung,0.9971
vn,phep da,phép đã,1.0000
vn,phep dat,phép đặt,1.0000
vn,phep dau,phép đầu,1.0000
vn,phep den,phép đến,1.0000
vn,phep dieu,phép điều,1.0000
vn,phep doanh,phép doanh,1.0000
vn,phep doi,phép đối,1.0000
vn,phep duoc,phép được,1.0000
vn,phep gia,phép gia,0.9655
vn,phep giao,phép giao,1.0000
vn,phep giay,phép giấy,1.0000
vn,phep gom,phép gồm,1.0000
vn,phep gui,phép gửi,1.0000
vn,phep hanh,phép hành,1.0000
vn,phep het,phép hết,1.0000
vn,phep hoac,phép hoặc,1.0000
vn,phep hoat,phép hoạt,1.0000
vn,phep hop,phép hợp,1.0000
vn,phep keo,phép kéo,1.0000
vn,phep ket,phép kết,1.0000
vn,phep khac,phép khác,0.9091
vn,phep khach,phép khách,1.0000
vn,phep khai,phép khai,1.0000
vn,phep khi,phép khi,1.0000
vn,phep khong,phép không,1.0000
vn,phep kiem,phép kiểm,1.0000
vn,phep kinh,phép kinh,1.0000
vn,phep la,phép là,1.0000
vn,phep lai,phép lái,1.0000
vn,phep lam,phép làm,1.0000
vn,phep lao,phép lao,1.0000
vn,phep lap,phép lắp,1.0000
vn,phep luu,phép lưu,1.0000
vn,phep mo,phép mở,1.0000
vn,phep mot,phép một,1.0000
vn,phep mua,phép mua,1.0000
vn,phep nay,phép này,1.0000
vn,phep ngan,phép ngân,1.0000
vn,phep ngay,phép ngày,1.0000
vn,phep nghiep,phép nghiệp,1.0000
vn,phep nguoi,phép người,1.0000
vn,phep nha,phép nhà,1.0000
vn,phep nhap,phép nhập,1.0000
vn,phep pha,phép phá,1.0000
vn,phep phai,phép phải,1.0000
vn,phep phat,phép phát,1.0000
vn,phep qua,phép qua,0.9167
vn,phep quan,phép quản,1.0000
vn,phep quy,phép quy,1.0000
vn,phep quyet,phép quyết,1.0000
vn,phep ra,phép ra,1.0000
vn,phep sau,phép sau,1.0000
vn,phep so,phép số,1.0000
vn,phep su,phép sử,0.9959
vn,phep sua,phép sửa,1.0000
vn,phep tam,phép tạm,1.0000
vn,phep tau,phép tàu,1.0000
vn,phep tham,phép thăm,0.9140
vn,phep thanh,phép thành,0.9647
vn,phep thay,phép thay,1.0000
vn,phep theo,phép theo,1.0000
vn,phep thiet,phép thiết,1.0000
vn,phep thong,phép thông,1.0000
vn,phep thuc,phép thực,1.0000
vn,phep tiep,phép tiếp,1.0000
vn,phep to,phép tổ,1.0000
vn,phep tren,phép trên,1.0000
vn,phep trong,phép trong,1.0000
vn,phep tru,phép trừ,1.0000
vn,phep truong,phép trường,1.0000
vn,phep truy,phép truy,1.0000
vn,phep tuong,phép tương,1.0000
vn,phep va,phép và,1.0000
vn,phep van,phép vận,0.9194
vn,phep vao,phép vào,1.0000
vn,phep ve,phép về,1.0000
vn,phep viec,phép việc,1.0000
vn,phep vien,phép viễn,1.0000
vn,phep xa,phép xả,1.0000
vn,phep xac,phép xác,1.0000
vn,phep xay,phép xây,1.0000
vn,phep xu,phép xử,1.0000
vn,phep xuat,phép xuất,1.0000
vn,phi 1,phí 1,1.0000
vn,phi 2,phí 2,1.0000
vn,phi 3,phí 3,1.0000
vn,phi 4,phí 4,1.0000
vn,phi ap,phí áp,1.0000
vn,phi b,phí b,1.0000
vn,phi bao,phí bảo,0.9582
vn,phi bo,phí bổ,0.9091
vn,phi boi,phí bồi,1.0000
vn,phi c,phí c,1.0000
vn,phi cac,phí các,1.0000
vn,phi can,phí cần,1.0000
vn,phi cap,phí cấp,1.0000
vn,phi cau,phi cấu,0.9918
vn,phi chi,phí chi,0.9912
vn,phi chinh,phi chính,1.0000
vn,phi cho,phí cho,0.9895
vn,phi chuong,phí chương,1.0000
vn,phi chuyen,phí chuyển,0.9677
vn,phi co,phí có,0.9404
vn,phi con,phí còn,1.0000
vn,phi cua,phí của,1.0000
vn,phi cung,phí cung,1.0000
vn,phi da,phí đã,1.0000
vn,phi dam,phí đảm,1.0000
vn,phi dang,phí đăng,1.0000
vn,phi dao,phí đào,1.0000
vn,phi de,phí để,0.9416
vn,phi dich,phí dịch,1.0000
vn,phi dien,phí điện,1.0000
vn,phi dieu,phí điều,1.0000
vn,phi dinh,phí định,1.0000
vn,phi doanh,phí doanh,1.0000
vn,phi dong,phí đóng,1.0000
vn,phi du,phí dự,0.9924
vn,phi dung,phí đúng,0.9000
vn,phi duoc,phí được,0.9905
vn,phi duong,phí đường,1.0000
vn,phi duy,phí duy,1.0000
vn,phi gia,phí giá,0.9333
vn,phi giai,phí giải,1.0000
vn,phi giam,phí giám,1.0000
vn,phi giao,phí giao,1.0000
vn,phi gui,phí gửi,1.0000
vn,phi hai,phí hải,1.0000
vn,phi ho,phí hỗ,0.9556
vn,phi hoac,phí hoặc,1.0000
vn,phi hoat,phí hoạt,1.0000
vn,phi hoi,phí hội,1.0000
vn,phi hop,phí hợp,0.9604
vn,phi huy,phí huy,1.0000
vn,phi in,phí in,1.0000
vn,phi ket,phí kết,1.0000
vn,phi khac,phí khác,0.9846
vn,phi khai,phí khai,1.0000
vn,phi khau,phí khấu,1.0000
vn,phi khi,phí khi,1.0000
vn,phi kho,phí kho,1.0000
vn,phi khoan,phí khoán,0.9677
vn,phi khong,phí không,1.0000
vn,phi kiem,phí kiểm,1.0000
vn,phi kinh,phí kinh,1.0000
vn,phi la,phí là,1.0000
vn,phi lai,phí lãi,1.0000
vn,phi lao,phí lao,1.0000
vn,phi le,phí lệ,0.9542
vn,phi lephi,phí lệphí,1.0000
vn,phi lien,phí liên,1.0000
vn,phi ma,phí mà,0.9167
vn,phi mua,phí mua,1.0000
vn,phi muc,phí mức,1.0000
vn,phi nang,phí năng,0.9444
vn,phi nay,phí này,1.0000
vn,phi nghien,phí nghiên,1.0000
vn,phi ngoai,phí ngoài,1.0000
vn,phi nguoi,phí người,1.0000
vn,phi nguyen,phí nguyên,1.0000
vn,phi nha,phí nhà,1.0000
vn,phi nhan,phí nhân,0.9231
vn,phi nong,phi nông,1.0000
vn,phi nop,phí nộp,1.0000
vn,phi pc,phì pc,1.0000
vn,phi pha,phí phá,1.0000
vn,phi phai,phí phải,1.0000
vn,phi phap,phí pháp,1.0000
vn,phi phat,phí phát,0.9592
vn,phi phong,phí phòng,1.0000
vn,phi phuc,phí phục,1.0000
vn,phi quan,phí quản,1.0000
vn,phi quy,phí quy,0.9512
vn,phi quyen,phí quyền,1.0000
vn,phi rut,phí rút,1.0000
vn,phi sai,phí sai,1.0000
vn,phi sau,phí sau,1.0000
vn,phi sua,phí sửa,1.0000
vn,phi tao,phí tạo,1.0000
vn,phi thanh,phí thanh,0.9744
vn,phi theo,phí theo,1.0000
vn,phi thong,phí thông,1.0000
vn,phi thu,phí thu,0.9048
vn,phi thuc,phí thực,1.0000
vn,phi thue,phí thuê,0.9605
vn,phi thuong,phí thường,0.9388
vn,phi tiep,phí tiếp,1.0000
vn,phi tiet,phí tiết,1.0000
vn,phi tieu,phí tiêu,1.0000
vn,phi to,phí tổ,0.9604
vn,phi trinh,phí trình,1.0000
vn,phi trong,phí trong,0.9681
vn,phi truoc,phí trước,1.0000
vn,phi truong,phí trường,1.0000
vn,phi tuong,phí tương,1.0000
vn,phi uoc,phí ước,1.0000
vn,phi va,phí và,1.0000
vn,phi vao,phí vào,1.0000
vn,phi ve,phí về,0.9286
vn,phi viec,phí việc,1.0000
vn,phi voi,phí với,1.0000
vn,phi xac,phí xác,1.0000
vn,phi xay,phí xây,1.0000
vn,phi xu,phí xử,1.0000
vn,phi xuat,phí xuất,1.0000
vn,phia bac,phía bắc,1.0000
vn,phia be,phía bê,1.0000
vn,phia duoi,phía dưới,1.0000
vn,phia tren,phía trên,1.0000
vn,phien ban,phiên bản,1.0000
vn,phien chao,phiên chào,1.0000
vn,phien dau,phiên đấu,1.0000
vn,phien dich,phiên dịch,1.0000
vn,phien giao,phiên giao,1.0000
vn,phien ha,phiền hà,1.0000
vn,phien hop,phiên họp,1.0000
vn,phien quyet,phiên quyết,1.0000
vn,phien toa,phiên tòa,0.9333
vn,phienban so,phienban số,1.0000
vn,phieu bau,phiếu bầu,1.0000
vn,phieu bieu,phiếu biểu,1.0000
vn,phieu cap,phiếu cập,0.9333
vn,phieu chinh,phiếu chính,1.0000
vn,phieu chuyen,phiếu chuyển,1.0000
vn,phieu cua,phiếu của,1.0000
vn,phieu dac,phiếu đặc,1.0000
vn,phieu dang,phiếu đăng,1.0000
vn,phieu dieu,phiếu điều,1.0000
vn,phieu doanh,phiếu doanh,1.0000
vn,phieu duoc,phiếu được,1.0000
vn,phieu gian,phiếu gián,1.0000
vn,phieu ho,phiếu hỗ,1.0000
vn,phieu kho,phiếu kho,1.0000
vn,phieu khong,phiếu không,1.0000
vn,phieu kiem,phiếu kiểm,1.0000
vn,phieu lay,phiếu lấy,1.0000
vn,phieu ly,phiếu lý,1.0000
vn,phieu ngan,phiếu ngân,1.0000
vn,phieu nhan,phiếu nhận,1.0000
vn,phieu phat,phiếu phát,1.0000
vn,phieu thanh,phiếu thanh,0.9200
vn,phieu theo,phiếu theo,1.0000
vn,phieu thu,phiếu thu,1.0000
vn,phieu tin,phiếu tín,1.0000
vn,phieu tra,phiếu trả,1.0000
vn,phieu trai,phiếu trái,1.0000
vn,phieu tren,phiếu trên,1.0000
vn,phieu truc,phiếu trực,1.0000
vn,phieu va,phiếu và,1.0000
vn,phieu yeu,phiếu yêu,1.0000
vn,pho 2,phố 2,1.0000
vn,pho bien,phổ biến,0.9981
vn,pho cap,phổ cập,0.9439
vn,pho chanh,phó chánh,0.9811
vn,pho chap,phố chấp,1.0000
vn,pho chu,phó chủ,0.9329
vn,pho chutich,phó chủtịch,1.0000
vn,pho de,phố để,1.0000
vn,pho giam,phó giám,0.9855
vn,pho giao,phó giáo,1.0000
vn,pho ha,phố hà,1.0000
vn,pho hai,phố hải,1.0000
vn,pho hieu,phó hiệu,1.0000
vn,pho ho,phố hồ,1.0000
vn,pho noi,phố nơi,1.0000
vn,pho su,phó sự,0.9733
vn,pho thu,phó thủ,0.9677
vn,pho thuoc,phố thuộc,1.0000
vn,pho tong,phó tổng,0.9490
vn,pho truc,phố trực,0.9988
vn,pho truong,phó trưởng,0.9778
vn,pho va,phố và,0.9259
vn,pho vien,phó viện,0.9268
vn,pho voi,phó với,0.9615
vn,pho vu,phó vụ,1.0000
vn,pho xa,phố xã,1.0000
vn,phocua cac,phốcủa các,1.0000
vn,phoi cac,phối các,1.0000
vn,phoi cua,phối của,1.0000
vn,phoi du,phối dữ,0.9714
vn,phoi hoat,phối hoạt,1.0000
vn,phoi hop,phối hợp,0.9981
vn,phoi ket,phối kết,1.0000
vn,phoi khoa,phối khóa,0.9091
vn,phoi loi,phối lợi,1.0000
vn,phoi nhu,phối như,1.0000
vn,phoi quoc,phối quốc,1.0000
vn,phoi theo,phối theo,1.0000
vn,phoi ung,phối ứng,1.0000
vn,phoi va,phối và,0.9615
vn,phong 1,phòng 1,1.0000
vn,phong 2,phòng 2,1.0000
vn,phong 3,phòng 3,1.0000
vn,phong 4,phòng 4,1.0000
vn,phong an,phòng an,0.9985
vn,phong b,phòng b,1.0000
vn,phong ban,phòng ban,0.9897
vn,phong bi,phong bì,1.0000
vn,phong bo,phòng bộ,1.0000
vn,phong cac,phòng các,0.9907
vn,phong canh,phòng cảnh,1.0000
vn,phong cap,phòng cấp,0.9286
vn,phong chanh,phòng chánh,1.0000
vn,phong chay,phòng cháy,1.0000
vn,phong chinh,phòng chính,1.0000
vn,phong chiu,phòng chịu,1.0000
vn,phong chong,phòng chống,0.9986
vn,phong chuong,phòng chương,1.0000
vn,phong cong,phòng công,1.0000
vn,phong cu,phòng cụ,1.0000
vn,phong cuc,phòng cục,1.0000
vn,phong dai,phòng đại,1.0000
vn,phong dam,phòng đảm,1.0000
vn,phong dang,phòng đăng,0.9587
vn,phong de,phòng để,1.0000
vn,phong di,phong đi,0.9474
vn,phong dieu,phòng điều,1.0000
vn,phong duoc,phòng được,1.0000
vn,phong giao,phòng giao,0.9072
vn,phong hai,phòng hải,0.9200
vn,phong ho,phòng hộ,0.9677
vn,phong hoi,phòng hội,0.9677
vn,phong hop,phòng họp,1.0000
vn,phong huyen,phòng huyện,1.0000
vn,phong khong,phòng không,0.9444
vn,phong la,phòng là,1.0000
vn,phong lam,phòng làm,0.9565
vn,phong lao,phòng lao,1.0000
vn,phong mat,phóng mặt,1.0000
vn,phong my,phong mỹ,1.0000
vn,phong ngan,phòng ngân,0.9833
vn,phong nghiep,phòng nghiệp,1.0000
vn,phong ngua,phòng ngừa,1.0000
vn,phong noi,phòng nội,1.0000
vn,phong phai,phòng phải,1.0000
vn,phong pham,phòng phẩm,0.9815
vn,phong quan,phòng quản,0.9487
vn,phong quoc,phòng quốc,1.0000
vn,phong quyet,phòng quyết,1.0000
vn,phong rieng,phòng riêng,1.0000
vn,phong rui,phòng rủi,1.0000
vn,phong tam,phong tạm,1.0000
vn,phong tham,phòng thảm,0.9048
vn,phong theo,phòng theo,0.9600
vn,phong thuc,phòng thực,1.0000
vn,phong thuoc,phòng thuộc,1.0000
vn,phong tinh,phòng tỉnh,1.0000
vn,phong toa,phong tỏa,0.9024
vn,phong tong,phòng tổng,1.0000
vn,phong trao,phong trào,1.0000
vn,phong trong,phòng trong,0.9630
vn,phong trung,phòng trung,0.9895
vn,phong truyen,phòng truyền,1.0000
vn,phong tu,phòng tư,0.9483
vn,phong tuc,phong tục,1.0000
vn,phong ung,phòng ứng,1.0000
vn,phong va,phòng và,0.9016
vn,phong vien,phóng viên,0.9684
vn,phong vu,phòng vụ,1.0000
vn,phong vutruong,phòng vụtrưởng,1.0000
vn,phong xa,phóng xạ,1.0000
vn,phong xay,phòng xây,1.0000
vn,phong xem,phòng xem,1.0000
vn,phot phat,phốt phát,1.0000
vn,photocopy mau,photocopy màu,1.0000
vn,photruc thuoc,phốtrực thuộc,1.0000
vn,phu 01,phủ 01,1.0000
vn,phu 02,phủ 02,1.0000
vn,phu 1,phủ 1,0.9672
vn,phu 2,phủ 2,0.9845
vn,phu 3,phủ 3,0.9000
vn,phu 4,phủ 4,1.0000
vn,phu 5,phủ 5,1.0000
vn,phu 6,phủ 6,0.9375
vn,phu 7,phủ 7,1.0000
vn,phu a,phủ a,1.0000
vn,phu b,phủ b,1.0000
vn,phu ban,phủ ban,1.0000
vn,phu bieu,phụ biểu,1.0000
vn,phu c,phủ c,1.0000
vn,phu cac,phủ các,0.9917
vn,phu cap,phụ cấp,0.9192
vn,phu chap,phủ chấp,1.0000
vn,phu chu,phủ chủ,0.9805
vn,phu cothi,phủ cờthi,1.0000
vn,phu dien,phủ điện,1.0000
vn,phu doanh,phủ doanh,1.0000
vn,phu doi,phủ đối,0.9623
vn,phu du,phủ dự,1.0000
vn,phu giao,phủ giao,0.9903
vn,phu giup,phủ giúp,1.0000
vn,phu hdnd,phủ hđnd,1.0000
vn,phu hoac,phủ hoặc,0.9600
vn,phu hoi,phủ hội,1.0000
vn,phu hop,phù hợp,0.9981
vn,phu huong,phủ hướng,1.0000
vn,phu ket,phủ kết,1.0000
vn,phu kiem,phủ kiểm,0.9000
vn,phu kien,phụ kiện,1.0000
vn,phu kim,phủ kim,1.0000
vn,phu kt,phủ kt,1.0000
vn,phu luc,phụ lục,0.9993
vn,phu mau,phủ mẫu,1.0000
vn,phu ngan,phủ ngân,1.0000
vn,phu nhan,phủ nhận,0.9200
vn,phu nhien,phú nhiên,1.0000
vn,phu nhu,phủ như,0.9706
vn,phu nhung,phủ những,0.9167
vn,phu nuoc,phủ nước,0.9853
vn,phu o,phủ ở,0.9474
vn,phu phai,phủ phải,1.0000
vn,phu pham,phụ phẩm,0.9524
vn,phu phe,phủ phê,1.0000
vn,phu phi,phụ phí,1.0000
vn,phu quan,phủ quản,0.9216
vn,phu quy,phủ quy,1.0000
vn,phu quyet,phủ quyết,0.9955
vn,phu sau,phủ sau,1.0000
vn,phu sua,phủ sửa,1.0000
vn,phu tai,phủ tại,0.9714
vn,phu thanh,phủ thành,1.0000
vn,phu thi,phủ thì,0.9655
vn,phu tho,phú thọ,0.9375
vn,phu thu,phủ thủ,0.9104
vn,phu thuc,phủ thực,0.9828
vn,phu thuoc,phụ thuộc,0.9474
vn,phu to,phủ tổ,1.0000
vn,phu tong,phủ tổng,1.0000
vn,phu trach,phụ trách,0.9967
vn,phu trai,phủ trái,1.0000
vn,phu tren,phủ trên,1.0000
vn,phu trinh,phủ trình,1.0000
vn,phu tro,phụ trợ,1.0000
vn,phu trong,phủ trong,0.9865
vn,phu truoc,phủ trước,1.0000
vn,phu tung,phụ tùng,1.0000
vn,phu ubnd,phủ ubnd,1.0000
vn,phu uy,phủ ủy,0.9291
vn,phu va,phủ và,0.9918
vn,phu van,phủ văn,1.0000
vn,phu ve,phủ về,1.0000
vn,phu vien,phủ viện,1.0000
vn,phu viet,phủ việt,0.9180
vn,phu xay,phủ xây,1.0000
vn,phu xem,phủ xem,1.0000
vn,phu xu,phủ xử,1.0000
vn,phu yen,phú yên,1.0000
vn,phuc cac,phục các,1.0000
vn,phuc chung,phục chứng,0.9844
vn,phuc don,phúc đơn,1.0000
vn,phuc duoc,phục được,1.0000
vn,phuc hau,phục hậu,1.0000
vn,phuc hoat,phục hoạt,1.0000
vn,phuc hoi,phục hồi,1.0000
vn,phuc kha,phục khả,1.0000
vn,phuc khi,phục khi,1.0000
vn,phuc kip,phục kịp,1.0000
vn,phuc lai,phục lại,0.9927
vn,phuc loi,phúc lợi,0.9927
vn,phuc neu,phục nếu,1.0000
vn,phuc ngay,phúc ngày,0.9752
vn,phuc o,phục ô,1.0000
vn,phuc san,phục sản,1.0000
vn,phuc so,phúc số,0.9670
vn,phuc su,phục sự,0.9955
vn,phuc tap,phức tạp,0.9805
vn,phuc tham,phúc thẩm,0.9667
vn,phuc theo,phục theo,0.9600
vn,phuc thiet,phục thiết,0.9556
vn,phuc tinh,phục tình,0.9615
vn,phuc tra,phúc tra,1.0000
vn,phuc vi,phục vi,1.0000
vn,phuc vu,phục vụ,0.9997
vn,phuc vuchien,phục vụchiến,1.0000
vn,phuc xong,phục xong,1.0000
vn,phudenghi chutich,phủđềnghị chủtịch,1.0000
vn,phudo van,phủdo văn,1.0000
vn,phunuoc ngoai,phủnước ngoài,1.0000
vn,phuoc thanh,phước thanh,1.0000
vn,phuong 1,phương 1,1.0000
vn,phuong 2,phương 2,1.0000
vn,phuong 3,phương 3,1.0000
vn,phuong 4,phương 4,1.0000
vn,phuong 5,phương 5,1.0000
vn,phuong 6,phương 6,1.0000
vn,phuong a,phương a,1.0000
vn,phuong an,phương án,1.0000
vn,phuong b,phương b,1.0000
vn,phuong c,phương c,1.0000
vn,phuong ca,phương ca,0.9474
vn,phuong cac,phương các,0.9545
vn,phuong cham,phương chấm,0.9474
vn,phuong cho,phương cho,1.0000
vn,phuong chu,phương chủ,1.0000
vn,phuong cua,phương của,0.9434
vn,phuong dac,phường đặc,0.9863
vn,phuong dam,phương đảm,1.0000
vn,phuong dan,phương dẫn,1.0000
vn,phuong de,phương để,0.9672
vn,phuong dien,phương điện,0.9630
vn,phuong doi,phương đối,1.0000
vn,phuong duoc,phương được,1.0000
vn,phuong giua,phương giữa,1.0000
vn,phuong hai,phương hại,1.0000
vn,phuong ho,phương hỗ,0.9286
vn,phuong huong,phương hướng,0.9474
vn,phuong ket,phương kết,1.0000
vn,phuong khac,phương khác,1.0000
vn,phuong khong,phương không,1.0000
vn,phuong la,phương là,1.0000
vn,phuong minh,phương mình,0.9737
vn,phuong neu,phương nếu,1.0000
vn,phuong nganh,phương ngành,1.0000
vn,phuong noi,phương nơi,0.9394
vn,phuong phai,phương phải,1.0000
vn,phuong phap,phương pháp,0.9959
vn,phuong phoi,phương phối,1.0000
vn,phuong phuc,phương phục,1.0000
vn,phuong quan,phương quản,1.0000
vn,phuong quy,phương quy,0.9762
vn,phuong quyet,phương quyết,1.0000
vn,phuong sang,phương sang,1.0000
vn,phuong sau,phương sau,1.0000
vn,phuong tham,phương tham,1.0000
vn,phuong theo,phương theo,1.0000
vn,phuong thuc,phương thức,0.9567
vn,phuong tien,phương tiện,0.9997
vn,phuong to,phương tổ,0.9500
vn,phuong tren,phương trên,1.0000
vn,phuong trinh,phương trình,1.0000
vn,phuong trong,phương trong,0.9808
vn,phuong tru,phương trừ,0.9545
vn,phuong truong,phương trường,0.9091
vn,phuong uy,phương ủy,1.0000
vn,phuong va,phương và,0.9796
vn,phuong ve,phương về,1.0000
vn,phuong viec,phương việc,1.0000
vn,phuong viet,phương việt,1.0000
vn,phuong voi,phương với,1.0000
vn,phuong xay,phương xây,1.0000
vn,phuong xu,phương xử,1.0000
vn,phut doi,phút đối,1.0000
vn,phut ke,phút kể,1.0000
vn,phutang danh,phủtặng danh,1.0000
vn,phutang thuong,phủtặng thưởng,1.0000
vn,pin hoac,pin hoặc,1.0000
vn,pin nhien,pin nhiên,1.0000
vn,plastic lan,plastic lán,1.0000
vn,platin da,platin đá,1.0000
vn,platin khoang,platin khoáng,1.0000
vn,point la,point là,1.0000
vn,point truong,point trường,1.0000
vn,polygon la,polygon là,1.0000
vn,polygon truong,polygon trường,1.0000
vn,ptd dao,ptđ đào,1.0000
vn,ptd pham,ptđ phạm,1.0000
vn,pvn chinh,pvn chính,1.0000
vn,pyrit lay,pyrít lấy,1.0000
vn,q khoan,q khoản,1.0000
vn,q va,q và,1.0000
vn,qd bgddt,qđ bgdđt,1.0000
vn,qd bkhcn,qđ bkhcn,1.0000
vn,qd btttt,qđ btttt,1.0000
vn,qd byt,qđ byt,1.0000
vn,qd ldtbxh,qđ lđtbxh,1.0000
vn,qd nhnn,qđ nhnn,1.0000
vn,qd ttg,qđ ttg,1.0000
vn,qd ubnd,qđ ubnd,1.0000
vn,qh11 va,qh11 và,1.0000
vn,qh13 da,qh13 đã,1.0000
vn,qh13 ngay,qh13 ngày,1.0000
vn,qh13 va,qh13 và,1.0000
vn,qh14 da,qh14 đã,1.0000
vn,qh14 luat,qh14 luật,1.0000
vn,qh14 ngay,qh14 ngày,1.0000
vn,qh14 va,qh14 và,1.0000
vn,qh15 da,qh15 đã,1.0000
vn,qh15 luat,qh15 luật,1.0000
vn,qh15 ngay,qh15 ngày,1.0000
vn,qh15 nhu,qh15 như,1.0000
vn,qh15 va,qh15 và,1.0000
vn,qlnn linh,qlnn lĩnh,1.0000
vn,qppl bo,qppl bộ,1.0000
vn,qu a,qu ả,1.0000
vn,qua 01,quá 01,0.9400
vn,qua 02,quá 02,0.9930
vn,qua 03,quá 03,1.0000
vn,qua 04,quá 04,0.9333
vn,qua 05,quá 05,1.0000
vn,qua 06,quá 06,1.0000
vn,qua 07,quá 07,1.0000
vn,qua 10,quá 10,0.9904
vn,qua 100,quá 100,1.0000
vn,qua 12,quá 12,0.9677
vn,qua 15,quá 15,1.0000
vn,qua 20,quá 20,1.0000
vn,qua 200,quá 200,1.0000
vn,qua 24,quá 24,0.9565
vn,qua 25,quá 25,1.0000
vn,qua 30,quá 30,1.0000
vn,qua 40,quá 40,1.0000
vn,qua 45,quá 45,1.0000
vn,qua 50,quá 50,1.0000
vn,qua 60,quá 60,1.0000
vn,qua 70,quá 70,1.0000
vn,qua 90,quá 90,1.0000
vn,qua a,quả a,0.9404
vn,qua an,quả an,1.0000
vn,qua b,quả b,0.9423
vn,qua ba,quá ba,1.0000
vn,qua ben,qua bên,0.9459
vn,qua bien,qua biên,0.9600
vn,qua btdt,quả btđt,1.0000
vn,qua bu,quả bù,0.9853
vn,qua buoc,quả buộc,0.9542
vn,qua buu,qua bưu,1.0000
vn,qua c,quả c,0.9800
vn,qua cac,qua các,0.9121
vn,qua canh,quá cảnh,0.9714
vn,qua cho,quả cho,0.9677
vn,qua chung,quả chứng,1.0000
vn,qua cua,quả của,0.9885
vn,qua cuc,qua cục,1.0000
vn,qua da,quả đã,1.0000
vn,qua dac,quả đặc,1.0000
vn,qua dang,quả đăng,1.0000
vn,qua danh,quả đánh,0.9753
vn,qua dat,quả đạt,0.9259
vn,qua dem,qua đêm,1.0000
vn,qua dia,qua địa,1.0000
vn,qua dich,qua dịch,0.9969
vn,qua doi,quả đối,0.9032
vn,qua duoc,quả được,0.9789
vn,qua duong,qua đường,0.9939
vn,qua giai,quả giải,0.9896
vn,qua giam,quả giám,0.9597
vn,qua han,quá hạn,1.0000
vn,qua he,qua hệ,0.9946
vn,qua hieu,quả hiệu,1.0000
vn,qua hinh,qua hình,1.0000
vn,qua hon,quả hơn,1.0000
vn,qua huy,quả hủy,1.0000
vn,qua kenh,qua kênh,1.0000
vn,qua khai,quả khai,1.0000
vn,qua khao,quả khảo,1.0000
vn,qua kinh,quả kinh,1.0000
vn,qua la,quả là,1.0000
vn,qua lap,quả lập,0.9474
vn,qua lua,quả lựa,1.0000
vn,qua mang,qua mạng,0.9870
vn,qua muc,quá mức,0.9848
vn,qua nam,quá năm,1.0000
vn,qua nang,quả năng,0.9000
vn,qua nen,qua nền,1.0000
vn,qua ngan,qua ngân,0.9545
vn,qua nghien,quả nghiên,0.9963
vn,qua nguoi,qua người,0.9538
vn,qua nho,quá nhỏ,1.0000
vn,qua nhu,quả như,0.9600
vn,qua nua,quá nửa,1.0000
vn,qua pham,quá phạm,0.9062
vn,qua phe,quả phê,0.9375
vn,qua phieu,qua phiếu,1.0000
vn,qua phu,quả phù,1.0000
vn,qua phuong,qua phương,0.9405
vn,qua quy,quả quy,0.9189
vn,qua ra,quả rà,0.9265
vn,qua sau,quả sau,0.9916
vn,qua sua,quả sửa,1.0000
vn,qua the,qua thẻ,1.0000
vn,qua theo,quả theo,0.9368
vn,qua thoi,quá thời,0.9964
vn,qua thuc,quả thực,0.9816
vn,qua tiet,quả tiết,1.0000
vn,qua trinh,quá trình,0.9977
vn,qua trong,quả trong,0.9180
vn,qua tuy,quả tùy,1.0000
vn,qua tuyen,quả tuyển,0.9714
vn,qua ty,quá tỷ,1.0000
vn,qua ung,qua ứng,0.9155
vn,qua va,quả và,0.9353
vn,qua vao,quả vào,1.0000
vn,qua vu,qua vụ,0.9500
vn,qua xa,quả xã,0.9412
vn,qua xep,quả xếp,0.9643
vn,qua xet,quả xét,0.9677
vn,qua xu,quả xử,0.9500
vn,quaap dung,quảáp dụng,1.0000
vn,quabophieu kin,quảbỏphiếu kín,1.0000
vn,quacao trong,quảcao trong,1.0000
vn,quachinh sach,quảchính sách,1.0000
vn,quan ao,quần áo,0.9500
vn,quan bang,quan bằng,0.9167
vn,quan ben,quan bên,1.0000
vn,quan bi,quan bị,1.0000
vn,quan boi,quan bồi,1.0000
vn,quan buu,quan bưu,1.0000
vn,quan ca,quan cá,1.0000
vn,quan canh,quan cảnh,1.0000
vn,quan cap,quan cấp,0.9483
vn,quan che,quản chế,1.0000
vn,quan chinh,quan chính,0.9474
vn,quan chiu,quan chịu,0.9973
vn,quan chu,quan chủ,0.9924
vn,quan chua,quan chưa,1.0000
vn,quan chuc,quan chức,1.0000
vn,quan chuyen,quan chuyên,0.9851
vn,quan co,quan có,0.9557
vn,quan cua,quan của,0.9243
vn,quan cuc,quan cục,1.0000
vn,quan da,quan đã,0.9661
vn,quan dai,quan đại,0.9975
vn,quan dam,quan đảm,1.0000
vn,quan dat,quan đặt,0.9048
vn,quan day,quản đầy,0.9167
vn,quan den,quan đến,0.9977
vn,quan diem,quan điểm,1.0000
vn,quan dien,quan điện,1.0000
vn,quan dieu,quan điều,0.9988
vn,quan dinh,quan định,1.0000
vn,quan don,quan đơn,0.9980
vn,quan dong,quan đồng,0.9333
vn,quan duo,quan đượ,1.0000
vn,quan duoc,quan được,0.9919
vn,quan giai,quan giải,0.9846
vn,quan giam,quan giám,1.0000
vn,quan giup,quan giúp,1.0000
vn,quan gom,quan gồm,1.0000
vn,quan gui,quan gửi,1.0000
vn,quan ha,quan hạ,1.0000
vn,quan hai,quan hải,0.9418
vn,quan hanh,quan hành,1.0000
vn,quan hecong,quan hệcông,1.0000
vn,quan hedoi,quan hệđối,1.0000
vn,quan hehop,quan hệhợp,1.0000
vn,quan hehuu,quan hệhữu,1.0000
vn,quan hoan,quan hoàn,0.9231
vn,quan huong,quan hướng,1.0000
vn,quan huu,quan hữu,1.0000
vn,quan khac,quan khác,0.9984
vn,quan kiem,quan kiểm,0.9679
vn,quan lam,quan làm,0.9474
vn,quan lanh,quan lãnh,0.9412
vn,quan lap,quan lập,0.9880
vn,quan le,quan lệ,1.0000
vn,quan lien,quan liên,1.0000
vn,quan luu,quản lưu,0.9655
vn,quan ly,quản lý,1.0000
vn,quan ma,quan mà,0.9286
vn,quan minh,quan mình,0.9211
vn,quan nay,quan này,0.9259
vn,quan nen,quản nền,0.9955
vn,quan neu,quan nếu,0.9579
vn,quan nghiep,quan nghiệp,1.0000
vn,quan nguoi,quan người,1.0000
vn,quan nha,quan nhà,0.9904
vn,quan nham,quan nhằm,0.9412
vn,quan nhap,quan nhập,1.0000
vn,quan nuoc,quan nước,1.0000
vn,quan o,quan ở,1.0000
vn,quan phap,quan pháp,1.0000
vn,quan phe,quan phê,0.9333
vn,quan phoi,quan phối,1.0000
vn,quan phong,quan phòng,0.9570
vn,quan quan,quan quản,0.9853
vn,quan san,quản sản,1.0000
vn,quan soan,quan soạn,1.0000
vn,quan thoi,quan thời,1.0000
vn,quan thuc,quan thực,0.9626
vn,quan thue,quan thuế,0.9704
vn,quan thuoc,quan thuộc,0.9842
vn,quan thuong,quan thường,0.9791
vn,quan tiep,quan tiếp,0.9965
vn,quan to,quan tổ,0.9978
vn,quan tochuc,quan tổchức,1.0000
vn,quan toi,quan tới,1.0000
vn,quan tong,quan tổng,0.9636
vn,quan tot,quán tốt,1.0000
vn,quan tra,quan trả,1.0000
vn,quan trac,quan trắc,1.0000
vn,quan tri,quản trị,1.0000
vn,quan trien,quan triển,1.0000
vn,quan triet,quán triệt,1.0000
vn,quan trinh,quan trình,1.0000
vn,quan tru,quan trừ,1.0000
vn,quan truc,quan trực,1.0000
vn,quan truoc,quan trước,0.9935
vn,quan truong,quan trường,0.9783
vn,quan tuy,quan tùy,1.0000
vn,quan vat,quản vật,1.0000
vn,quan ve,quan về,0.9545
vn,quan viec,quan việc,0.9032
vn,quan viet,quan việt,0.9437
vn,quan vu,quan vụ,1.0000
vn,quan xac,quan xác,0.9259
vn,quan xay,quan xây,0.9180
vn,quan yeu,quan yêu,1.0000
vn,quang ba,quảng bá,1.0000
vn,quang cao,quảng cáo,1.0000
vn,quang duoi,quặng đuôi,1.0000
vn,quang nam,quảng nam,1.0000
vn,quang ngai,quảng ngãi,1.0000
vn,quang ninh,quảng ninh,1.0000
vn,quang tho,quặng thô,1.0000
vn,quang tri,quảng trị,1.0000
vn,quasang kien,quảsáng kiến,1.0000
vn,quat truc,quật trục,1.0000
vn,quathuc hien,quảthực hiện,1.0000
vn,quatrong pham,quảtrong phạm,1.0000
vn,quava co,quảvà có,1.0000
vn,quava kha,quảvà khả,1.0000
vn,quaxet duyet,quảxét duyệt,1.0000
vn,quay roi,quấy rối,1.0000
vn,que quan,quê quán,1.0000
vn,quen di,quên di,1.0000
vn,quen tai,quên tài,1.0000
vn,quet cac,quét các,1.0000
vn,quet cua,quét của,1.0000
vn,quet danh,quét đánh,1.0000
vn,quet scan,quét scan,1.0000
vn,qui dinh,qui định,1.0000
vn,quo 2,quố 2,1.0000
vn,quoc anh,quốc anh,1.0000
vn,quoc b,quốc b,1.0000
vn,quoc buoc,quốc bước,1.0000
vn,quoc cua,quốc của,1.0000
vn,quoc doanh,quốc doanh,1.0000
vn,quoc gia,quốc gia,0.9990
vn,quoc hieu,quốc hiệu,1.0000
vn,quoc hoac,quốc hoặc,1.0000
vn,quoc hoi,quốc hội,0.9988
vn,quoc huy,quốc huy,1.0000
vn,quoc ii,quốc ii,1.0000
vn,quoc lo,quốc lộ,1.0000
vn,quoc mau,quốc mẫu,1.0000
vn,quoc nguoi,quốc người,1.0000
vn,quoc phong,quốc phòng,1.0000
vn,quoc tai,quốc tại,1.0000
vn,quoc te,quốc tế,1.0000
vn,quoc teduoc,quốc tếđược,1.0000
vn,quoc tetai,quốc tếtại,1.0000
vn,quoc theo,quốc theo,1.0000
vn,quoc thuoc,quốc thuộc,1.0000
vn,quoc tich,quốc tịch,1.0000
vn,quoc tong,quốc tổng,1.0000
vn,quoc totrinh,quốc tờtrình,1.0000
vn,quoc trong,quốc trong,1.0000
vn,quoc va,quốc và,1.0000
vn,quoc venang,quốc vềnăng,1.0000
vn,quoc viet,quốc việt,1.0000
vn,quy 3,quỹ 3,0.9091
vn,quy 5,quỹ 5,1.0000
vn,quy cach,quy cách,0.9531
vn,quy cham,quý chậm,1.0000
vn,quy che,quy chế,0.9961
vn,quy checua,quy chếcủa,1.0000
vn,quy chieu,quy chiếu,1.0000
vn,quy chuan,quy chuẩn,1.0000
vn,quy dao,quỹ đạo,1.0000
vn,quy dat,quỹ đất,0.9732
vn,quy dau,quỹ đầu,0.9954
vn,quy de,quỹ để,0.9640
vn,quy den,quý đến,0.9643
vn,quy di,quy đị,0.9118
vn,quy dich,quỹ dịch,0.9860
vn,quy dinh,quy định,0.9999
vn,quy du,quỹ dự,0.9840
vn,quy hiem,quý hiếm,0.9688
vn,quy ho,quỹ hỗ,0.9420
vn,quy hoach,quy hoạch,0.9995
vn,quy i,quý i,0.9459
vn,quy iii,quý iii,1.0000
vn,quy iv,quý iv,1.0000
vn,quy khen,quỹ khen,1.0000
vn,quy khoang,quý khoáng,1.0000
vn,quy kim,quý kim,1.0000
vn,quy la,quỹ là,0.9091
vn,quy linh,quy lĩnh,1.0000
vn,quy mo,quy mô,0.9963
vn,quy mot,quý một,0.9000
vn,quy nam,quý năm,0.9375
vn,quy nay,quỹ này,0.9459
vn,quy nha,quỹ nhà,0.9435
vn,quy pham,quy phạm,1.0000
vn,quy phat,quỹ phát,1.0000
vn,quy phong,quỹ phòng,1.0000
vn,quy phuc,quỹ phúc,0.9808
vn,quy san,quy sản,1.0000
vn,quy su,quy sử,0.9545
vn,quy tac,quy tắc,1.0000
vn,quy thiet,quỹ thiết,1.0000
vn,quy thuong,quỹ thưởng,0.9737
vn,quy tiep,quý tiếp,1.0000
vn,quy tin,quỹ tín,0.9954
vn,quy tren,quỹ trên,0.9091
vn,quy trinh,quy trình,0.9987
vn,quy tru,quý trừ,1.0000
vn,quy tuong,quỹ tương,1.0000
vn,quy uoc,quy ước,1.0000
vn,quy xa,quỹ xã,1.0000
vn,quyen 01,quyền 01,1.0000
vn,quyen 1,quyền 1,1.0000
vn,quyen 2,quyền 2,1.0000
vn,quyen 3,quyền 3,1.0000
vn,quyen 4,quyền 4,0.9744
vn,quyen 5,quyền 5,1.0000
vn,quyen 6,quyền 6,1.0000
vn,quyen a,quyền a,1.0000
vn,quyen ap,quyền áp,1.0000
vn,quyen b,quyền b,1.0000
vn,quyen bang,quyền bằng,1.0000
vn,quyen bieu,quyền biểu,1.0000
vn,quyen c,quyền c,1.0000
vn,quyen cac,quyền các,1.0000
vn,quyen cap,quyền cấp,0.9867
vn,quyen cay,quyển cây,1.0000
vn,quyen chap,quyền chấp,1.0000
vn,quyen chiu,quyền chịu,1.0000
vn,quyen cho,quyền cho,0.9977
vn,quyen chu,quyền chủ,1.0000
vn,quyen chua,quyền chưa,1.0000
vn,quyen chung,quyền chứng,0.9412
vn,quyen chuyen,quyền chuyển,0.9545
vn,quyen cong,quyền công,0.9750
vn,quyen cu,quyền cụ,1.0000
vn,quyen cua,quyền của,1.0000
vn,quyen cung,quyền cung,0.9800
vn,quyen da,quyền đã,1.0000
vn,quyen dai,quyền đại,1.0000
vn,quyen den,quyền đến,0.9000
vn,quyen dia,quyền địa,1.0000
vn,quyen dieu,quyền điều,1.0000
vn,quyen do,quyền do,0.9091
vn,quyen doanh,quyền doanh,1.0000
vn,quyen doi,quyền đối,0.9720
vn,quyen don,quyền đơn,1.0000
vn,quyen dung,quyền đúng,0.9167
vn,quyen duoc,quyền được,1.0000
vn,quyen e,quyền e,1.0000
vn,quyen g,quyền g,1.0000
vn,quyen giai,quyền giải,1.0000
vn,quyen giam,quyền giám,0.9500
vn,quyen giao,quyền giao,1.0000
vn,quyen gop,quyền góp,0.9643
vn,quyen gui,quyền gửi,1.0000
vn,quyen han,quyền hạn,1.0000
vn,quyen hoac,quyền hoặc,1.0000
vn,quyen hoat,quyền hoạt,1.0000
vn,quyen hop,quyền hợp,1.0000
vn,quyen in,quyền in,1.0000
vn,quyen ket,quyền kết,1.0000
vn,quyen khac,quyền khác,1.0000
vn,quyen khai,quyền khai,0.9997
vn,quyen khang,quyền kháng,0.9375
vn,quyen khi,quyền khi,1.0000
vn,quyen khieu,quyền khiếu,1.0000
vn,quyen khong,quyền không,1.0000
vn,quyen kiem,quyền kiểm,1.0000
vn,quyen kien,quyền kiến,1.0000
vn,quyen ky,quyền ký,1.0000
vn,quyen la,quyền là,1.0000
vn,quyen lam,quyền làm,1.0000
vn,quyen lap,quyền lập,1.0000
vn,quyen lien,quyền liên,1.0000
vn,quyen loi,quyền lợi,1.0000
vn,quyen lua,quyền lựa,1.0000
vn,quyen luu,quyền lưu,1.0000
vn,quyen mua,quyền mua,1.0000
vn,quyen nghia,quyền nghĩa,1.0000
vn,quyen nguoi,quyền người,1.0000
vn,quyen nham,quyền nhằm,1.0000
vn,quyen nhap,quyền nhập,1.0000
vn,quyen nhnn,quyền nhnn,1.0000
vn,quyen nop,quyền nộp,1.0000
vn,quyen nuoc,quyền nước,1.0000
vn,quyen o,quyền ở,1.0000
vn,quyen phai,quyền phải,1.0000
vn,quyen pham,quyền phạm,1.0000
vn,quyen phe,quyền phê,1.0000
vn,quyen quan,quyền quản,0.9879
vn,quyen quoc,quyền quốc,1.0000
vn,quyen quy,quyền quy,0.9980
vn,quyen quyet,quyền quyết,0.9994
vn,quyen ra,quyền ra,0.9592
vn,quyen rieng,quyền riêng,1.0000
vn,quyen rut,quyền rút,1.0000
vn,quyen sau,quyền sau,1.0000
vn,quyen so,quyền sở,0.9858
vn,quyen su,quyền sử,1.0000
vn,quyen sua,quyền sửa,1.0000
vn,quyen tac,quyền tác,1.0000
vn,quyen tam,quyền tạm,1.0000
vn,quyen theo,quyền theo,1.0000
vn,quyen thoi,quyền thời,1.0000
vn,quyen thuc,quyền thực,1.0000
vn,quyen thue,quyền thuê,1.0000
vn,quyen thuoc,quyền thuộc,1.0000
vn,quyen tien,quyền tiến,0.9943
vn,quyen tiep,quyền tiếp,1.0000
vn,quyen trach,quyền trách,1.0000
vn,quyen tre,quyền trẻ,1.0000
vn,quyen tren,quyền trên,1.0000
vn,quyen trich,quyền trích,1.0000
vn,quyen trieu,quyền triệu,1.0000
vn,quyen trinh,quyền trình,1.0000
vn,quyen trong,quyền trong,1.0000
vn,quyen tru,quyền trừ,1.0000
vn,quyen truoc,quyền trước,1.0000
vn,quyen truong,quyền trường,0.9808
vn,quyen truy,quyền truy,1.0000
vn,quyen uu,quyền ưu,1.0000
vn,quyen uy,quyền ủy,0.9375
vn,quyen v,quyền v,1.0000
vn,quyen va,quyền và,1.0000
vn,quyen vao,quyền vào,1.0000
vn,quyen ve,quyền về,1.0000
vn,quyen viec,quyền việc,1.0000
vn,quyen voi,quyền với,1.0000
vn,quyen xa,quyền xã,1.0000
vn,quyen xac,quyền xác,1.0000
vn,quyen xem,quyền xem,1.0000
vn,quyen xet,quyền xét,1.0000
vn,quyen xu,quyền xử,1.0000
vn,quyen xuly,quyền xửlý,1.0000
vn,quyen yeu,quyền yêu,1.0000
vn,quyet 03,quyết 03,1.0000
vn,quyet 1,quyết 1,1.0000
vn,quyet 3,quyết 3,1.0000
vn,quyet 4,quyết 4,1.0000
vn,quyet a,quyết a,1.0000
vn,quyet bang,quyết bằng,1.0000
vn,quyet cac,quyết các,1.0000
vn,quyet cap,quyết cấp,0.9524
vn,quyet che,quyết chế,1.0000
vn,quyet cho,quyết cho,1.0000
vn,quyet cong,quyết công,0.9688
vn,quyet cua,quyết của,1.0000
vn,quyet dinh,quyết định,0.9999
vn,quyet doi,quyết đối,1.0000
vn,quyet don,quyết đơn,1.0000
vn,quyet duoc,quyết được,1.0000
vn,quyet ho,quyết hồ,0.9812
vn,quyet hoac,quyết hoặc,1.0000
vn,quyet khieu,quyết khiếu,1.0000
vn,quyet khong,quyết không,1.0000
vn,quyet kien,quyết kiến,1.0000
vn,quyet kip,quyết kịp,1.0000
vn,quyet lien,quyết liên,1.0000
vn,quyet mai,quyết mai,1.0000
vn,quyet nay,quyết này,1.0000
vn,quyet nhung,quyết những,1.0000
vn,quyet phan,quyết phản,0.9615
vn,quyet quyet,quyết quyết,1.0000
vn,quyet so,quyết số,0.9947
vn,quyet tan,quyết tán,1.0000
vn,quyet theo,quyết theo,1.0000
vn,quyet thong,quyết thông,1.0000
vn,quyet thu,quyết thủ,0.9981
vn,quyet to,quyết tố,0.9741
vn,quyet toan,quyết toán,0.9984
vn,quyet tranh,quyết tranh,1.0000
vn,quyet tthc,quyết tthc,1.0000
vn,quyet va,quyết và,1.0000
vn,quyet ve,quyết về,1.0000
vn,quyet viec,quyết việc,1.0000
vn,quyet vu,quyết vụ,1.0000
vn,quyet yeu,quyết yêu,1.0000
vn,quytin dung,quỹtín dụng,1.0000
vn,r khoan,r khoản,1.0000
vn,ra bang,ra bằng,1.0000
vn,ra ben,ra bên,1.0000
vn,ra cac,ra các,1.0000
vn,ra cong,ra công,1.0000
vn,ra cua,ra của,1.0000
vn,ra da,ra đa,0.9231
vn,ra de,ra để,0.9286
vn,ra doan,ra đoàn,1.0000
vn,ra doi,ra đối,0.9138
vn,ra dong,ra đồng,1.0000
vn,ra duoc,ra được,1.0000
vn,ra giay,ra giấy,1.0000
vn,ra hanh,ra hành,1.0000
vn,ra hoac,ra hoặc,1.0000
vn,ra ket,ra kết,1.0000
vn,ra khoi,ra khỏi,1.0000
vn,ra la,ra là,1.0000
vn,ra lenh,ra lệnh,1.0000
vn,ra lu,ra lũ,1.0000
vn,ra mot,ra một,1.0000
vn,ra ngoai,ra ngoài,0.9650
vn,ra nguoi,ra người,1.0000
vn,ra nuoc,ra nước,1.0000
vn,ra phuong,ra phương,1.0000
vn,ra quet,rà quét,1.0000
vn,ra quyet,ra quyết,1.0000
vn,ra rui,ra rủi,1.0000
vn,ra san,ra sản,1.0000
vn,ra soat,rà soát,0.9989
vn,ra su,ra sự,0.9920
vn,ra ten,ra tên,1.0000
vn,ra thong,ra thông,1.0000
vn,ra tieng,ra tiếng,1.0000
vn,ra tinh,ra tình,0.9231
vn,ra ton,ra tổn,1.0000
vn,ra tren,ra trên,1.0000
vn,ra truoc,ra trước,1.0000
vn,ra truong,ra trường,1.0000
vn,ra tu,ra từ,1.0000
vn,ra va,ra và,1.0000
vn,ra van,ra văn,1.0000
vn,ra vao,ra vào,1.0000
vn,ra viec,ra việc,1.0000
vn,rac cuoc,rác cuộc,1.0000
vn,rac thai,rác thải,1.0000
vn,rach bi,rách bị,1.0000
vn,rach hoac,rách hoặc,1.0000
vn,rach hu,rách hư,1.0000
vn,rach nat,rách nát,1.0000
vn,rang buoc,ràng buộc,1.0000
vn,rang chinh,ràng chính,1.0000
vn,rang nha,rằng nhà,1.0000
vn,rang va,ràng và,1.0000
vn,ranh gioi,ranh giới,1.0000
vn,rap cac,ráp các,1.0000
vn,rap cua,ráp của,1.0000
vn,rap linh,ráp linh,1.0000
vn,rap o,ráp ô,1.0000
vn,rap san,ráp sản,1.0000
vn,rap thuc,ráp thực,1.0000
vn,rap trong,ráp trong,1.0000
vn,rap xe,ráp xe,1.0000
vn,rat lon,rất lớn,1.0000
vn,rat nghiem,rất nghiêm,1.0000
vn,ray li,rây li,1.0000
vn,real dien,real diện,1.0000
vn,real la,real là,1.0000
vn,ren luyen,rèn luyện,1.0000
vn,ri chung,ri chứng,1.0000
vn,ria vung,rịa vũng,1.0000
vn,rieng 2,riêng 2,1.0000
vn,rieng ao,riêng ảo,1.0000
vn,rieng biet,riêng biệt,1.0000
vn,rieng cac,riêng các,1.0000
vn,rieng cho,riêng cho,1.0000
vn,rieng cua,riêng của,1.0000
vn,rieng dai,riêng đại,1.0000
vn,rieng doi,riêng đối,1.0000
vn,rieng duoc,riêng được,1.0000
vn,rieng gia,riêng giá,1.0000
vn,rieng hoac,riêng hoặc,1.0000
vn,rieng khong,riêng không,1.0000
vn,rieng le,riêng lẻ,0.9892
vn,rieng lien,riêng liên,1.0000
vn,rieng mang,riêng mạng,0.9286
vn,rieng nam,riêng năm,1.0000
vn,rieng phuc,riêng phục,1.0000
vn,rieng theo,riêng theo,1.0000
vn,rieng thuc,riêng thực,1.0000
vn,rieng toi,riêng tối,1.0000
vn,rieng trong,riêng trong,1.0000
vn,rieng truong,riêng trường,1.0000
vn,rieng tu,riêng tư,0.9587
vn,rieng va,riêng và,1.0000
vn,rieng viec,riêng việc,1.0000
vn,rieng voi,riêng với,1.0000
vn,ro chien,ro chiến,1.0000
vn,ro cua,ro của,1.0000
vn,ro da,ro đã,0.9643
vn,ro dam,ro đảm,1.0000
vn,ro dia,rõ địa,1.0000
vn,ro doi,ro đối,0.9732
vn,ro gom,ro gồm,1.0000
vn,ro hinh,rõ hình,1.0000
vn,ro ho,rõ họ,0.9897
vn,ro hoat,ro hoạt,0.9947
vn,ro khac,ro khác,1.0000
vn,ro kiem,ro kiểm,1.0000
vn,ro lai,ro lãi,1.0000
vn,ro lien,ro liên,0.9524
vn,ro ly,rõ lý,1.0000
vn,ro mo,ro mô,1.0000
vn,ro ngoai,ro ngoại,0.9286
vn,ro noi,rõ nội,0.9756
vn,ro phai,ro phải,1.0000
vn,ro pham,rõ phạm,0.9130
vn,ro phat,ro phát,1.0000
vn,ro phi,rô phi,1.0000
vn,ro rang,rõ ràng,0.9946
vn,ro ri,rò rỉ,1.0000
vn,ro rua,ro rửa,1.0000
vn,ro tap,ro tập,1.0000
vn,ro ten,rõ tên,1.0000
vn,ro thap,ro thấp,1.0000
vn,ro thi,ro thị,0.9344
vn,ro thoi,rõ thời,0.9545
vn,ro thuoc,ro thuộc,1.0000
vn,ro tin,ro tín,1.0000
vn,ro toi,ro tối,1.0000
vn,ro trach,rõ trách,1.0000
vn,ro tuong,ro tương,1.0000
vn,ro va,ro và,0.9670
vn,ro ve,ro về,0.9406
vn,ro viec,rõ việc,0.9600
vn,ro xay,ro xảy,1.0000
vn,ro y,rõ ý,1.0000
vn,roi an,rối an,1.0000
vn,roi bi,rơi bị,1.0000
vn,roi bo,rơi bỏ,1.0000
vn,roi cua,rời của,1.0000
vn,roi khoi,rời khỏi,1.0000
vn,roi loan,rối loạn,1.0000
vn,roi rac,rời rạc,1.0000
vn,roi trat,rối trật,1.0000
vn,rong cac,rộng các,1.0000
vn,rong cho,ròng cho,0.9167
vn,rong dau,ròng đầu,0.9828
vn,rong he,rộng hệ,0.9444
vn,rong hien,ròng hiện,1.0000
vn,rong hoac,rộng hoặc,0.9231
vn,rong kenh,rộng kênh,1.0000
vn,rong mang,rộng mạng,1.0000
vn,rong nang,rộng nâng,0.9474
vn,rong pham,rộng phạm,1.0000
vn,rong quan,rộng quan,1.0000
vn,rong rai,rộng rãi,1.0000
vn,rong tai,rộng tài,0.9838
vn,rong tam,ròng tạm,1.0000
vn,rong thanh,ròng thành,1.0000
vn,rong va,rộng và,0.9053
vn,rong vien,rộng viền,1.0000
vn,rong xay,rộng xây,1.0000
vn,rua tien,rửa tiền,1.0000
vn,rui ro,rủi ro,1.0000
vn,rung dac,rừng đặc,1.0000
vn,rung phong,rừng phòng,1.0000
vn,rung san,rừng sản,1.0000
vn,rung sang,rừng sang,1.0000
vn,rung thuoc,rừng thuộc,1.0000
vn,rung va,rừng và,1.0000
vn,ruot anh,ruột anh,1.0000
vn,ruot chi,ruột chị,1.0000
vn,ruot cua,ruột của,1.0000
vn,ruot em,ruột em,1.0000
vn,ruou bia,rượu bia,1.0000
vn,rut du,rút dự,1.0000
vn,rut gon,rút gọn,1.0000
vn,rut khoi,rút khỏi,1.0000
vn,rut kinh,rút kinh,1.0000
vn,rut lai,rút lại,0.9765
vn,rut ngan,rút ngắn,1.0000
vn,rut tien,rút tiền,1.0000
vn,rut von,rút vốn,1.0000
vn,s a,s ả,1.0000
vn,s hoac,s hoặc,1.0000
vn,s u,s ử,1.0000
vn,s va,s và,1.0000
vn,sa mac,sa mạc,1.0000
vn,sac 19,sắc 19,1.0000
vn,sac 5,sắc 5,1.0000
vn,sac buoc,sắc bước,1.0000
vn,sac chitieu,sắc chỉtiêu,1.0000
vn,sac cho,sắc cho,1.0000
vn,sac co,sắc có,1.0000
vn,sac danh,sắc danh,0.9474
vn,sac dien,sạc điện,1.0000
vn,sac doi,sắc đối,1.0000
vn,sac dot,sắc đột,1.0000
vn,sac duoc,sắc được,1.0000
vn,sac hoac,sắc hoặc,1.0000
vn,sac kehoach,sắc kếhoạch,1.0000
vn,sac net,sắc nét,1.0000
vn,sac nha,sắc nhà,1.0000
vn,sac nhiem,sắc nhiệm,1.0000
vn,sac noi,sắc nội,1.0000
vn,sac pin,sạc pin,1.0000
vn,sac tieu,sắc tiêu,1.0000
vn,sac toan,sắc toàn,1.0000
vn,sac totrinh,sắc tờtrình,1.0000
vn,sac trong,sắc trong,1.0000
vn,sac vi,sắc vì,1.0000
vn,sach 3,sạch 3,0.9412
vn,sach 4,sạch 4,1.0000
vn,sach an,sách an,1.0000
vn,sach c,sạch c,0.9091
vn,sach ca,sách cá,1.0000
vn,sach cac,sách các,1.0000
vn,sach canh,sách cảnh,1.0000
vn,sach cap,sách cấp,0.9109
vn,sach che,sách chế,1.0000
vn,sach chien,sách chiến,1.0000
vn,sach chuan,sạch chuẩn,1.0000
vn,sach chung,sách chứng,0.9524
vn,sach chuyen,sách chuyên,0.9048
vn,sach cua,sách của,0.9923
vn,sach dac,sách đặc,1.0000
vn,sach dai,sách đãi,0.9167
vn,sach dang,sách đảng,0.9800
vn,sach dao,sách đào,1.0000
vn,sach den,sách đen,0.9333
vn,sach denghi,sách đềnghị,1.0000
vn,sach dia,sách địa,1.0000
vn,sach dua,sách đưa,1.0000
vn,sach he,sách hệ,1.0000
vn,sach hien,sách hiện,0.9200
vn,sach hoac,sách hoặc,0.9286
vn,sach hoat,sách hoạt,1.0000
vn,sach khac,sách khác,1.0000
vn,sach khach,sách khách,1.0000
vn,sach khuyen,sách khuyến,1.0000
vn,sach kiem,sách kiểm,1.0000
vn,sach kinh,sách kinh,1.0000
vn,sach luan,sách luân,1.0000
vn,sach nam,sách năm,1.0000
vn,sach nay,sách này,1.0000
vn,sach nguoi,sách người,0.9216
vn,sach nha,sách nhà,1.0000
vn,sach nhieu,sách nhiễu,1.0000
vn,sach nhu,sách như,0.9231
vn,sach nhung,sách những,1.0000
vn,sach nong,sạch nông,1.0000
vn,sach phap,sách pháp,0.9969
vn,sach phat,sách phát,1.0000
vn,sach quan,sách quản,0.9521
vn,sach sau,sách sau,0.9583
vn,sach su,sách sự,0.9216
vn,sach tap,sách tập,1.0000
vn,sach ten,sách tên,1.0000
vn,sach tien,sách tiền,0.9912
vn,sach to,sách tổ,0.9912
vn,sach truc,sách trực,1.0000
vn,sach trung,sách trung,0.9978
vn,sach tuong,sách tương,1.0000
vn,sach uu,sách ưu,1.0000
vn,sach ve,sách về,1.0000
vn,sach vung,sạch vững,0.9940
vn,sach xa,sách xã,1.0000
vn,sai che,sai chế,1.0000
vn,sai gon,sài gòn,1.0000
vn,sai hoac,sai hoặc,1.0000
vn,sai lech,sai lệch,1.0000
vn,sai muc,sai mục,1.0000
vn,sai nguoc,sai ngược,1.0000
vn,sai pham,sai phạm,1.0000
vn,sai sot,sai sót,1.0000
vn,sai su,sai sự,1.0000
vn,sai thua,sai thừa,1.0000
vn,sam cho,sắm cho,1.0000
vn,sam cong,sắm công,1.0000
vn,sam dau,sắm đầu,1.0000
vn,sam de,sắm để,1.0000
vn,sam dich,sắm dịch,1.0000
vn,sam duoc,sắm được,1.0000
vn,sam giao,sắm giao,1.0000
vn,sam hang,sắm hàng,1.0000
vn,sam hoac,sắm hoặc,0.9853
vn,sam may,sắm máy,1.0000
vn,sam moi,sắm mới,1.0000
vn,sam nang,sắm nâng,1.0000
vn,sam nhan,sắm nhận,1.0000
vn,sam phuong,sắm phương,1.0000
vn,sam quan,sắm quản,1.0000
vn,sam sua,sắm sửa,1.0000
vn,sam tai,sắm tài,0.9978
vn,sam tap,sắm tập,1.0000
vn,sam theo,sắm theo,1.0000
vn,sam thue,sắm thuê,1.0000
vn,sam trang,sắm trang,1.0000
vn,sam tru,sắm trụ,1.0000
vn,sam tu,sắm từ,1.0000
vn,sam vat,sắm vật,1.0000
vn,san 01,sản 01,1.0000
vn,san 1,sản 1,0.9950
vn,san 18,sản 18,1.0000
vn,san 2,sản 2,1.0000
vn,san 3,sản 3,0.9959
vn,san 33,sản 33,1.0000
vn,san 4,sản 4,1.0000
vn,san 45,sản 45,1.0000
vn,san 5,sản 5,0.9902
vn,san 6,sản 6,1.0000
vn,san 7,sản 7,1.0000
vn,san 9,sản 9,0.9167
vn,san a,sản a,1.0000
vn,san an,sản an,1.0000
vn,san b,sản b,0.9907
vn,san bai,sản bãi,0.9167
vn,san bang,sản bằng,0.9862
vn,san bay,sân bay,1.0000
vn,san ben,sản bên,1.0000
vn,san bi,sản bị,1.0000
vn,san bihy,sản bịhy,1.0000
vn,san c,sản c,0.9948
vn,san cac,sản các,0.9747
vn,san cap,sản cấp,0.9701
vn,san chim,sản chìm,1.0000
vn,san chiu,sản chịu,1.0000
vn,san cho,sản cho,0.9942
vn,san chon,sản chôn,0.9545
vn,san chu,sản chủ,0.9231
vn,san chua,sản chưa,0.9900
vn,san con,sản còn,1.0000
vn,san cong,sản công,0.9801
vn,san cua,sản của,0.9917
vn,san da,sản đã,0.9904
vn,san dac,sản đặc,1.0000
vn,san dai,sản đại,1.0000
vn,san dam,sản đảm,0.9474
vn,san danh,sản danh,0.9877
vn,san dau,sản đấu,0.9571
vn,san den,sản đến,1.0000
vn,san dia,sản địa,1.0000
vn,san dieu,sản điều,1.0000
vn,san doanh,sản doanh,1.0000
vn,san doc,sản độc,1.0000
vn,san doi,sản đối,0.9157
vn,san don,sản đơn,1.0000
vn,san duoc,sản được,0.9985
vn,san duoi,sản dưới,1.0000
vn,san duong,sản đường,0.9981
vn,san e,sản e,1.0000
vn,san g,sản g,1.0000
vn,san gan,sản gắn,1.0000
vn,san gay,sản gây,1.0000
vn,san ghi,sản ghi,1.0000
vn,san giai,sản giải,0.9091
vn,san giay,sản giấy,0.9412
vn,san giua,sản giữa,0.9688
vn,san gom,sản gồm,1.0000
vn,san gui,sản gửi,1.0000
vn,san h,sản h,1.0000
vn,san ha,sản hạ,0.9977
vn,san hien,sản hiện,0.9878
vn,san hieu,sản hiệu,1.0000
vn,san hinh,sản hình,1.0000
vn,san ho,sản hồ,0.9853
vn,san hoac,sản hoặc,0.9980
vn,san hoan,sản hoàn,1.0000
vn,san hoat,sản hoạt,1.0000
vn,san hoi,sản hội,1.0000
vn,san hop,sản hợp,1.0000
vn,san huu,sản hữu,1.0000
vn,san i,sản i,1.0000
vn,san ket,sản kết,1.0000
vn,san khac,sản khác,0.9963
vn,san khai,sản khai,1.0000
vn,san khi,sản khi,0.9936
vn,san khong,sản không,0.9954
vn,san la,sản là,0.9978
vn,san lam,sản làm,0.9964
vn,san lien,sản liên,0.9894
vn,san lua,sản lựa,1.0000
vn,san luat,sản luật,1.0000
vn,san luong,sản lượng,1.0000
vn,san ly,sản lý,1.0000
vn,san mau,sản mẫu,0.9565
vn,san mien,sản miền,1.0000
vn,san mot,sản một,0.9524
vn,san mua,sản mua,1.0000
vn,san nay,sản này,1.0000
vn,san neu,sản nếu,0.9484
vn,san ngan,sản ngân,0.9500
vn,san ngoai,sản ngoài,1.0000
vn,san nguoi,sản người,0.9640
vn,san nguon,sản nguồn,1.0000
vn,san nguyen,sản nguyên,0.9535
vn,san nha,sản nhà,0.9922
vn,san nham,sản nhằm,1.0000
vn,san nhan,sản nhận,0.9817
vn,san nhu,sản như,1.0000
vn,san no,sản nợ,1.0000
vn,san nop,sản nộp,1.0000
vn,san nuoi,sản nuôi,1.0000
vn,san o,sản ở,0.9805
vn,san phai,sản phải,1.0000
vn,san pham,sản phẩm,0.9980
vn,san phe,sản phê,0.9474
vn,san phoi,sản phối,0.9167
vn,san phu,sản phù,1.0000
vn,san phuc,sản phục,0.9833
vn,san phuong,sản phương,1.0000
vn,san quan,sản quản,0.9394
vn,san quoc,sản quốc,1.0000
vn,san quy,sản quy,0.9083
vn,san quyen,sản quyền,1.0000
vn,san quyet,sản quyết,1.0000
vn,san rieng,sản riêng,1.0000
vn,san san,sản sản,1.0000
vn,san sang,sẵn sàng,0.9245
vn,san sau,sản sau,0.9906
vn,san tang,sản tăng,0.9375
vn,san ten,sản tên,0.9691
vn,san thay,sản thay,1.0000
vn,san the,sản thế,0.9318
vn,san theo,sản theo,0.9991
vn,san thi,sản thì,0.9464
vn,san thiet,sản thiết,1.0000
vn,san thoi,sản thời,1.0000
vn,san thu,sản thu,0.9847
vn,san thua,sản thừa,1.0000
vn,san thuc,sản thực,0.9976
vn,san thue,sản thuê,0.9592
vn,san thuoc,sản thuộc,0.9962
vn,san thuong,sản thường,0.9286
vn,san tich,sản tịch,1.0000
vn,san tiep,sản tiếp,1.0000
vn,san tieu,sản tiêu,1.0000
vn,san to,sản tổ,1.0000
vn,san tong,sản tổng,1.0000
vn,san tra,sản trả,1.0000
vn,san trach,sản trách,1.0000
vn,san trang,sản trang,0.9949
vn,san tren,sản trên,0.9877
vn,san tri,sản trí,1.0000
vn,san trinh,sản trình,1.0000
vn,san tro,sản trở,1.0000
vn,san trong,sản trong,0.9776
vn,san tru,sản trừ,0.9841
vn,san truc,sản trực,0.9792
vn,san trung,sản trưng,0.9879
vn,san truoc,sản trước,1.0000
vn,san truong,sản trường,0.9948
vn,san tuong,sản tương,1.0000
vn,san va,sản và,0.9970
vn,san van,sản văn,0.9755
vn,san vao,sản vào,1.0000
vn,san vat,sản vật,1.0000
vn,san ve,sản về,1.0000
vn,san vi,sản vi,0.9107
vn,san viec,sản việc,1.0000
vn,san viet,sản việt,0.9931
vn,san vo,sản vô,1.0000
vn,san voi,sản với,1.0000
vn,san vuot,sản vượt,1.0000
vn,san xac,sản xác,1.0000
vn,san xem,sản xem,1.0000
vn,san xu,sản xử,1.0000
vn,san xuat,sản xuất,0.9907
vn,sang bo,sang bộ,1.0000
vn,sang cac,sang các,0.9863
vn,sang cao,sàng cao,1.0000
vn,sang che,sáng chế,1.0000
vn,sang chia,sàng chia,1.0000
vn,sang chung,sang chứng,1.0000
vn,sang co,sang cơ,0.9375
vn,sang dia,sang địa,1.0000
vn,sang he,sang hệ,0.9667
vn,sang hinh,sang hình,1.0000
vn,sang ket,sàng kết,1.0000
vn,sang kien,sáng kiến,1.0000
vn,sang lap,sáng lập,1.0000
vn,sang muc,sang mục,1.0000
vn,sang nam,sang năm,1.0000
vn,sang nganh,sang ngành,1.0000
vn,sang phuong,sang phương,0.9643
vn,sang tai,sang tài,1.0000
vn,sang tao,sáng tạo,1.0000
vn,sang tap,sang tập,1.0000
vn,sang tieng,sang tiếng,0.9583
vn,sang van,sang văn,1.0000
vn,sang xu,sang xử,1.0000
vn,sanh doi,sánh đối,1.0000
vn,sao ban,sao bản,1.0000
vn,sao bien,sao biên,1.0000
vn,sao cac,sao các,1.0000
vn,sao cap,sao cấp,1.0000
vn,sao chep,sao chép,1.0000
vn,sao chung,sao chứng,1.0000
vn,sao chup,sao chụp,1.0000
vn,sao co,sao có,0.9960
vn,sao cua,sao của,1.0000
vn,sao dien,sao điện,1.0000
vn,sao doi,sao đối,1.0000
vn,sao duoc,sao được,1.0000
vn,sao giay,sao giấy,1.0000
vn,sao ho,sao hồ,0.9720
vn,sao hoac,sao hoặc,1.0000
vn,sao hop,sao hợp,1.0000
vn,sao kem,sao kèm,1.0000
vn,sao khong,sao không,1.0000
vn,sao khuc,sào khúc,1.0000
vn,sao luu,sao lưu,1.0000
vn,sao quyet,sao quyết,1.0000
vn,sao toi,sao tới,0.9167
vn,sao truong,sao trường,1.0000
vn,sao tu,sao từ,1.0000
vn,sao va,sao và,1.0000
vn,sao van,sao văn,1.0000
vn,sao vang,sao vàng,1.0000
vn,sao xuat,sao xuất,1.0000
vn,sap nhap,sáp nhập,1.0000
vn,sap xep,sắp xếp,1.0000
vn,sat an,sát an,0.9848
vn,sat bien,sát biển,0.9656
vn,sat cac,sát các,1.0000
vn,sat canh,sát cảnh,0.9000
vn,sat cap,sát cấp,1.0000
vn,sat cong,sát công,0.9524
vn,sat cua,sát của,0.9758
vn,sat cung,sát cùng,0.9494
vn,sat danh,sát đánh,0.9535
vn,sat dieu,sát điều,1.0000
vn,sat dinh,sát định,1.0000
vn,sat do,sắt đô,0.9627
vn,sat doan,sát đoàn,1.0000
vn,sat doi,sát đối,0.9773
vn,sat gia,sát giá,0.9688
vn,sat giao,sát giao,0.9758
vn,sat gom,sắt gồm,0.9800
vn,sat hach,sát hạch,1.0000
vn,sat hai,sát hải,1.0000
vn,sat he,sát hệ,1.0000
vn,sat hoat,sát hoạt,1.0000
vn,sat khu,sát khu,1.0000
vn,sat kiem,sát kiểm,1.0000
vn,sat lien,sát liên,0.9286
vn,sat lo,sạt lở,1.0000
vn,sat lua,sắt lựa,1.0000
vn,sat ngan,sát ngân,0.9973
vn,sat nganh,sát ngành,1.0000
vn,sat nghiem,sát nghiệm,1.0000
vn,sat nhan,sát nhân,0.9640
vn,sat phat,sát phát,0.9545
vn,sat phe,sát phê,0.9583
vn,sat phong,sát phòng,0.9646
vn,sat qua,sát quá,0.9231
vn,sat quoc,sắt quốc,1.0000
vn,sat ra,sát ra,1.0000
vn,sat thanh,sát thanh,0.9630
vn,sat toan,sát toàn,1.0000
vn,sat toi,sát tối,0.9091
vn,sat trat,sát trật,1.0000
vn,sat trung,sát trung,0.9375
vn,sat ung,sát ứng,1.0000
vn,sat viec,sát việc,0.9608
vn,sat vien,sát viên,1.0000
vn,sat voi,sát với,0.9091
vn,sat xay,sát xây,1.0000
vn,sat xem,sát xem,1.0000
vn,sat xet,sát xét,1.0000
vn,sat xu,sát xử,1.0000
vn,sat yeu,sát yêu,1.0000
vn,sau cac,sau các,0.9565
vn,sau cong,sau công,0.9375
vn,sau cum,sau cụm,1.0000
vn,sau da,sau đã,1.0000
vn,sau dau,sau đầu,0.9437
vn,sau day,sau đây,1.0000
vn,sau diem,sau điểm,1.0000
vn,sau dieu,sau điều,1.0000
vn,sau do,sau đó,0.9965
vn,sau doi,sau đối,0.9750
vn,sau giay,sau giấy,1.0000
vn,sau giet,sau giết,1.0000
vn,sau khoan,sau khoản,1.0000
vn,sau la,sau là,1.0000
vn,sau lien,sau liền,1.0000
vn,sau moi,sau mỗi,1.0000
vn,sau mot,sau một,1.0000
vn,sau nay,sau này,1.0000
vn,sau neu,sau nếu,0.9545
vn,sau ngay,sau ngày,0.9821
vn,sau nguoi,sau người,1.0000
vn,sau qua,sau quá,1.0000
vn,sau ten,sau tên,1.0000
vn,sau thi,sau thì,1.0000
vn,sau thoi,sau thời,1.0000
vn,sau thong,sau thông,0.9855
vn,sau thue,sau thuế,0.9701
vn,sau tieu,sau tiêu,1.0000
vn,sau tren,sau trên,1.0000
vn,sau trich,sau trích,1.0000
vn,sau truong,sau trường,0.9216
vn,sau viec,sau việc,1.0000
vn,sau vung,sâu vùng,1.0000
vn,scan cac,scan các,1.0000
vn,scan thanh,scan thành,1.0000
vn,se bi,sẽ bị,0.9130
vn,se cac,sẻ các,1.0000
vn,se cung,sẻ cung,0.9495
vn,se de,sẻ để,0.9091
vn,se dieu,sẻ điều,0.9167
vn,se do,sẽ do,1.0000
vn,se dong,sẻ đồng,1.0000
vn,se du,sẻ dữ,0.9830
vn,se duoc,sẽ được,0.9829
vn,se gay,sẽ gây,1.0000
vn,se giua,sẻ giữa,1.0000
vn,se ha,sẻ hạ,1.0000
vn,se ket,sẻ kết,0.9062
vn,se khai,sẻ khai,1.0000
vn,se khong,sẽ không,0.9412
vn,se lam,sẽ làm,1.0000
vn,se nghi,sẽ nghỉ,1.0000
vn,se phan,sẻ phần,0.9412
vn,se ri,sê ri,1.0000
vn,se rui,sẻ rủi,1.0000
vn,se theo,sẻ theo,1.0000
vn,se thong,sẻ thông,0.9833
vn,se thuc,sẽ thực,0.9091
vn,se tich,sẻ tích,1.0000
vn,se tien,sẽ tiến,1.0000
vn,se tiep,sẻ tiếp,0.9091
vn,se trao,sẻ trao,1.0000
vn,se va,sẻ và,0.9296
vn,se voi,sẻ với,1.0000
vn,se xem,sẽ xem,1.0000
vn,sec bao,séc bảo,1.0000
vn,sec chuyen,séc chuyển,1.0000
vn,sec da,séc đã,1.0000
vn,sec dinh,séc định,1.0000
vn,sec khong,séc không,0.9091
vn,sec phai,séc phải,1.0000
vn,set mo,sét mỏ,1.0000
vn,set quyen,sét quyển,1.0000
vn,sha thong,sha thống,1.0000
vn,si bo,sĩ bộ,1.0000
vn,si cong,sĩ công,1.0000
vn,si quan,sĩ quan,0.9773
vn,si thi,sĩ thi,1.0000
vn,sieu du,siêu dữ,1.0000
vn,sieu nho,siêu nhỏ,1.0000
vn,sim thue,sim thuê,1.0000
vn,sinh cac,sinh các,1.0000
vn,sinh cua,sinh của,1.0000
vn,sinh den,sinh đến,1.0000
vn,sinh doi,sinh đối,0.9762
vn,sinh duoc,sinh được,1.0000
vn,sinh hoac,sinh hoặc,1.0000
vn,sinh hoat,sinh hoạt,1.0000
vn,sinh hoc,sinh học,1.0000
vn,sinh khac,sinh khác,1.0000
vn,sinh khoa,sinh khóa,0.9688
vn,sinh khoan,sinh khoản,1.0000
vn,sinh khong,sinh không,1.0000
vn,sinh lai,sinh lãi,1.0000
vn,sinh lien,sinh liên,1.0000
vn,sinh neu,sinh nếu,1.0000
vn,sinh ngay,sinh ngày,0.9375
vn,sinh nguon,sinh nguồn,1.0000
vn,sinh noi,sinh nơi,1.0000
vn,sinh que,sinh quê,1.0000
vn,sinh quoc,sinh quốc,1.0000
vn,sinh rui,sinh rủi,1.0000
vn,sinh san,sinh sản,1.0000
vn,sinh so,sinh số,0.9091
vn,sinh song,sinh sống,1.0000
vn,sinh su,sinh sự,1.0000
vn,sinh tai,sinh tại,0.9706
vn,sinh thai,sinh thái,1.0000
vn,sinh tien,sinh tiền,1.0000
vn,sinh trac,sinh trắc,1.0000
vn,sinh trai,sinh trại,1.0000
vn,sinh tren,sinh trên,1.0000
vn,sinh truoc,sinh trước,1.0000
vn,sinh tu,sinh từ,0.9917
vn,sinh va,sinh và,1.0000
vn,sinh vat,sinh vật,1.0000
vn,sinh viec,sinh việc,1.0000
vn,sinh vien,sinh viên,1.0000
vn,sinh vuong,sinh vướng,1.0000
vn,sinh xa,sinh xã,1.0000
vn,sms hoac,sms hoặc,1.0000
vn,so 01a,số 01a,1.0000
vn,so 01b,số 01b,1.0000
vn,so 01c,số 01c,1.0000
vn,so 02,số 02,0.9872
vn,so 02a,số 02a,1.0000
vn,so 02b,số 02b,1.0000
vn,so 03,số 03,0.9836
vn,so 04,số 04,1.0000
vn,so 05,số 05,1.0000
vn,so 06,số 06,1.0000
vn,so 07,số 07,1.0000
vn,so 08,số 08,1.0000
vn,so 09,số 09,1.0000
vn,so 1,số 1,0.9095
vn,so 10,số 10,0.9028
vn,so 100,số 100,1.0000
vn,so 101,số 101,1.0000
vn,so 102,số 102,1.0000
vn,so 108,số 108,1.0000
vn,so 11,số 11,0.9932
vn,so 111,số 111,1.0000
vn,so 112,số 112,1.0000
vn,so 114,số 114,0.9919
vn,so 118,số 118,1.0000
vn,so 119,số 119,1.0000
vn,so 12,số 12,0.9540
vn,so 120,số 120,1.0000
vn,so 121,số 121,1.0000
vn,so 122,số 122,1.0000
vn,so 123,số 123,0.9286
vn,so 125,số 125,1.0000
vn,so 126,số 126,1.0000
vn,so 128,số 128,1.0000
vn,so 13,số 13,1.0000
vn,so 130,số 130,1.0000
vn,so 132,số 132,1.0000
vn,so 134,số 134,1.0000
vn,so 135,số 135,1.0000
vn,so 137,số 137,1.0000
vn,so 139,số 139,1.0000
vn,so 14,số 14,1.0000
vn,so 140,số 140,1.0000
vn,so 143,số 143,1.0000
vn,so 15,số 15,1.0000
vn,so 151,số 151,1.0000
vn,so 152,số 152,1.0000
vn,so 154,số 154,1.0000
vn,so 16,số 16,1.0000
vn,so 161,số 161,1.0000
vn,so 165,số 165,1.0000
vn,so 166,số 166,1.0000
vn,so 167,số 167,1.0000
vn,so 17,số 17,0.9909
vn,so 171,số 171,1.0000
vn,so 173,số 173,1.0000
vn,so 175,số 175,1.0000
vn,so 178,số 178,1.0000
vn,so 18,số 18,0.9787
vn,so 180,số 180,1.0000
vn,so 181,số 181,1.0000
vn,so 186,số 186,1.0000
vn,so 19,số 19,0.9936
vn,so 195,số 195,1.0000
vn,so 20,số 20,1.0000
vn,so 2024,số 2024,1.0000
vn,so 2025,số 2025,1.0000
vn,so 204,số 204,1.0000
vn,so 21,số 21,1.0000
vn,so 212,số 212,1.0000
vn,so 22,số 22,0.9825
vn,so 2204,số 2204,1.0000
vn,so 2205,số 2205,1.0000
vn,so 222,số 222,1.0000
vn,so 23,số 23,0.9807
vn,so 24,số 24,1.0000
vn,so 25,số 25,0.9869
vn,so 2504,số 2504,1.0000
vn,so 26,số 26,0.9939
vn,so 27,số 27,0.9565
vn,so 28,số 28,1.0000
vn,so 29,số 29,0.9245
vn,so 30,số 30,1.0000
vn,so 30a,số 30a,1.0000
vn,so 31,số 31,1.0000
vn,so 3176,số 3176,1.0000
vn,so 32,số 32,1.0000
vn,so 33,số 33,0.9474
vn,so 34,số 34,1.0000
vn,so 343,số 343,1.0000
vn,so 35,số 35,1.0000
vn,so 36,số 36,1.0000
vn,so 368,số 368,1.0000
vn,so 37,số 37,1.0000
vn,so 38,số 38,1.0000
vn,so 39,số 39,1.0000
vn,so 40,số 40,1.0000
vn,so 41,số 41,1.0000
vn,so 42,số 42,1.0000
vn,so 43,số 43,1.0000
vn,so 44,số 44,1.0000
vn,so 45,số 45,1.0000
vn,so 46,số 46,1.0000
vn,so 47,số 47,1.0000
vn,so 48,số 48,1.0000
vn,so 49,số 49,1.0000
vn,so 4998,số 4998,1.0000
vn,so 50,số 50,1.0000
vn,so 51,số 51,1.0000
vn,so 52,số 52,1.0000
vn,so 53,số 53,1.0000
vn,so 54,số 54,1.0000
vn,so 55,số 55,1.0000
vn,so 56,số 56,1.0000
vn,so 57,số 57,1.0000
vn,so 58,số 58,1.0000
vn,so 59,số 59,1.0000
vn,so 6,số 6,0.9375
vn,so 60,số 60,1.0000
vn,so 61,số 61,1.0000
vn,so 62,số 62,1.0000
vn,so 63,số 63,1.0000
vn,so 64,số 64,1.0000
vn,so 66,số 66,1.0000
vn,so 67,số 67,1.0000
vn,so 68,số 68,1.0000
vn,so 69,số 69,1.0000
vn,so 7,số 7,1.0000
vn,so 70,số 70,1.0000
vn,so 71,số 71,1.0000
vn,so 72,số 72,1.0000
vn,so 74,số 74,1.0000
vn,so 745,số 745,1.0000
vn,so 75,số 75,1.0000
vn,so 76,số 76,1.0000
vn,so 77,số 77,1.0000
vn,so 78,số 78,1.0000
vn,so 8,số 8,0.9355
vn,so 80,số 80,1.0000
vn,so 82,số 82,1.0000
vn,so 84,số 84,1.0000
vn,so 85,số 85,1.0000
vn,so 86,số 86,1.0000
vn,so 87,số 87,1.0000
vn,so 88,số 88,1.0000
vn,so 89,số 89,1.0000
vn,so 9,số 9,1.0000
vn,so 90,số 90,1.0000
vn,so 91,số 91,1.0000
vn,so 92,số 92,1.0000
vn,so 93,số 93,0.9375
vn,so 94,số 94,1.0000
vn,so 95,số 95,1.0000
vn,so 96,số 96,1.0000
vn,so 97,số 97,1.0000
vn,so 98,số 98,1.0000
vn,so 99,số 99,1.0000
vn,so but,số bút,1.0000
vn,so cai,sở cai,0.9412
vn,so cccd,số cccd,1.0000
vn,so chat,số chất,1.0000
vn,so chinh,sở chính,0.9281
vn,so chuc,số chức,0.9429
vn,so chuyen,số chuyên,0.9267
vn,so cmnd,số cmnd,1.0000
vn,so cum,số cụm,1.0000
vn,so cuoc,sơ cuộc,1.0000
vn,so cuu,sơ cứu,0.9091
vn,so dao,sở đào,0.9848
vn,so denghikhen,sơ đềnghịkhen,1.0000
vn,so diem,số điểm,0.9976
vn,so dieu,số điều,0.9874
vn,so doanh,số doanh,0.9015
vn,so f,số f,1.0000
vn,so fax,số fax,1.0000
vn,so giam,sở giam,0.9412
vn,so giua,số giữa,0.9250
vn,so gom,sơ gồm,0.9161
vn,so gui,sơ gửi,0.9097
vn,so gxnht,số gxnht,1.0000
vn,so ha,sở hạ,0.9982
vn,so het,số hết,1.0000
vn,so hieu,số hiệu,0.9820
vn,so hinh,số hình,0.9412
vn,so hoa,số hóa,0.9073
vn,so hoan,sơ hoàn,0.9574
vn,so hs,số hs,1.0000
vn,so huu,sở hữu,1.0000
vn,so i,số i,1.0000
vn,so iv,số iv,1.0000
vn,so khai,sơ khai,0.9907
vn,so kham,sở khám,1.0000
vn,so kho,số kho,0.9286
vn,so khoa,sở khoa,0.9448
vn,so khoan,số khoản,1.0000
vn,so khung,số khung,0.9412
vn,so lai,số lãi,1.0000
vn,so lam,sở làm,0.9534
vn,so lan,số lần,0.9273
vn,so lao,sở lao,0.9529
vn,so lay,sơ lấy,0.9412
vn,so len,số lên,1.0000
vn,so lieu,số liệu,0.9565
vn,so loi,số lợi,0.9913
vn,so lon,số lớn,1.0000
vn,so luong,số lượng,0.9747
vn,so may,số máy,0.9600
vn,so mo,sơ mở,0.9617
vn,so nd,số nđ,1.0000
vn,so ngach,số ngạch,0.9474
vn,so ngau,số ngẫu,1.0000
vn,so ngay,số ngày,0.9516
vn,so nghe,số nghệ,0.9583
vn,so nghien,sở nghiên,1.0000
vn,so ngung,số ngừng,1.0000
vn,so nguyen,số nguyên,0.9909
vn,so nham,số nhằm,1.0000
vn,so nhnn,số nhnn,1.0000
vn,so no,số nợ,0.9787
vn,so nong,sở nông,1.0000
vn,so nop,sơ nộp,0.9306
vn,so nuoc,số nước,0.9953
vn,so pha,sở phá,1.0000
vn,so phi,số phí,0.9545
vn,so phieu,số phiếu,0.9592
vn,so phuc,số phục,0.9610
vn,so qd,số qđ,0.9737
vn,so quoc,số quốc,0.9924
vn,so sach,sổ sách,0.9600
vn,so sanh,so sánh,1.0000
vn,so sec,sổ séc,0.9500
vn,so song,số sóng,0.9091
vn,so tap,số tập,0.9600
vn,so thang,số tháng,0.9706
vn,so thoa,sở thỏa,0.9200
vn,so thua,số thửa,1.0000
vn,so tien,số tiền,0.9948
vn,so tin,sơ tín,0.9259
vn,so tncns03,số tncns03,1.0000
vn,so tncns06,số tncns06,1.0000
vn,so tncns07,số tncns07,1.0000
vn,so tncns08,số tncns08,1.0000
vn,so tncns11,số tncns11,1.0000
vn,so tochuc,sở tổchức,1.0000
vn,so trinh,sơ trình,0.9091
vn,so trung,số trung,0.9099
vn,so tthc,sơ tthc,1.0000
vn,so ttlnh,số ttlnh,1.0000
vn,so tttt,sở tttt,1.0000
vn,so uom,sở ươm,1.0000
vn,so v,số v,0.9857
vn,so v11,số v11,1.0000
vn,so vat,sở vật,0.9646
vn,so vien,số viễn,0.9907
vn,so viet,số việt,1.0000
vn,so vo,số vô,1.0000
vn,so voi,so với,0.9501
vn,so von,số vốn,0.9894
vn,so vtc,số vtc,1.0000
vn,so vu,sơ vụ,0.9200
vn,so xay,sở xây,0.9000
vn,so xe,số xe,1.0000
vn,so xem,sở xem,1.0000
vn,so xin,sơ xin,1.0000
vn,so xu,sơ xử,0.9175
vn,so01 tai,số01 tại,1.0000
vn,so02 tai,số02 tại,1.0000
vn,so03 tai,số03 tại,1.0000
vn,so04 06,số04 06,1.0000
vn,so04 tai,số04 tại,1.0000
vn,so05 06,số05 06,1.0000
vn,so05 tai,số05 tại,1.0000
vn,so06 08,số06 08,1.0000
vn,so06 tai,số06 tại,1.0000
vn,so08 tai,số08 tại,1.0000
vn,so09 10,số09 10,1.0000
vn,so09 tai,số09 tại,1.0000
vn,so10 tai,số10 tại,1.0000
vn,so11 12,số11 12,1.0000
vn,so11 tai,số11 tại,1.0000
vn,so12 tai,số12 tại,1.0000
vn,so13 tai,số13 tại,1.0000
vn,so151 qd,số151 qđ,1.0000
vn,so152 2025,số152 2025,1.0000
vn,so197 qd,số197 qđ,1.0000
vn,so25 2023,số25 2023,1.0000
vn,so46 2025,số46 2025,1.0000
vn,so59 2025,số59 2025,1.0000
vn,so98 2023,số98 2023,1.0000
vn,soan thao,soạn thảo,1.0000
vn,soat 1,soát 1,1.0000
vn,soat 2,soát 2,1.0000
vn,soat 3,soát 3,1.0000
vn,soat 4,soát 4,1.0000
vn,soat 5,soát 5,1.0000
vn,soat 6,soát 6,1.0000
vn,soat 7,soát 7,1.0000
vn,soat a,soát a,1.0000
vn,soat an,soát an,1.0000
vn,soat ban,soát ban,0.9677
vn,soat c,soát c,1.0000
vn,soat cac,soát các,1.0000
vn,soat cap,soát cập,1.0000
vn,soat chi,soát chi,0.9647
vn,soat chinh,soát chỉnh,0.9091
vn,soat cho,soát cho,1.0000
vn,soat chong,soát chống,1.0000
vn,soat chuan,soát chuẩn,1.0000
vn,soat chung,soát chứng,1.0000
vn,soat cua,soát của,1.0000
vn,soat d,soát d,0.9091
vn,soat dac,soát đặc,1.0000
vn,soat dam,soát đảm,1.0000
vn,soat danh,soát đánh,0.9267
vn,soat dien,soát điện,1.0000
vn,soat dieu,soát điều,1.0000
vn,soat do,soát do,0.9167
vn,soat doanh,soát doanh,1.0000
vn,soat doi,soát đối,1.0000
vn,soat du,soát dữ,0.9811
vn,soat duoc,soát được,1.0000
vn,soat he,soát hệ,1.0000
vn,soat hoac,soát hoặc,1.0000
vn,soat hoan,soát hoàn,1.0000
vn,soat hoat,soát hoạt,1.0000
vn,soat hoi,soát hội,1.0000
vn,soat ke,soát kế,0.9375
vn,soat ket,soát kết,1.0000
vn,soat khi,soát khi,0.9333
vn,soat khieu,soát khiếu,1.0000
vn,soat khong,soát không,1.0000
vn,soat kiem,soát kiểm,1.0000
vn,soat la,soát là,1.0000
vn,soat lai,soát lại,1.0000
vn,soat lenh,soát lệnh,1.0000
vn,soat nguoi,soát người,1.0000
vn,soat nguyen,soát nguyên,1.0000
vn,soat noi,soát nội,1.0000
vn,soat phai,soát phải,1.0000
vn,soat phan,soát phân,0.9833
vn,soat phat,soát phát,1.0000
vn,soat phe,soát phê,1.0000
vn,soat phong,soát phòng,1.0000
vn,soat ra,soát ra,0.9091
vn,soat rui,soát rủi,1.0000
vn,soat san,soát sản,0.9927
vn,soat sua,soát sửa,1.0000
vn,soat theo,soát theo,1.0000
vn,soat thuc,soát thực,0.9500
vn,soat thuoc,soát thuộc,1.0000
vn,soat tong,soát tổng,1.0000
vn,soat tren,soát trên,1.0000
vn,soat trong,soát trong,1.0000
vn,soat truy,soát truy,1.0000
vn,soat tu,soát tự,0.9149
vn,soat uy,soát ủy,1.0000
vn,soat va,soát và,1.0000
vn,soat ve,soát về,0.9048
vn,soat viec,soát việc,1.0000
vn,soat vien,soát viên,1.0000
vn,soat xet,soát xét,1.0000
vn,soat xu,soát xử,1.0000
vn,soat xuat,soát xuất,1.0000
vn,soat xung,soát xung,1.0000
vn,soc nuoi,sóc nuôi,1.0000
vn,socac tap,sốcác tập,1.0000
vn,sodao tao,sởđào tạo,1.0000
vn,sohoso tthc,sốhồsơ tthc,1.0000
vn,soi long,sỏi lòng,1.0000
vn,soi o,sỏi ở,1.0000
vn,soluong hoso,sốlượng hồsơ,1.0000
vn,som hoac,sớm hoặc,1.0000
vn,som nhat,sớm nhất,1.0000
vn,som va,sớm và,1.0000
vn,son theo,sơn theo,1.0000
vn,song cat,sông cát,1.0000
vn,song chinh,sống chính,1.0000
vn,song cuu,sông cửu,1.0000
vn,song ho,sông hồ,1.0000
vn,song lanh,sống lành,1.0000
vn,song mang,sóng mang,0.9545
vn,song phuong,song phương,1.0000
vn,song rieng,sống riêng,1.0000
vn,song suoi,sông suối,1.0000
vn,song toi,sóng tối,1.0000
vn,song tren,sống trên,0.9333
vn,song tuoi,sống tươi,0.9630
vn,song vat,sống vật,1.0000
vn,song vo,sóng vô,1.0000
vn,sonhung ca,sốnhững cá,1.0000
vn,sot 4,sót 4,1.0000
vn,sot cua,sót của,1.0000
vn,sot doi,sót đối,1.0000
vn,sot don,sót đơn,1.0000
vn,sot hoac,sót hoặc,1.0000
vn,sot nao,sót nào,1.0000
vn,sot nham,sót nhầm,1.0000
vn,sot phat,sót phát,0.9375
vn,sot su,sót sự,1.0000
vn,sot theo,sót theo,1.0000
vn,sot thi,sót thì,1.0000
vn,sot tra,sót tra,1.0000
vn,sot trong,sót trong,1.0000
vn,sot va,sót và,1.0000
vn,sot ve,sót về,1.0000
vn,sothanh vien,sốthành viên,1.0000
vn,sothutukhoanh so,sothutukhoanh số,1.0000
vn,spp ca,spp cá,1.0000
vn,spp cay,spp cây,1.0000
vn,spp loai,spp loại,1.0000
vn,spp va,spp và,1.0000
vn,string noi,string nội,0.9333
vn,string thong,string thông,1.0000
vn,stt diep,stt điệp,1.0000
vn,stt loai,stt loại,1.0000
vn,stt ma,stt mã,1.0000
vn,stt noi,stt nội,1.0000
vn,stt so,stt số,0.9167
vn,stt ten,stt tên,1.0000
vn,stt thong,stt thông,1.0000
vn,stt thuat,stt thuật,1.0000
vn,su 6,sự 6,0.9474
vn,su 7,sự 7,1.0000
vn,su a,sự a,1.0000
vn,su an,sự an,0.9412
vn,su b,sự b,0.9500
vn,su c,sự c,1.0000
vn,su can,sự cần,0.9365
vn,su chap,sự chấp,1.0000
vn,su chinh,sự chính,0.9091
vn,su cho,sự cho,1.0000
vn,su chung,sự chứng,1.0000
vn,su co,sự cố,0.9301
vn,su cong,sự công,0.9570
vn,su dap,sự đáp,1.0000
vn,su day,sự đầy,1.0000
vn,su dieu,sự điều,0.9286
vn,su dong,sự đồng,0.9786
vn,su dung,sử dụng,0.9978
vn,su gan,sử gắn,1.0000
vn,su giao,sử giao,0.9286
vn,su giay,sự giấy,1.0000
vn,su hanh,sự hành,0.9205
vn,su ho,sự hỗ,0.9000
vn,su khac,sự khác,0.9500
vn,su khi,sự khi,1.0000
vn,su khong,sự không,1.0000
vn,su khop,sự khớp,1.0000
vn,su khu,sự khu,0.9091
vn,su kiem,sự kiểm,0.9238
vn,su kien,sự kiện,0.9903
vn,su la,sự là,0.9773
vn,su lanh,sự lãnh,1.0000
vn,su luu,sự lưu,1.0000
vn,su minh,sự minh,1.0000
vn,su neu,sự nếu,1.0000
vn,su nghiep,sự nghiệp,0.9987
vn,su nguoi,sự người,0.9880
vn,su on,sự ổn,1.0000
vn,su phai,sự phải,0.9048
vn,su pham,sư phạm,0.9910
vn,su phan,sự phân,0.9688
vn,su phap,sự pháp,1.0000
vn,su phat,sự phát,0.9873
vn,su phe,sự phê,1.0000
vn,su phoi,sự phối,1.0000
vn,su phu,sự phù,0.9720
vn,su quy,sự quy,1.0000
vn,su sai,sự sai,0.9545
vn,su su,sự sử,0.9615
vn,su that,sự thật,1.0000
vn,su thay,sự thay,0.9962
vn,su thi,sự thì,1.0000
vn,su thuoc,sự thuộc,0.9432
vn,su toan,sự toàn,1.0000
vn,su trong,sự trong,0.9756
vn,su tru,sự trừ,1.0000
vn,su truoc,sự trước,1.0000
vn,su tuan,sự tuân,1.0000
vn,su tuong,sự tương,1.0000
vn,su va,sự và,0.9845
vn,su van,sử văn,0.9000
vn,su viec,sự việc,0.9130
vn,su xam,sự xâm,1.0000
vn,su xuat,sự xuất,0.9615
vn,sua bo,sửa bổ,1.0000
vn,sua cap,sửa cập,1.0000
vn,sua chua,sửa chữa,1.0000
vn,sua doi,sửa đổi,0.9999
vn,sua du,sửa dữ,1.0000
vn,sua loi,sửa lỗi,1.0000
vn,sua thong,sửa thông,1.0000
vn,sua va,sửa và,1.0000
vn,suat 0,suất 0,1.0000
vn,suat 1,suất 1,1.0000
vn,suat 2,suất 2,1.0000
vn,suat 25,suất 25,1.0000
vn,suat ap,suất áp,1.0000
vn,suat b,suất b,1.0000
vn,suat bang,suất bằng,1.0000
vn,suat buc,suất bức,1.0000
vn,suat chat,suất chất,1.0000
vn,suat cho,suất cho,1.0000
vn,suat cua,suất của,1.0000
vn,suat da,suất đã,1.0000
vn,suat doi,suất đối,1.0000
vn,suat duoc,suất được,1.0000
vn,suat huy,suất huy,1.0000
vn,suat lao,suất lao,1.0000
vn,suat lap,suất lắp,1.0000
vn,suat may,suất máy,1.0000
vn,suat phai,suất phải,1.0000
vn,suat phat,suất phát,1.0000
vn,suat phi,suất phí,1.0000
vn,suat quy,suất quy,1.0000
vn,suat san,suất sản,1.0000
vn,suat so,suất số,1.0000
vn,suat su,suất sử,1.0000
vn,suat thap,suất thấp,1.0000
vn,suat theo,suất theo,1.0000
vn,suat thiet,suất thiết,1.0000
vn,suat thuc,suất thực,1.0000
vn,suat thue,suất thuế,1.0000
vn,suat tien,suất tiền,1.0000
vn,suat toi,suất tối,1.0000
vn,suat tren,suất trên,1.0000
vn,suat trong,suất trong,1.0000
vn,suat tu,suất từ,1.0000
vn,suat ty,suất tỷ,1.0000
vn,suat uu,suất ưu,1.0000
vn,suat va,suất và,1.0000
vn,suat vay,suất vay,1.0000
vn,suat von,suất vốn,1.0000
vn,suc chiu,sức chịu,1.0000
vn,suc gia,súc gia,1.0000
vn,suc my,sức mỹ,1.0000
vn,suc vat,sức vật,0.9474
vn,sudung chu,sửdụng chữ,1.0000
vn,sudung mang,sửdụng mạng,1.0000
vn,suhoac co,sựhoặc có,1.0000
vn,suma chua,sựmà chưa,1.0000
vn,sung ap,sung áp,1.0000
vn,sung bai,sung bãi,1.0000
vn,sung boi,sung bởi,1.0000
vn,sung cac,sung các,1.0000
vn,sung cham,sung chấm,0.9167
vn,sung chung,sung chứng,0.9630
vn,sung cong,sung công,1.0000
vn,sung cua,sung của,1.0000
vn,sung cum,sung cụm,1.0000
vn,sung dang,sung đăng,1.0000
vn,sung diem,sung điểm,1.0000
vn,sung dieu,sung điều,0.9986
vn,sung dinh,sung đình,0.9286
vn,sung doan,sung đoạn,1.0000
vn,sung doi,sung đối,1.0000
vn,sung duoc,sung được,1.0000
vn,sung giay,sung giấy,1.0000
vn,sung ho,sung hồ,0.9388
vn,sung hoac,sung hoặc,1.0000
vn,sung hoan,sung hoàn,1.0000
vn,sung hop,sung hợp,1.0000
vn,sung huy,sung hủy,0.9412
vn,sung khoan,sung khoản,1.0000
vn,sung la,sung là,1.0000
vn,sung linh,sung lĩnh,1.0000
vn,sung luat,sung luật,1.0000
vn,sung mau,sung mẫu,1.0000
vn,sung mot,sung một,0.9998
vn,sung nam,sung năm,1.0000
vn,sung neu,sung nếu,0.9918
vn,sung nghi,sung nghị,1.0000
vn,sung nghiep,sung nghiệp,1.0000
vn,sung nguon,sung nguồn,1.0000
vn,sung nhieu,sung nhiều,1.0000
vn,sung nhu,sung như,1.0000
vn,sung phan,sung phần,0.9000
vn,sung quyet,sung quyết,1.0000
vn,sung rieng,sung riêng,1.0000
vn,sung sua,sung sửa,1.0000
vn,sung tai,sung tại,0.9045
vn,sung ten,sung tên,1.0000
vn,sung thanh,sung thành,1.0000
vn,sung them,sung thêm,1.0000
vn,sung thi,sung thì,1.0000
vn,sung thong,sung thông,1.0000
vn,sung thuat,sung thuật,1.0000
vn,sung thuoc,sung thuộc,0.9870
vn,sung tich,sung tịch,1.0000
vn,sung tieu,sung tiêu,1.0000
vn,sung to,sung tổ,1.0000
vn,sung tu,sung từ,1.0000
vn,sung tuoc,sung tước,1.0000
vn,sung va,sung và,1.0000
vn,sung vao,sung vào,1.0000
vn,sung ve,sung về,1.0000
vn,sung von,sung vốn,1.0000
vn,sunghiep cach,sựnghiệp cách,1.0000
vn,sunghiep ngan,sựnghiệp ngân,1.0000
vn,sunghiep phat,sựnghiệp phát,1.0000
vn,sunghiep xay,sựnghiệp xây,1.0000
vn,suoi ho,suối hồ,1.0000
vn,suoi kenh,suối kênh,1.0000
vn,suon tang,sườn tầng,1.0000
vn,suot an,suốt an,1.0000
vn,suot lien,suốt liên,1.0000
vn,suot qua,suốt quá,1.0000
vn,suot thoi,suốt thời,1.0000
vn,suot va,suốt và,1.0000
vn,suot vong,suốt vòng,1.0000
vn,super phot,super phốt,1.0000
vn,suphat trien,sựphát triển,1.0000
vn,sut lun,sụt lún,1.0000
vn,suu tam,sưu tầm,1.0000
vn,suy giam,suy giảm,1.0000
vn,suy luan,suy luận,1.0000
vn,suy thoai,suy thoái,1.0000
vn,sy can,sỹ cán,1.0000
vn,sy thi,sỹ thi,1.0000
vn,systems ha,systems hà,1.0000
vn,t khoan,t khoản,1.0000
vn,t sohoso,t sốhồsơ,1.0000
vn,ta bang,tả bằng,0.9200
vn,ta cac,tả các,1.0000
vn,ta cau,tả cấu,1.0000
vn,ta chat,tả chất,1.0000
vn,ta chi,tả chi,1.0000
vn,ta chuc,tả chức,1.0000
vn,ta co,tả có,0.9167
vn,ta cu,tả cụ,1.0000
vn,ta cua,tả của,1.0000
vn,ta da,tả đa,0.9130
vn,ta dac,tả đặc,1.0000
vn,ta du,tả dữ,1.0000
vn,ta giai,tả giải,1.0000
vn,ta hang,tả hàng,1.0000
vn,ta he,tả hệ,1.0000
vn,ta ky,tả kỹ,0.9375
vn,ta ma,tả mã,1.0000
vn,ta phuong,tả phương,1.0000
vn,ta quy,tả quy,1.0000
vn,ta san,tả sản,1.0000
vn,ta ten,tả tên,1.0000
vn,ta toi,tả tối,0.9545
vn,ta va,tả và,0.9444
vn,ta ve,tả về,1.0000
vn,ta x,tả x,1.0000
vn,ta yeu,tả yêu,1.0000
vn,tac ap,tắc áp,1.0000
vn,tac bi,tác bí,0.9434
vn,tac bo,tắc bố,0.9524
vn,tac cach,tắc cách,1.0000
vn,tac chien,tác chiến,1.0000
vn,tac cong,tác công,0.9859
vn,tac cua,tác của,0.9316
vn,tac dac,tác đặc,0.9630
vn,tac doc,tắc độc,1.0000
vn,tac doi,tác đối,0.9565
vn,tac don,tác đơn,1.0000
vn,tac dong,tác động,0.9930
vn,tac dung,tác dụng,0.9091
vn,tac duoc,tác được,0.9231
vn,tac ghi,tắc ghi,1.0000
vn,tac giam,tác giám,0.9600
vn,tac giu,tắc giữ,1.0000
vn,tac giua,tác giữa,1.0000
vn,tac hai,tác hại,1.0000
vn,tac hoat,tắc hoạt,1.0000
vn,tac hoi,tác hội,0.9500
vn,tac huy,tắc huy,1.0000
vn,tac la,tác là,0.9167
vn,tac lanh,tác lãnh,1.0000
vn,tac lien,tác liên,1.0000
vn,tac minh,tắc minh,1.0000
vn,tac nghiem,tác nghiệm,1.0000
vn,tac nghien,tác nghiên,1.0000
vn,tac nghiep,tác nghiệp,0.9877
vn,tac nuoc,tác nước,1.0000
vn,tac o,tác ở,1.0000
vn,tac onuoc,tác ởnước,1.0000
vn,tac phai,tác phải,0.9000
vn,tac pham,tác phẩm,0.9239
vn,tac phi,tác phí,0.9733
vn,tac phong,tác phòng,0.9722
vn,tac phu,tác phù,0.9167
vn,tac phuong,tắc phương,1.0000
vn,tac quoc,tác quốc,1.0000
vn,tac quy,tắc quy,0.9138
vn,tac san,tác sản,1.0000
vn,tac sau,tắc sau,0.9776
vn,tac thanh,tác thanh,0.9118
vn,tac tiep,tác tiếp,0.9737
vn,tac tieu,tắc tiêu,0.9412
vn,tac to,tác tổ,0.9138
vn,tac toan,tác toàn,0.9744
vn,tac tot,tác tốt,1.0000
vn,tac trinh,tắc trình,1.0000
vn,tac truc,tác trực,0.9600
vn,tac vien,tác viên,1.0000
vn,tac voi,tác với,0.9815
vn,tac xa,tác xã,0.9957
vn,tac xu,tắc xử,0.9540
vn,tac xuat,tắc xuất,1.0000
vn,tach bach,tách bạch,1.0000
vn,tach biet,tách biệt,1.0000
vn,tach giai,tách giải,1.0000
vn,tach hop,tách hợp,1.0000
vn,tach loc,tách lọc,1.0000
vn,tach rieng,tách riêng,1.0000
vn,tach roi,tách rời,1.0000
vn,tach sap,tách sáp,1.0000
vn,tach thanh,tách thành,1.0000
vn,tach thua,tách thửa,1.0000
vn,tai 01,tại 01,1.0000
vn,tai bieu,tại biểu,1.0000
vn,tai bophan,tại bộphận,1.0000
vn,tai buoc,tại bước,1.0000
vn,tai cac,tại các,0.9920
vn,tai cang,tại cảng,0.9231
vn,tai che,tái chế,0.9375
vn,tai chiet,tái chiết,1.0000
vn,tai chinh,tài chính,0.9990
vn,tai chu,tải chủ,0.9302
vn,tai chuong,tại chương,0.9681
vn,tai chuyen,tải chuyên,0.9615
vn,tai cu,tái cử,0.9608
vn,tai cuoc,tại cuộc,1.0000
vn,tai di,tại di,0.9333
vn,tai dia,tại địa,0.9981
vn,tai diem,tại điểm,0.9995
vn,tai dieu,tại điều,0.9989
vn,tai dinh,tái định,1.0000
vn,tai doanh,tại doanh,0.9966
vn,tai don,tại đơn,0.9989
vn,tai du,tài dự,0.9347
vn,tai duong,tải đường,1.0000
vn,tai dvcnt,tại đvcnt,1.0000
vn,tai giay,tại giấy,1.0000
vn,tai he,tại hệ,1.0000
vn,tai hientrang,tại hientrang,1.0000
vn,tai hoi,tại hội,0.9565
vn,tai hop,tại hợp,1.0000
vn,tai kem,tải kèm,1.0000
vn,tai kho,tại kho,0.9569
vn,tai khoang,tại khoảng,1.0000
vn,tai khu,tại khu,0.9722
vn,tai len,tải lên,1.0000
vn,tai lieu,tài liệu,0.9974
vn,tai luat,tại luật,1.0000
vn,tai mau,tại mẫu,1.0000
vn,tai mot,tại một,1.0000
vn,tai muc,tại mục,0.9945
vn,tai nan,tai nạn,1.0000
vn,tai nang,tài năng,0.9835
vn,tai ngan,tại ngân,1.0000
vn,tai ngay,tại ngày,1.0000
vn,tai nghi,tại nghị,0.9992
vn,tai nghidinh,tại nghịđịnh,1.0000
vn,tai nghien,tài nghiên,0.9744
vn,tai nguyen,tài nguyên,0.9842
vn,tai nha,tại nhà,1.0000
vn,tai nhom,tại nhóm,1.0000
vn,tai niu,tại niu,1.0000
vn,tai nuoc,tại nước,0.9863
vn,tai pham,tái phạm,1.0000
vn,tai phap,tại pháp,1.0000
vn,tai phat,tải phát,0.9091
vn,tai phe,tải phê,1.0000
vn,tai phien,tại phiên,1.0000
vn,tai phong,tại phòng,1.0000
vn,tai phu,tại phụ,0.9965
vn,tai s,tài s,1.0000
vn,tai san,tài sản,0.9978
vn,tai tao,tái tạo,1.0000
vn,tai thanh,tại thành,0.9528
vn,tai thoa,tại thỏa,1.0000
vn,tai thoi,tại thời,1.0000
vn,tai thong,tại thông,0.9728
vn,tai tiet,tại tiết,1.0000
vn,tai to,tại tổ,0.9665
vn,tai trai,tại trại,1.0000
vn,tai tram,tại trạm,1.0000
vn,tai tren,tải trên,0.9684
vn,tai tro,tài trợ,1.0000
vn,tai tru,tại trụ,1.0000
vn,tai trung,tại trung,0.9770
vn,tai truong,tại trường,0.9500
vn,tai tung,tại từng,1.0000
vn,tai vao,tải vào,0.9000
vn,tai vi,tại vị,0.9024
vn,tai vien,tài viên,1.0000
vn,tai viet,tại việt,0.9963
vn,tai vong,tại vòng,1.0000
vn,tai vu,tài vụ,0.9000
vn,tai vung,tại vùng,0.9429
vn,tai xa,tại xã,1.0000
vn,tai xem,tải xem,0.9750
vn,tai xu,tài xử,0.9000
vn,tai xuat,tái xuất,0.9141
vn,tai y,tải ý,1.0000
vn,tam can,tâm căn,0.9000
vn,tam chung,tâm chứng,1.0000
vn,tam chuyen,tâm chuyển,1.0000
vn,tam cong,tâm công,1.0000
vn,tam cua,tâm của,1.0000
vn,tam dang,tâm đăng,1.0000
vn,tam dao,tâm đào,0.9643
vn,tam dich,tâm dịch,1.0000
vn,tam diep,tam điệp,1.0000
vn,tam dieu,tâm điều,1.0000
vn,tam dinh,tạm đình,0.9931
vn,tam doi,tâm đổi,1.0000
vn,tam du,tâm dữ,0.9912
vn,tam dung,tạm dừng,0.9984
vn,tam giam,tạm giam,0.9929
vn,tam giu,tạm giữ,1.0000
vn,tam guong,tấm gương,1.0000
vn,tam hoan,tạm hoãn,1.0000
vn,tam internet,tâm internet,1.0000
vn,tam mot,tâm một,1.0000
vn,tam nghien,tâm nghiên,0.9444
vn,tam ngung,tạm ngừng,0.9938
vn,tam nhap,tạm nhập,1.0000
vn,tam nop,tạm nộp,1.0000
vn,tam pano,tấm pano,1.0000
vn,tam phuc,tâm phục,1.0000
vn,tam tai,tâm tài,1.0000
vn,tam tan,tâm tần,1.0000
vn,tam than,tâm thần,1.0000
vn,tam thoi,tạm thời,1.0000
vn,tam thong,tâm thông,0.9898
vn,tam thuong,tâm thương,1.0000
vn,tam tinh,tạm tính,0.9778
vn,tam tru,tạm trú,0.9474
vn,tam ung,tạm ứng,0.9666
vn,tam va,tâm và,0.9091
vn,tam vncert,tâm vncert,1.0000
vn,tam xu,tâm xử,1.0000
vn,tan 2,tần 2,0.9412
vn,tan 5,tần 5,0.9444
vn,tan clinker,tấn clinker,1.0000
vn,tan cong,tấn công,0.9868
vn,tan dang,tần đăng,1.0000
vn,tan dat,tấn đất,1.0000
vn,tan den,tấn đến,1.0000
vn,tan do,tần đó,0.9048
vn,tan khac,tần khác,1.0000
vn,tan phat,tần phát,1.0000
vn,tan quy,tần quy,0.9474
vn,tan so,tần số,0.9991
vn,tan suat,tần suất,1.0000
vn,tan thanh,tán thành,1.0000
vn,tan thong,tán thông,0.9565
vn,tan tieu,tán tiêu,1.0000
vn,tan trung,tần trúng,0.9778
vn,tan tu,tần từ,0.9091
vn,tan tuy,tận tụy,1.0000
vn,tang bang,tặng bằng,1.0000
vn,tang buu,tầng bưu,1.0000
vn,tang can,tặng cán,0.9000
vn,tang cap,tầng cấp,0.9855
vn,tang chat,tầng chất,1.0000
vn,tang chia,tảng chia,1.0000
vn,tang cho,tặng cho,0.9375
vn,tang cothi,tặng cờthi,1.0000
vn,tang cuong,tăng cường,1.0000
vn,tang danh,tặng danh,1.0000
vn,tang dinh,tảng định,0.9643
vn,tang doanh,tăng doanh,1.0000
vn,tang duong,tầng đường,1.0000
vn,tang gia,tăng giá,0.9434
vn,tang giam,tăng giảm,0.9286
vn,tang giao,tầng giao,0.9988
vn,tang goc,tầng góc,1.0000
vn,tang ham,tầng hầm,1.0000
vn,tang han,tăng hạn,1.0000
vn,tang hang,tầng hàng,0.9727
vn,tang huan,tặng huân,0.9856
vn,tang khu,tầng khu,1.0000
vn,tang ky,tầng kỹ,0.9472
vn,tang kyniem,tặng kỷniệm,1.0000
vn,tang lang,tầng làng,1.0000
vn,tang mang,tầng mạng,0.9573
vn,tang muc,tăng mức,1.0000
vn,tang nuoi,tầng nuôi,1.0000
vn,tang phat,tảng phát,0.9000
vn,tang phi,táng phí,0.9722
vn,tang thanh,tầng thanh,0.9167
vn,tang them,tăng thêm,0.9955
vn,tang thong,tầng thông,0.9804
vn,tang thue,tăng thuế,1.0000
vn,tang thuoc,tầng thuộc,1.0000
vn,tang thuy,tầng thủy,1.0000
vn,tang tich,tảng tích,1.0000
vn,tang tren,tăng trên,0.9643
vn,tang tri,tầng trí,0.9314
vn,tang tro,táng trợ,1.0000
vn,tang trong,tầng trong,0.9167
vn,tang tru,tàng trữ,0.9333
vn,tang trung,tầng trung,0.9167
vn,tang truong,tăng trưởng,0.9340
vn,tang tuong,tăng tương,1.0000
vn,tang ung,tảng ứng,0.9412
vn,tang vat,tang vật,0.9867
vn,tang vien,tầng viễn,1.0000
vn,tang von,tăng vốn,1.0000
vn,tang xa,tầng xã,0.9000
vn,tangday chuoi,tangday chuỗi,1.0000
vn,tao 05,tạo 05,1.0000
vn,tao 1,tạo 1,1.0000
vn,tao 11,tạo 11,1.0000
vn,tao 2,tạo 2,1.0000
vn,tao 3,tạo 3,1.0000
vn,tao 4,tạo 4,1.0000
vn,tao 5,tạo 5,1.0000
vn,tao 6,tạo 6,1.0000
vn,tao 7,tạo 7,1.0000
vn,tao 8,tạo 8,1.0000
vn,tao a,tạo a,1.0000
vn,tao b,tạo b,1.0000
vn,tao bit,tạo bit,1.0000
vn,tao c,tạo c,1.0000
vn,tao cac,tạo các,1.0000
vn,tao cho,tạo cho,1.0000
vn,tao chu,tạo chữ,0.9412
vn,tao chung,tạo chứng,0.9375
vn,tao chuoi,tạo chuỗi,1.0000
vn,tao cong,tạo công,0.9886
vn,tao cua,tạo của,1.0000
vn,tao dac,tạo đặc,1.0000
vn,tao danh,tạo dành,0.9180
vn,tao dat,tạo đạt,0.9524
vn,tao de,tạo để,0.9032
vn,tao dieu,tạo điều,1.0000
vn,tao do,tạo do,0.9444
vn,tao doanh,tạo doanh,1.0000
vn,tao duoc,tạo được,1.0000
vn,tao gui,tạo gửi,1.0000
vn,tao hang,tạo hằng,0.9667
vn,tao he,tạo hệ,1.0000
vn,tao hinh,tạo hình,1.0000
vn,tao hoac,tạo hoặc,1.0000
vn,tao hoan,tạo hoàn,1.0000
vn,tao huan,tạo huấn,1.0000
vn,tao i,tạo i,1.0000
vn,tao ke,tạo kế,0.9600
vn,tao ket,tạo kết,1.0000
vn,tao khi,tạo khi,1.0000
vn,tao khoi,tạo khởi,1.0000
vn,tao khong,tạo không,1.0000
vn,tao la,tạo là,1.0000
vn,tao lai,tạo lại,1.0000
vn,tao lan,tạo lần,1.0000
vn,tao lap,tạo lập,0.9982
vn,tao lenh,tạo lệnh,1.0000
vn,tao lien,tạo liên,1.0000
vn,tao ma,tạo mã,1.0000
vn,tao mo,tạo mở,1.0000
vn,tao nang,tạo nâng,1.0000
vn,tao neu,tạo nếu,0.9286
vn,tao nghe,tạo nghề,1.0000
vn,tao nghien,tạo nghiên,1.0000
vn,tao nghiep,tạo nghiệp,1.0000
vn,tao ngoai,tạo ngoài,1.0000
vn,tao nguon,tạo nguồn,1.0000
vn,tao nhiem,tạo nhiệm,1.0000
vn,tao nhu,tạo như,1.0000
vn,tao phai,tạo phải,1.0000
vn,tao phap,tạo pháp,1.0000
vn,tao phat,tạo phát,1.0000
vn,tao phu,tạo phù,1.0000
vn,tao phuc,tạo phục,1.0000
vn,tao quoc,tạo quốc,1.0000
vn,tao ra,tạo ra,0.9958
vn,tao so,tạo số,1.0000
vn,tao sua,tạo sửa,1.0000
vn,tao tao,tạo tạo,1.0000
vn,tao tap,tạo tập,1.0000
vn,tao theo,tạo theo,1.0000
vn,tao thong,tạo thông,1.0000
vn,tao thuan,tạo thuận,1.0000
vn,tao thue,tạo thuê,1.0000
vn,tao thuoc,tạo thuộc,1.0000
vn,tao to,tạo tổ,1.0000
vn,tao tren,tạo trên,1.0000
vn,tao trogiup,tạo trợgiúp,1.0000
vn,tao trong,tạo trong,1.0000
vn,tao trung,tạo trung,1.0000
vn,tao truoc,tạo trước,1.0000
vn,tao va,tạo và,1.0000
vn,tao ve,tạo về,1.0000
vn,tao vi,tạo vì,1.0000
vn,tao viec,tạo việc,1.0000
vn,tao von,tạo vốn,1.0000
vn,tao vu,tạo vũ,1.0000
vn,tap ban,tập bản,1.0000
vn,tap chi,tạp chí,0.9775
vn,tap doan,tập đoàn,1.0000
vn,tap du,tập dữ,1.0000
vn,tap huan,tập huấn,1.0000
vn,tap ii,tập ii,1.0000
vn,tap quan,tập quán,0.9780
vn,tap su,tập sự,0.9874
vn,tap the,tập thể,1.0000
vn,tap thechap,tập thểchấp,1.0000
vn,tap theco,tập thểcó,1.0000
vn,tap theda,tập thểđã,1.0000
vn,tap thedan,tập thểdẫn,1.0000
vn,tap thedat,tập thểđạt,1.0000
vn,tap theduoc,tập thểđược,1.0000
vn,tap theguong,tập thểgương,1.0000
vn,tap thehoan,tập thểhoàn,1.0000
vn,tap thekhac,tập thểkhác,1.0000
vn,tap thekhong,tập thểkhông,1.0000
vn,tap thelao,tập thểlao,1.0000
vn,tap thelon,tập thểlớn,1.0000
vn,tap thenguoi,tập thểngười,1.0000
vn,tap thesuy,tập thểsuy,1.0000
vn,tap thethuoc,tập thểthuộc,1.0000
vn,tap thetieu,tập thểtiêu,1.0000
vn,tap thetrong,tập thểtrong,1.0000
vn,tap tin,tập tin,1.0000
vn,tap trung,tập trung,0.9969
vn,tap va,tập và,0.9841
vn,tap vien,tập viên,1.0000
vn,tat bang,tắt bằng,1.0000
vn,tat bao,tắt báo,1.0000
vn,tat ca,tất cả,0.9975
vn,tat catruong,tất cảtrường,1.0000
vn,tat cua,tắt của,0.9643
vn,tat dia,tắt địa,1.0000
vn,tat dinh,tất định,0.9796
vn,tat hoac,tắt hoặc,0.9412
vn,tat la,tắt là,0.9988
vn,tat neu,tắt nếu,1.0000
vn,tat noi,tắt nội,1.0000
vn,tat sang,tắt sáng,1.0000
vn,tat ten,tắt tên,1.0000
vn,tat thanh,tắt thành,0.9646
vn,tat thu,tất thủ,1.0000
vn,tat toan,tất toán,1.0000
vn,tat ve,tắt về,1.0000
vn,tat viec,tất việc,0.9583
vn,tau bay,tàu bay,1.0000
vn,tau bien,tàu biển,1.0000
vn,tau ca,tàu cá,1.0000
vn,tau duoc,tàu được,1.0000
vn,tau hoa,tầu hoả,1.0000
vn,tau la,tàu là,1.0000
vn,tau lan,tàu lặn,1.0000
vn,tau tan,tẩu tán,1.0000
vn,tau thuy,tàu thủy,0.9130
vn,tau thuyen,tàu thuyền,0.9872
vn,tau va,tàu và,1.0000
vn,tay co,tay có,0.9231
vn,tay cua,tay của,1.0000
vn,tay neu,tay nếu,1.0000
vn,tay nghe,tay nghề,0.9000
vn,tay nguyen,tây nguyên,1.0000
vn,tay va,tay và,1.0000
vn,tb tdt,tb tđt,1.0000
vn,tcpht co,tcpht có,1.0000
vn,tcpht duoc,tcpht được,1.0000
vn,tcpht khong,tcpht không,1.0000
vn,tcpht phai,tcpht phải,1.0000
vn,tcpht thoa,tcpht thỏa,1.0000
vn,tcpht thuc,tcpht thực,1.0000
vn,tcpht va,tcpht và,1.0000
vn,tcpht voi,tcpht với,1.0000
vn,tcpht yeu,tcpht yêu,1.0000
vn,tctgtt co,tctgtt có,1.0000
vn,tctqt cap,tctqt cấp,1.0000
vn,tcttt dvcnt,tcttt đvcnt,1.0000
vn,tcttt phai,tcttt phải,1.0000
vn,tcttt to,tcttt tổ,1.0000
vn,tcttt va,tcttt và,1.0000
vn,tcvn doi,tcvn đối,1.0000
vn,tdt 2,tđt 2,1.0000
vn,tdt ban,tđt ban,1.0000
vn,tdt to,tđt tờ,1.0000
vn,te 1,tế 1,0.9623
vn,te 6,tế 6,0.9286
vn,te bi,tế bị,1.0000
vn,te buon,tế buôn,1.0000
vn,te cac,tế các,0.9412
vn,te cam,tế cam,0.9655
vn,te cay,tế cấy,1.0000
vn,te con,tế còn,0.9310
vn,te cong,tế công,0.9429
vn,te cuc,tế cục,1.0000
vn,te da,tế đã,0.9057
vn,te dieu,tế điều,1.0000
vn,te doanh,tế doanh,0.9231
vn,te giay,tệ giấy,0.9286
vn,te hien,tế hiện,1.0000
vn,te hop,tế hợp,0.9000
vn,te iii,tế iii,0.9130
vn,te ke,tế kế,0.9545
vn,te khu,tế khu,1.0000
vn,te ky,tế kỹ,0.9582
vn,te lao,tế lao,0.9000
vn,te liet,tê liệt,1.0000
vn,te mo,tệ mở,0.9091
vn,te mua,tệ mua,0.9545
vn,te nan,tệ nạn,1.0000
vn,te nha,tế nhà,1.0000
vn,te quan,tế quản,0.9524
vn,te sau,tế sau,1.0000
vn,te tien,tệ tiền,0.9588
vn,te tochuc,tế tổchức,1.0000
vn,te tong,tế tổng,1.0000
vn,te vang,tệ vàng,1.0000
vn,te ve,tế về,0.9903
vn,te vi,tế vĩ,0.9000
vn,te xa,tế xã,1.0000
vn,teduoc bo,tếđược bộ,1.0000
vn,tem buu,tem bưu,1.0000
vn,tem thoi,tem thời,1.0000
vn,ten 9,tên 9,1.0000
vn,ten bang,tên bảng,0.9167
vn,ten bo,tên bộ,1.0000
vn,ten ca,tên cá,1.0000
vn,ten cac,tên các,1.0000
vn,ten can,tên cán,0.9783
vn,ten chuc,tên chức,1.0000
vn,ten chuong,tên chương,1.0000
vn,ten co,tên cơ,1.0000
vn,ten cong,tên công,0.9524
vn,ten cua,tên của,0.9738
vn,ten dai,tên đại,0.9333
vn,ten dang,tên đăng,0.9524
vn,ten day,tên đầy,1.0000
vn,ten dia,tên địa,0.9684
vn,ten dich,tên dịch,1.0000
vn,ten diem,tên điểm,1.0000
vn,ten dieu,tên điều,1.0000
vn,ten doanh,tên doanh,0.9887
vn,ten dong,tên đóng,1.0000
vn,ten du,tên dự,0.9200
vn,ten dung,tên dùng,1.0000
vn,ten duong,tên đường,1.0000
vn,ten ghi,tên ghi,1.0000
vn,ten giao,tên giao,1.0000
vn,ten giay,tên giấy,1.0000
vn,ten goi,tên gọi,0.9901
vn,ten he,tên hệ,1.0000
vn,ten hoac,tên hoặc,0.9494
vn,ten khai,tên khai,1.0000
vn,ten khoanh,tên khoanh,1.0000
vn,ten khu,tên khu,1.0000
vn,ten kieu,tên kiểu,0.9268
vn,ten lop,tên lớp,1.0000
vn,ten ma,tên mã,1.0000
vn,ten mau,tên mẫu,0.9744
vn,ten mien,tên miền,1.0000
vn,ten mo,tên mở,0.9737
vn,ten muc,tên mục,1.0000
vn,ten ngan,tên ngân,1.0000
vn,ten ngay,tên ngày,1.0000
vn,ten nguoi,tên người,1.0000
vn,ten nha,tên nhà,1.0000
vn,ten nhiem,tên nhiệm,1.0000
vn,ten quoc,tên quốc,1.0000
vn,ten quy,tên quy,1.0000
vn,ten san,tên sản,0.9130
vn,ten sau,tên sau,1.0000
vn,ten so,tên số,0.9467
vn,ten tau,tên tàu,1.0000
vn,ten tep,tên tệp,1.0000
vn,ten thanh,tên thành,1.0000
vn,ten thong,tên thông,1.0000
vn,ten thue,tên thuê,1.0000
vn,ten tich,ten tích,1.0000
vn,ten tieu,tên tiêu,1.0000
vn,ten to,tên tổ,0.9849
vn,ten trong,tên trong,1.0000
vn,ten truong,tên trường,1.0000
vn,ten tthc,tên tthc,1.0000
vn,ten tuyen,tên tuyến,0.9787
vn,ten va,tên và,1.0000
vn,ten van,tên văn,1.0000
vn,ten vao,tên vào,1.0000
vn,ten vbqppl,tên vbqppl,1.0000
vn,ten viet,tên viết,0.9588
vn,ten vung,tên vùng,1.0000
vn,tenan xa,tệnạn xã,1.0000
vn,tenkhoanh chuoi,tenkhoanh chuỗi,1.0000
vn,tep du,tệp dữ,1.0000
vn,tep file,tệp file,1.0000
vn,tep tin,tệp tin,1.0000
vn,tetai viet,tếtại việt,1.0000
vn,tgd cong,tgđ cổng,1.0000
vn,th a,th ẩ,1.0000
vn,tha tu,tha tù,1.0000
vn,thac 1,thác 1,1.0000
vn,thac 16,thác 16,1.0000
vn,thac 2,thác 2,1.0000
vn,thac 3,thác 3,1.0000
vn,thac 4,thác 4,1.0000
vn,thac 5,thác 5,1.0000
vn,thac 6,thác 6,1.0000
vn,thac a,thác a,1.0000
vn,thac b,thác b,1.0000
vn,thac bang,thác bằng,1.0000
vn,thac c,thác c,1.0000
vn,thac cac,thác các,1.0000
vn,thac cang,thác cảng,1.0000
vn,thac cat,thác cát,1.0000
vn,thac che,thác chế,1.0000
vn,thac chi,thác chi,0.9545
vn,thac chia,thác chia,1.0000
vn,thac cho,thác cho,1.0000
vn,thac chuyen,thác chuyển,1.0000
vn,thac cong,thác công,0.9773
vn,thac cu,thác cụ,1.0000
vn,thac cua,thác của,1.0000
vn,thac cung,thác cung,0.9487
vn,thac d,thác d,0.9848
vn,thac da,thác đã,1.0000
vn,thac di,thác di,1.0000
vn,thac dich,thác dịch,1.0000
vn,thac doi,thác đối,1.0000
vn,thac du,thác dữ,0.9111
vn,thac duoc,thác được,1.0000
vn,thac gom,thác gồm,1.0000
vn,thac ha,thác hạ,1.0000
vn,thac hai,thác hải,1.0000
vn,thac ham,thác hầm,1.0000
vn,thac hang,thác hàng,0.9028
vn,thac he,thác hệ,1.0000
vn,thac hieu,thác hiệu,1.0000
vn,thac hoac,thác hoặc,1.0000
vn,thac hon,thác hỗn,1.0000
vn,thac kem,thác kèm,1.0000
vn,thac ket,thác kết,1.0000
vn,thac kho,thác kho,1.0000
vn,thac khoang,thác khoáng,0.9980
vn,thac khong,thác không,1.0000
vn,thac la,thác là,1.0000
vn,thac lo,thác lộ,0.9286
vn,thac mac,thắc mắc,1.0000
vn,thac mang,thác mạng,1.0000
vn,thac mo,thác mỏ,1.0000
vn,thac neu,thác nếu,1.0000
vn,thac nguon,thác nguồn,1.0000
vn,thac nha,thác nhà,1.0000
vn,thac nhap,thác nhập,1.0000
vn,thac nhung,thác nhưng,0.9412
vn,thac noi,thac nơi,0.9524
vn,thac nuoc,thác nước,1.0000
vn,thac phai,thác phải,1.0000
vn,thac phuong,thác phương,1.0000
vn,thac qua,thác qua,1.0000
vn,thac quan,thác quản,1.0000
vn,thac san,thác sản,0.9000
vn,thac si,thạc sĩ,1.0000
vn,thac su,thác sử,0.9990
vn,thac tai,thác tài,0.9927
vn,thac ten,thác tên,1.0000
vn,thac than,thác than,1.0000
vn,thac theo,thác theo,1.0000
vn,thac thi,thác thì,1.0000
vn,thac thoi,thác thời,1.0000
vn,thac thong,thác thông,0.9464
vn,thac thuc,thác thực,1.0000
vn,thac trong,thác trong,1.0000
vn,thac trung,thác trung,1.0000
vn,thac tuong,thác tương,1.0000
vn,thac uy,thác ủy,1.0000
vn,thac va,thác và,1.0000
vn,thac van,thác vận,0.9474
vn,thac vang,thác vàng,1.0000
vn,thac ve,thác về,1.0000
vn,thac viec,thác việc,1.0000
vn,thac voi,thác với,1.0000
vn,thac vuot,thác vượt,1.0000
vn,thac xu,thác xử,1.0000
vn,thach cao,thạch cao,1.0000
vn,thai an,thái an,1.0000
vn,thai bao,thải bảo,0.9375
vn,thai binh,thái bình,0.9836
vn,thai chan,thải chăn,1.0000
vn,thai chat,thải chất,1.0000
vn,thai chung,thái chứng,1.0000
vn,thai doi,thải đối,0.9000
vn,thai khoi,thái khởi,1.0000
vn,thai muc,thải mức,1.0000
vn,thai ngoai,thái ngoại,1.0000
vn,thai nguyen,thái nguyên,1.0000
vn,thai nuoi,thải nuôi,1.0000
vn,thai quang,thải quặng,1.0000
vn,thai ra,thải ra,1.0000
vn,thai rui,thái rủi,1.0000
vn,thai tu,thải từ,1.0000
vn,thai van,thái vận,1.0000
vn,thai vao,thải vào,0.9926
vn,tham ban,thẩm bản,1.0000
vn,tham canh,thâm canh,1.0000
vn,tham chieu,tham chiếu,1.0000
vn,tham de,thăm để,1.0000
vn,tham dinh,thẩm định,0.9967
vn,tham do,thăm dò,0.9991
vn,tham du,tham dự,0.9907
vn,tham gap,thăm gặp,1.0000
vn,tham hoa,thảm họa,0.9014
vn,tham hoac,thẩm hoặc,0.9000
vn,tham hut,thâm hụt,1.0000
vn,tham khao,tham khảo,1.0000
vn,tham muu,tham mưu,0.9981
vn,tham my,thẩm mỹ,1.0000
vn,tham nhung,tham nhũng,0.9507
vn,tham nien,thâm niên,1.0000
vn,tham o,tham ô,1.0000
vn,tham phan,thẩm phán,1.0000
vn,tham quyen,thẩm quyền,0.9965
vn,tham so,tham số,0.9818
vn,tham tai,thẩm tái,1.0000
vn,tham tra,thẩm tra,1.0000
vn,tham van,tham vấn,0.9500
vn,tham xet,thẩm xét,1.0000
vn,than 6,thân 6,1.0000
vn,than bun,than bùn,1.0000
vn,than cam,than cám,1.0000
vn,than doan,thần đoàn,1.0000
vn,than doi,thân đối,0.9231
vn,than lao,thần lao,1.0000
vn,than ma,thân mã,1.0000
vn,than nhan,thân nhân,0.9935
vn,than thich,thân thích,1.0000
vn,than thien,thân thiện,1.0000
vn,than trach,thần trách,1.0000
vn,than va,thân và,1.0000
vn,than vat,thần vật,1.0000
vn,thang 01,tháng 01,1.0000
vn,thang 02,tháng 02,1.0000
vn,thang 03,tháng 03,1.0000
vn,thang 06,tháng 06,1.0000
vn,thang 07,tháng 07,1.0000
vn,thang 1,tháng 1,1.0000
vn,thang 10,tháng 10,0.9981
vn,thang 11,tháng 11,1.0000
vn,thang 12,tháng 12,1.0000
vn,thang 2,tháng 2,1.0000
vn,thang 3,tháng 3,1.0000
vn,thang 4,tháng 4,1.0000
vn,thang 5,tháng 5,1.0000
vn,thang 6,tháng 6,1.0000
vn,thang 7,tháng 7,1.0000
vn,thang 8,tháng 8,1.0000
vn,thang 9,tháng 9,1.0000
vn,thang b,tháng b,1.0000
vn,thang c,tháng c,1.0000
vn,thang canh,thắng cảnh,1.0000
vn,thang cham,tháng chậm,1.0000
vn,thang cong,tháng công,1.0000
vn,thang cua,tháng của,1.0000
vn,thang cuoi,tháng cuối,1.0000
vn,thang date,tháng date,1.0000
vn,thang dau,tháng đầu,0.9870
vn,thang den,tháng đến,0.9951
vn,thang diem,thang điểm,0.9167
vn,thang doanh,tháng doanh,1.0000
vn,thang doi,tháng đối,1.0000
vn,thang giu,tháng giữ,1.0000
vn,thang hanh,tháng hành,1.0000
vn,thang hoac,tháng hoặc,1.0000
vn,thang ke,tháng kể,0.9965
vn,thang khi,tháng khi,1.0000
vn,thang khong,tháng không,0.9500
vn,thang ky,tháng kỳ,0.9000
vn,thang long,thăng long,1.0000
vn,thang luong,tháng lương,0.9851
vn,thang mot,tháng một,1.0000
vn,thang nam,tháng năm,0.9984
vn,thang sau,tháng sau,1.0000
vn,thang so,tháng so,0.9333
vn,thang thang,tháng tháng,0.9545
vn,thang thanh,tháng thành,1.0000
vn,thang theo,tháng theo,1.0000
vn,thang thi,tháng thì,1.0000
vn,thang thoi,tháng thời,1.0000
vn,thang tien,tháng tiền,1.0000
vn,thang tiep,tháng tiếp,1.0000
vn,thang tinh,tháng tính,1.0000
vn,thang to,tháng tổ,1.0000
vn,thang tro,tháng trở,0.9778
vn,thang trong,tháng trong,0.9474
vn,thang truoc,tháng trước,1.0000
vn,thang truong,tháng trường,1.0000
vn,thang tu,tháng từ,0.9375
vn,thang tuoi,tháng tuổi,1.0000
vn,thang va,tháng và,1.0000
vn,thang vi,tháng vi,0.9000
vn,thanh 01,thành 01,1.0000
vn,thanh 02,thành 02,1.0000
vn,thanh 03,thành 03,1.0000
vn,thanh 06,thành 06,1.0000
vn,thanh 2,thành 2,1.0000
vn,thanh bien,thành biên,0.9056
vn,thanh cac,thành các,1.0000
vn,thanh chung,thành chứng,1.0000
vn,thanh cong,thành công,0.9969
vn,thanh cua,thành của,1.0000
vn,thanh dich,thành dịch,0.9333
vn,thanh doanh,thành doanh,1.0000
vn,thanh duoc,thành được,1.0000
vn,thanh gia,thành giá,1.0000
vn,thanh hai,thành hai,0.9375
vn,thanh he,thành hệ,1.0000
vn,thanh hinh,thanh hình,0.9714
vn,thanh ho,thành hồ,1.0000
vn,thanh hop,thành hợp,0.9688
vn,thanh kenh,thanh kênh,0.9333
vn,thanh khoan,thanh khoản,0.9613
vn,thanh khoi,thành khối,1.0000
vn,thanh lap,thành lập,1.0000
vn,thanh ly,thanh lý,1.0000
vn,thanh mot,thành một,1.0000
vn,thanh ngan,thanh ngân,0.9091
vn,thanh nghia,thành nghĩa,1.0000
vn,thanh nhiem,thành nhiệm,1.0000
vn,thanh nhieu,thành nhiều,1.0000
vn,thanh pham,thành phẩm,1.0000
vn,thanh phan,thành phần,0.9887
vn,thanh pho,thành phố,0.9980
vn,thanh phocua,thành phốcủa,1.0000
vn,thanh photruc,thành phốtrực,1.0000
vn,thanh quan,thành quản,0.9565
vn,thanh quoc,thanh quốc,1.0000
vn,thanh quyet,thanh quyết,0.9041
vn,thanh san,thành sản,1.0000
vn,thanh sau,thành sau,1.0000
vn,thanh tai,thành tài,0.9206
vn,thanh thao,thành thạo,1.0000
vn,thanh theo,thành theo,1.0000
vn,thanh thong,thành thông,1.0000
vn,thanh tich,thành tích,1.0000
vn,thanh tien,thành tiền,0.9429
vn,thanh toan,thanh toán,0.9996
vn,thanh tot,thành tốt,1.0000
vn,thanh trong,thành trong,1.0000
vn,thanh truoc,thành trước,1.0000
vn,thanh truyen,thanh truyền,1.0000
vn,thanh tu,thành từ,1.0000
vn,thanh tuong,thành tương,1.0000
vn,thanh tuu,thành tựu,1.0000
vn,thanh uy,thành ủy,0.9565
vn,thanh van,thành văn,1.0000
vn,thanh viec,thành việc,1.0000
vn,thanh vien,thành viên,1.0000
vn,thanh voi,thành với,1.0000
vn,thanh von,thành vốn,1.0000
vn,thanh vuot,thành vượt,1.0000
vn,thanh xuat,thành xuất,1.0000
vn,thao ban,thảo bản,1.0000
vn,thao bao,thảo báo,1.0000
vn,thao do,tháo dỡ,0.9444
vn,thao go,tháo gỡ,1.0000
vn,thao hop,thảo hợp,1.0000
vn,thao ket,thảo kết,1.0000
vn,thao kho,tháo khô,1.0000
vn,thao khoa,thảo khoa,0.9556
vn,thao kt,thảo kt,1.0000
vn,thao luan,thảo luận,1.0000
vn,thao nghi,thảo nghị,1.0000
vn,thao quoc,thảo quốc,1.0000
vn,thao quyet,thảo quyết,1.0000
vn,thao tac,thao tác,0.9667
vn,thao tieu,thảo tiêu,1.0000
vn,thao toa,thảo tọa,1.0000
vn,thao tung,thao túng,1.0000
vn,thao va,thao và,0.9569
vn,thao vinh,thao vĩnh,1.0000
vn,thap cac,thập các,0.9250
vn,thap cap,thập cập,1.0000
vn,thap chung,thập chứng,1.0000
vn,thap cua,thấp của,0.9667
vn,thap dang,thập đăng,1.0000
vn,thap de,thập để,1.0000
vn,thap den,thập đến,0.9000
vn,thap du,thập dữ,0.9512
vn,thap duoc,thập được,0.9189
vn,thap hon,thấp hơn,1.0000
vn,thap khai,thập khai,1.0000
vn,thap kiem,thập kiểm,1.0000
vn,thap la,thấp là,0.9412
vn,thap luu,thập lưu,1.0000
vn,thap neu,thấp nếu,1.0000
vn,thap nhat,thấp nhất,0.9767
vn,thap phan,thập phân,1.0000
vn,thap su,thập sử,0.9250
vn,thap tao,thập tạo,1.0000
vn,thap thong,thập thông,0.9959
vn,thap thuc,thấp thực,1.0000
vn,thap tong,thập tổng,1.0000
vn,thap va,thập và,0.9221
vn,thap vao,thập vào,1.0000
vn,thap xu,thập xử,0.9934
vn,that bai,thất bại,1.0000
vn,that cho,thất cho,1.0000
vn,that do,thất do,1.0000
vn,that khoang,thất khoáng,1.0000
vn,that lac,thất lạc,1.0000
vn,that nghiep,thất nghiệp,1.0000
vn,that nguoi,thật người,0.9259
vn,that phat,thất phát,1.0000
vn,that thoat,thất thoát,1.0000
vn,that tren,thật trên,1.0000
vn,that ve,thất về,0.9038
vn,thau 1,thầu 1,1.0000
vn,thau 2,thầu 2,1.0000
vn,thau 3,thầu 3,1.0000
vn,thau 4,thầu 4,1.0000
vn,thau 5,thầu 5,1.0000
vn,thau b,thầu b,1.0000
vn,thau c,thầu c,1.0000
vn,thau chi,thấu chi,0.9691
vn,thau chuyen,thầu chuyên,1.0000
vn,thau cua,thầu của,1.0000
vn,thau cung,thầu cung,1.0000
vn,thau da,thầu đã,1.0000
vn,thau dat,thầu đặt,1.0000
vn,thau dau,thầu đấu,1.0000
vn,thau de,thầu để,0.9412
vn,thau doi,thầu đối,1.0000
vn,thau du,thầu dự,1.0000
vn,thau duoc,thầu được,1.0000
vn,thau gia,thầu giá,1.0000
vn,thau ho,thầu hồ,1.0000
vn,thau hoac,thầu hoặc,1.0000
vn,thau khong,thầu không,1.0000
vn,thau lua,thầu lựa,1.0000
vn,thau mua,thầu mua,1.0000
vn,thau nha,thầu nhà,1.0000
vn,thau noi,thầu nội,1.0000
vn,thau nuoc,thầu nước,1.0000
vn,thau phu,thầu phụ,1.0000
vn,thau quoc,thầu quốc,1.0000
vn,thau quy,thầu quy,0.9375
vn,thau rong,thầu rộng,1.0000
vn,thau theo,thầu theo,1.0000
vn,thau thuc,thầu thực,1.0000
vn,thau thuoc,thầu thuộc,1.0000
vn,thau to,thầu tổ,1.0000
vn,thau trong,thầu trong,1.0000
vn,thau truong,thầu trường,1.0000
vn,thau tu,thầu tư,1.0000
vn,thau va,thầu và,1.0000
vn,thay can,thấy cần,0.9813
vn,thay co,thấy có,0.9483
vn,thay cum,thay cụm,1.0000
vn,thay dau,thấy dấu,1.0000
vn,thay de,thấy đề,0.9000
vn,thay doi,thay đổi,0.9989
vn,thay duoc,thấy được,0.9643
vn,thay ke,thay kê,0.9167
vn,thay khong,thấy không,0.9688
vn,thay la,thấy là,1.0000
vn,thay mat,thay mặt,1.0000
vn,thay tai,thấy tài,0.9859
vn,thay the,thay thế,0.9977
vn,thay thuoc,thấy thuộc,1.0000
vn,thay va,thấy và,0.9811
vn,thay viec,thấy việc,1.0000
vn,the anh,thể ảnh,1.0000
vn,the bai,thế bãi,1.0000
vn,the bu,thẻ bù,1.0000
vn,the ca,thể cá,0.9873
vn,the can,thẻ căn,0.9705
vn,the cham,thể chấm,0.9815
vn,the chap,thế chấp,0.9785
vn,the chip,thẻ chip,0.9565
vn,the cuc,thể cục,1.0000
vn,the cum,thế cụm,1.0000
vn,the dan,thể dẫn,1.0000
vn,the denghithong,thể đềnghịthống,1.0000
vn,the don,thể đơn,0.9412
vn,the du,thể dữ,0.9719
vn,the duc,thể dục,1.0000
vn,the gay,thể gây,1.0000
vn,the ghi,thẻ ghi,0.9429
vn,the gian,thẻ gian,0.9000
vn,the giay,thế giấy,1.0000
vn,the gioi,thế giới,0.9720
vn,the gui,thể gửi,1.0000
vn,the he,thế hệ,0.9362
vn,the hien,thể hiện,0.9949
vn,the hoat,thể hoạt,1.0000
vn,the keo,thể kéo,1.0000
vn,the ket,thể kết,1.0000
vn,the khai,thể khai,1.0000
vn,the khoi,thể khôi,1.0000
vn,the lam,thể làm,1.0000
vn,the le,thể lệ,0.9694
vn,the loai,thể loại,1.0000
vn,the lua,thể lựa,1.0000
vn,the ngan,thẻ ngân,0.9137
vn,the nghi,thế nghị,0.9565
vn,the nguoi,thể người,0.9574
vn,the nhu,thể như,0.9924
vn,the o,thể ở,0.9231
vn,the pha,thể phá,1.0000
vn,the phai,thẻ phải,0.9160
vn,the phi,thẻ phi,1.0000
vn,the quyen,thể quyền,0.9524
vn,the ro,thể rõ,1.0000
vn,the sau,thể sau,0.9114
vn,the sohoso,thế sốhồsơ,1.0000
vn,the tac,thể tác,1.0000
vn,the tach,thể tách,1.0000
vn,the tam,thẻ tạm,0.9375
vn,the tcpht,thẻ tcpht,1.0000
vn,the ten,thế tên,0.9109
vn,the thao,thể thao,0.9657
vn,the thuong,thẻ thường,0.9231
vn,the tich,thể tích,1.0000
vn,the tin,thẻ tín,1.0000
vn,the totrinh,thể tờtrình,1.0000
vn,the tra,thẻ trả,0.9097
vn,the trach,thể trách,0.9412
vn,the trinh,thể trình,1.0000
vn,the truy,thể truy,0.9773
vn,the ung,thể ứng,1.0000
vn,the vat,thẻ vật,1.0000
vn,the viec,thể việc,0.9074
vn,the vo,thẻ vô,1.0000
vn,the vpcp,thể vpcp,1.0000
vn,the vuc,thế vực,1.0000
vn,the xac,thể xác,0.9556
vn,the xay,thể xảy,0.9054
vn,the xem,thể xem,0.9375
vn,the yeu,thể yêu,0.9167
vn,thechap hanh,thểchấp hành,1.0000
vn,theco xac,thểcó xác,1.0000
vn,theda duoc,thểđã được,1.0000
vn,thedan dau,thểdẫn đầu,1.0000
vn,thedat cac,thểđạt các,1.0000
vn,thedat danh,thểđạt danh,1.0000
vn,thedat tieu,thểđạt tiêu,1.0000
vn,theduoc denghikhen,thểđược đềnghịkhen,1.0000
vn,theguong mau,thểgương mẫu,1.0000
vn,thehetre trong,thếhệtrẻ trong,1.0000
vn,thehoan thanh,thểhoàn thành,1.0000
vn,thekhac ngoai,thểkhác ngoài,1.0000
vn,thekhac noi,thểkhác noi,1.0000
vn,thekhong thuoc,thểkhông thuộc,1.0000
vn,thelao dong,thểlao động,1.0000
vn,thelon quy,thểlớn quy,1.0000
vn,them bot,thêm bớt,1.0000
vn,them cac,thêm các,1.0000
vn,them cua,thêm của,1.0000
vn,them di,thêm di,1.0000
vn,them do,thêm do,1.0000
vn,them doi,thêm đối,1.0000
vn,them gio,thêm giờ,1.0000
vn,them hoac,thêm hoặc,1.0000
vn,them khong,thêm không,1.0000
vn,them mot,thêm một,1.0000
vn,them nhung,thêm những,1.0000
vn,them noi,thêm nội,1.0000
vn,them phai,thêm phải,1.0000
vn,them thoi,thêm thời,1.0000
vn,them thong,thêm thông,1.0000
vn,them tien,thêm tiền,1.0000
vn,them tren,thêm trên,1.0000
vn,them vao,thêm vào,1.0000
vn,thenguoi nuoc,thểngười nước,1.0000
vn,thenguoi viet,thểngười việt,1.0000
vn,theo bang,theo bảng,0.9388
vn,theo bao,theo báo,0.9497
vn,theo be,theo bề,1.0000
vn,theo bien,theo biên,0.9545
vn,theo bieu,theo biểu,1.0000
vn,theo bo,theo bộ,0.9167
vn,theo cac,theo các,1.0000
vn,theo cach,theo cách,1.0000
vn,theo cap,theo cấp,1.0000
vn,theo cau,theo cấu,1.0000
vn,theo chat,theo chất,1.0000
vn,theo che,theo chế,1.0000
vn,theo chieu,theo chiều,1.0000
vn,theo chinh,theo chính,1.0000
vn,theo chuan,theo chuẩn,1.0000
vn,theo chuc,theo chức,1.0000
vn,theo chuong,theo chương,1.0000
vn,theo chuyen,theo chuyên,0.9808
vn,theo co,theo cơ,0.9745
vn,theo cong,theo công,1.0000
vn,theo da,theo đa,1.0000
vn,theo de,theo đề,0.9615
vn,theo dia,theo địa,1.0000
vn,theo diem,theo điểm,1.0000
vn,theo dien,theo diện,1.0000
vn,theo dieu,theo điều,1.0000
vn,theo dinh,theo định,1.0000
vn,theo doi,theo dõi,0.9631
vn,theo don,theo đơn,1.0000
vn,theo du,theo dự,0.9777
vn,theo dung,theo đúng,0.9971
vn,theo duoc,theo được,1.0000
vn,theo duong,theo đường,0.9667
vn,theo gia,theo giá,0.9699
vn,theo giay,theo giấy,1.0000
vn,theo gioi,theo giới,1.0000
vn,theo gui,theo gửi,1.0000
vn,theo han,theo hạn,1.0000
vn,theo he,theo hệ,1.0000
vn,theo hec,theo héc,1.0000
vn,theo hiep,theo hiệp,1.0000
vn,theo hinh,theo hình,1.0000
vn,theo ho,theo hồ,0.9136
vn,theo hoa,theo hóa,0.9231
vn,theo hop,theo hợp,0.9979
vn,theo huong,theo hướng,1.0000
vn,theo ke,theo kế,0.9313
vn,theo ket,theo kết,1.0000
vn,theo khoan,theo khoản,1.0000
vn,theo khoi,theo khối,1.0000
vn,theo khuyen,theo khuyến,1.0000
vn,theo lanh,theo lãnh,1.0000
vn,theo lenh,theo lệnh,1.0000
vn,theo linh,theo lĩnh,1.0000
vn,theo loai,theo loại,1.0000
vn,theo luat,theo luật,1.0000
vn,theo luong,theo lương,0.9565
vn,theo ma,theo mã,1.0000
vn,theo mau,theo mẫu,1.0000
vn,theo menh,theo mệnh,1.0000
vn,theo mo,theo mô,1.0000
vn,theo mot,theo một,1.0000
vn,theo nam,theo năm,1.0000
vn,theo neu,theo nếu,1.0000
vn,theo nganh,theo ngành,1.0000
vn,theo nghe,theo nghề,1.0000
vn,theo nghi,theo nghị,0.9994
vn,theo ngoai,theo ngoại,1.0000
vn,theo nguon,theo nguồn,1.0000
vn,theo nguyen,theo nguyên,0.9853
vn,theo nhiem,theo nhiệm,1.0000
vn,theo nhom,theo nhóm,1.0000
vn,theo nien,theo niên,1.0000
vn,theo noi,theo nội,1.0000
vn,theo pham,theo phạm,1.0000
vn,theo phan,theo phân,0.9689
vn,theo phap,theo pháp,1.0000
vn,theo phu,theo phụ,1.0000
vn,theo phuong,theo phương,1.0000
vn,theo quyet,theo quyết,1.0000
vn,theo rui,theo rủi,1.0000
vn,theo san,theo sản,1.0000
vn,theo su,theo sự,0.9792
vn,theo tai,theo tài,1.0000
vn,theo ten,theo tên,1.0000
vn,theo tham,theo thẩm,0.9985
vn,theo the,theo thể,1.0000
vn,theo thi,theo thì,0.9231
vn,theo thiet,theo thiết,1.0000
vn,theo thoa,theo thỏa,0.9330
vn,theo thoi,theo thời,1.0000
vn,theo thong,theo thông,0.9939
vn,theo thuc,theo thực,1.0000
vn,theo thutuc,theo thủtục,1.0000
vn,theo thuyet,theo thuyết,1.0000
vn,theo tien,theo tiến,0.9474
vn,theo tieu,theo tiêu,1.0000
vn,theo tinh,theo tính,0.9120
vn,theo trach,theo trách,1.0000
vn,theo trinh,theo trình,1.0000
vn,theo tung,theo từng,0.9968
vn,theo ty,theo tỷ,1.0000
vn,theo uy,theo ủy,0.9593
vn,theo va,theo và,1.0000
vn,theo van,theo văn,1.0000
vn,theo vi,theo vị,0.9167
vn,theo viec,theo việc,1.0000
vn,theo vu,theo vụ,1.0000
vn,theo y,theo ý,0.9714
vn,theo yeu,theo yêu,0.9989
vn,thesuy ton,thểsuy tôn,1.0000
vn,thethuoc cac,thểthuộc các,1.0000
vn,thethuoc co,thểthuộc cơ,1.0000
vn,thethuoc ngan,thểthuộc ngân,1.0000
vn,thetieu bieu,thểtiêu biểu,1.0000
vn,thetrong nganh,thểtrong ngành,1.0000
vn,thetrong sach,thểtrong sạch,1.0000
vn,thetrung uong,thểtrung ương,1.0000
vn,thi 1,thị 1,0.9412
vn,thi 4,thị 4,0.9500
vn,thi 5,thị 5,1.0000
vn,thi 7,thị 7,0.9615
vn,thi ap,thì áp,1.0000
vn,thi b,thị b,1.0000
vn,thi ben,thì bên,0.9655
vn,thi bi,thì bị,0.9835
vn,thi bo,thì bộ,0.9123
vn,thi cham,thì chậm,1.0000
vn,thi chu,thì chủ,0.9400
vn,thi chuyen,thì chuyển,0.9524
vn,thi con,thì còn,1.0000
vn,thi cuc,thì cục,1.0000
vn,thi cuoc,thì cuộc,1.0000
vn,thi dia,thì địa,1.0000
vn,thi diem,thí điểm,0.9727
vn,thi dien,thì diện,1.0000
vn,thi dieu,thì điều,0.9322
vn,thi doanh,thì doanh,0.9904
vn,thi don,thì đơn,0.9520
vn,thi dong,thì đồng,1.0000
vn,thi dua,thi đua,1.0000
vn,thi giay,thì giấy,0.9167
vn,thi gui,thì gửi,1.0000
vn,thi hach,thì hạch,1.0000
vn,thi hanh,thi hành,0.9994
vn,thi he,thì hệ,1.0000
vn,thi hoi,thì hội,1.0000
vn,thi hop,thì hợp,0.9375
vn,thi khi,thì khi,0.9730
vn,thi khoan,thì khoản,1.0000
vn,thi khu,thị khu,0.9861
vn,thi kiem,thì kiểm,1.0000
vn,thi kip,thì kịp,1.0000
vn,thi la,thị là,1.0000
vn,thi lay,thì lấy,0.9883
vn,thi loai,thị loại,0.9385
vn,thi muc,thì mức,0.9608
vn,thi ngan,thì ngân,1.0000
vn,thi nghiem,thí nghiệm,1.0000
vn,thi ngoai,thì ngoài,1.0000
vn,thi nguoi,thì người,1.0000
vn,thi nguyen,thì nguyên,0.9583
vn,thi nha,thì nhà,0.9688
vn,thi nop,thì nộp,0.9885
vn,thi phai,thì phải,0.9922
vn,thi ra,thì ra,0.9286
vn,thi sau,thì sau,0.9136
vn,thi se,thì sẽ,1.0000
vn,thi sinh,thí sinh,1.0000
vn,thi su,thì sử,0.9412
vn,thi tao,thì tạo,1.0000
vn,thi tham,thì thẩm,0.9804
vn,thi thang,thi thăng,1.0000
vn,thi thoi,thì thời,0.9955
vn,thi tiep,thì tiếp,0.9914
vn,thi to,thì tổ,0.9691
vn,thi tong,thì tổng,1.0000
vn,thi trai,thị trại,0.9383
vn,thi tran,thị trấn,1.0000
vn,thi trinh,thì trình,0.9580
vn,thi truc,thị trực,1.0000
vn,thi truoc,thì trước,0.9688
vn,thi truong,thị trường,0.9920
vn,thi tuyen,thi tuyển,1.0000
vn,thi ty,thì tỷ,1.0000
vn,thi va,thị và,0.9442
vn,thi viec,thì việc,0.9744
vn,thi vien,thì viện,0.9531
vn,thi xa,thị xã,1.0000
vn,thi xac,thì xác,0.9756
vn,thi xu,thì xử,1.0000
vn,thi xuat,thì xuất,1.0000
vn,thi yeu,thì yêu,0.9750
vn,thich cho,thích cho,1.0000
vn,thich cua,thích của,1.0000
vn,thich dien,thích điện,1.0000
vn,thich hop,thích hợp,1.0000
vn,thich kha,thích khả,1.0000
vn,thich ro,thích rõ,1.0000
vn,thich thuat,thích thuật,1.0000
vn,thich tu,thích từ,1.0000
vn,thien cac,thiện các,1.0000
vn,thien co,thiện cơ,1.0000
vn,thien cong,thiện công,1.0000
vn,thien cua,thiện của,1.0000
vn,thien he,thiện hệ,1.0000
vn,thien ho,thiện hồ,1.0000
vn,thien nhien,thiên nhiên,1.0000
vn,thien phuong,thiện phương,1.0000
vn,thien quy,thiện quy,1.0000
vn,thien sang,thiện sáng,1.0000
vn,thien tai,thiên tai,0.9963
vn,thien thanh,thiện thành,1.0000
vn,thien theo,thiện theo,1.0000
vn,thien tru,thiên trừ,1.0000
vn,thien va,thiện và,1.0000
vn,thiep bat,thiệp bất,1.0000
vn,thiep chinh,thiệp chỉnh,1.0000
vn,thiep cua,thiệp của,1.0000
vn,thiep trai,thiệp trái,1.0000
vn,thiep vao,thiệp vào,1.0000
vn,thiet 2,thiết 2,1.0000
vn,thiet bi,thiết bị,0.9998
vn,thiet bo,thiết bộ,1.0000
vn,thiet c,thiết c,1.0000
vn,thiet cho,thiết cho,1.0000
vn,thiet cua,thiết của,1.0000
vn,thiet de,thiết để,1.0000
vn,thiet do,thiết do,0.9000
vn,thiet doi,thiết đối,1.0000
vn,thiet hai,thiệt hại,1.0000
vn,thiet hoac,thiết hoặc,1.0000
vn,thiet hop,thiết hợp,1.0000
vn,thiet ke,thiết kế,0.9970
vn,thiet khac,thiết khác,1.0000
vn,thiet khi,thiết khi,1.0000
vn,thiet lap,thiết lập,1.0000
vn,thiet lien,thiết liên,1.0000
vn,thiet ngan,thiết ngân,0.9929
vn,thiet nham,thiết nhằm,1.0000
vn,thiet phai,thiết phải,1.0000
vn,thiet phuc,thiết phục,1.0000
vn,thiet theo,thiết theo,1.0000
vn,thiet thi,thiết thì,1.0000
vn,thiet thuc,thiết thực,1.0000
vn,thiet trong,thiết trong,1.0000
vn,thiet va,thiết và,1.0000
vn,thiet ve,thiết về,1.0000
vn,thiet yeu,thiết yếu,0.9762
vn,thieu 01,thiểu 01,1.0000
vn,thieu 02,thiểu 02,1.0000
vn,thieu 03,thiểu 03,1.0000
vn,thieu 05,thiểu 05,1.0000
vn,thieu 06,thiểu 06,1.0000
vn,thieu 10,thiểu 10,1.0000
vn,thieu 15,thiểu 15,1.0000
vn,thieu 200,thiểu 200,1.0000
vn,thieu 30,thiểu 30,1.0000
vn,thieu 40,thiểu 40,1.0000
vn,thieu 5,thiểu 5,1.0000
vn,thieu 50,thiểu 50,1.0000
vn,thieu 70,thiểu 70,1.0000
vn,thieu ba,thiểu ba,1.0000
vn,thieu bang,thiểu bằng,0.9318
vn,thieu bao,thiểu bao,0.9870
vn,thieu cac,thiểu các,0.9780
vn,thieu co,thiểu có,0.9286
vn,thieu dam,thiểu đảm,1.0000
vn,thieu dich,thiệu dịch,1.0000
vn,thieu dieu,thiểu điều,1.0000
vn,thieu duoc,thiếu được,0.9091
vn,thieu gom,thiểu gồm,1.0000
vn,thieu hai,thiểu hai,1.0000
vn,thieu hut,thiếu hụt,1.0000
vn,thieu ket,thiêu kết,1.0000
vn,thieu kha,thiếu khả,0.9167
vn,thieu la,thiểu là,0.9634
vn,thieu moi,thiểu mỗi,1.0000
vn,thieu nhu,thiểu như,1.0000
vn,thieu nhung,thiểu những,0.9615
vn,thieu nuoc,thiếu nước,1.0000
vn,thieu rui,thiểu rủi,1.0000
vn,thieu san,thiệu sản,0.9000
vn,thieu sot,thiếu sót,1.0000
vn,thieu tan,thiểu tấn,1.0000
vn,thieu tien,thiếu tiền,1.0000
vn,thieu toi,thiểu tối,1.0000
vn,thieu ton,thiểu tổn,1.0000
vn,thieu trach,thiếu trách,1.0000
vn,thieu tuong,thiểu tương,1.0000
vn,thieu von,thiếu vốn,1.0000
vn,tho cua,thổ của,1.0000
vn,tho luat,thổ luật,1.0000
vn,tho nhuong,thổ nhưỡng,1.0000
vn,tho nuoc,thổ nước,1.0000
vn,tho viet,thổ việt,1.0000
vn,thoa man,thỏa mãn,1.0000
vn,thoai can,thoái cạn,0.9800
vn,thoai cong,thoại công,1.0000
vn,thoai cua,thoại của,1.0000
vn,thoai di,thoại di,1.0000
vn,thoai dia,thoại địa,1.0000
vn,thoai email,thoại email,1.0000
vn,thoai fax,thoại fax,1.0000
vn,thoai hoa,thoái hóa,1.0000
vn,thoai hoac,thoại hoặc,1.0000
vn,thoai internet,thoại internet,1.0000
vn,thoai lien,thoại liên,1.0000
vn,thoai neu,thoại nếu,1.0000
vn,thoai quoc,thoại quốc,1.0000
vn,thoai so,thoại số,1.0000
vn,thoai thu,thoại thư,0.9000
vn,thoai va,thoại và,0.9474
vn,thoai voi,thoại với,1.0000
vn,thoai von,thoái vốn,1.0000
vn,thoaihoa chuoi,thoaihoa chuỗi,1.0000
vn,thoat hu,thoát hư,1.0000
vn,thoat lang,thoát lãng,1.0000
vn,thoat nuoc,thoát nước,1.0000
vn,thoat tai,thoát tài,1.0000
vn,thoi 2,thời 2,1.0000
vn,thoi 3,thời 3,1.0000
vn,thoi bang,thời bằng,1.0000
vn,thoi ca,thời cả,1.0000
vn,thoi cac,thời các,0.9959
vn,thoi chinh,thời chính,1.0000
vn,thoi cho,thời cho,1.0000
vn,thoi cong,thời công,0.9231
vn,thoi cua,thời của,1.0000
vn,thoi dam,thời đảm,1.0000
vn,thoi dap,thời đáp,1.0000
vn,thoi day,thời đầy,1.0000
vn,thoi diem,thời điểm,0.9980
vn,thoi doi,thời đối,1.0000
vn,thoi dua,thời đưa,0.9524
vn,thoi duoc,thời được,1.0000
vn,thoi dut,thời dứt,1.0000
vn,thoi ghi,thời ghi,1.0000
vn,thoi gian,thời gian,0.9835
vn,thoi gui,thời gửi,1.0000
vn,thoi han,thời hạn,0.9986
vn,thoi hieu,thời hiệu,1.0000
vn,thoi hoac,thời hoặc,0.9231
vn,thoi khi,thời khi,1.0000
vn,thoi khong,thời không,0.9130
vn,thoi ky,thời kỳ,1.0000
vn,thoi kykhang,thời kỳkháng,1.0000
vn,thoi la,thời là,1.0000
vn,thoi lap,thời lập,1.0000
vn,thoi luong,thời lượng,1.0000
vn,thoi nghiem,thời nghiêm,1.0000
vn,thoi nhung,thời những,0.9444
vn,thoi phai,thời phải,1.0000
vn,thoi phat,thời phát,1.0000
vn,thoi quoc,thôi quốc,1.0000
vn,thoi quyet,thời quyết,1.0000
vn,thoi tao,thời tạo,1.0000
vn,thoi theo,thời theo,1.0000
vn,thoi thong,thời thông,0.9733
vn,thoi thuc,thời thực,1.0000
vn,thoi tiet,thời tiết,1.0000
vn,thoi tren,thời trên,1.0000
vn,thoi trong,thời trong,1.0000
vn,thoi ung,thời ứng,1.0000
vn,thoi va,thời và,0.9821
vn,thoi vao,thời vào,1.0000
vn,thoi ve,thời về,1.0000
vn,thoi voi,thời với,1.0000
vn,thoi xu,thời xử,1.0000
vn,thoi yeu,thời yêu,1.0000
vn,thon bo,thôn bộ,1.0000
vn,thon chu,thôn chủ,1.0000
vn,thon da,thôn đã,1.0000
vn,thon de,thôn để,1.0000
vn,thon duoc,thôn được,1.0000
vn,thon ghi,thôn ghi,1.0000
vn,thon mien,thôn miền,1.0000
vn,thon tap,thôn tập,1.0000
vn,thon thuc,thôn thực,1.0000
vn,thon uy,thôn ủy,1.0000
vn,thon va,thôn và,1.0000
vn,thon viet,thôn việt,1.0000
vn,thong 1,thông 1,0.9595
vn,thong 2,thông 2,0.9016
vn,thong 3,thông 3,0.9177
vn,thong 4,thông 4,0.9469
vn,thong 5,thông 5,0.9028
vn,thong 7,thông 7,0.9600
vn,thong atm,thống atm,1.0000
vn,thong bao,thông báo,0.9523
vn,thong bat,thông bắt,0.9804
vn,thong btdt,thống btđt,1.0000
vn,thong bu,thống bù,0.9875
vn,thong buoc,thông buộc,0.9231
vn,thong buu,thống bưu,0.9286
vn,thong chat,thông chất,1.0000
vn,thong chia,thông chia,0.9737
vn,thong chinh,thống chính,0.9123
vn,thong chiu,thông chịu,1.0000
vn,thong cho,thông cho,0.9245
vn,thong chu,thông chủ,1.0000
vn,thong chuan,thông chuẩn,0.9231
vn,thong chung,thống chứng,1.0000
vn,thong cntt,thống cntt,1.0000
vn,thong cuc,thông cục,1.0000
vn,thong den,thông đến,1.0000
vn,thong di,thông di,0.9971
vn,thong dia,thông địa,1.0000
vn,thong diep,thông điệp,1.0000
vn,thong dieu,thống điều,0.9444
vn,thong dinh,thống định,0.9816
vn,thong doanh,thông doanh,1.0000
vn,thong doc,thống đốc,0.9979
vn,thong dong,thông đồng,0.9054
vn,thong dtm,thống dtm,1.0000
vn,thong dung,thông dùng,0.9172
vn,thong duo,thông đườ,1.0000
vn,thong duoi,thông dưới,1.0000
vn,thong duong,thông đường,0.9926
vn,thong e,thông e,0.9231
vn,thong giay,thông giấy,1.0000
vn,thong gio,thông gió,1.0000
vn,thong giua,thông giữa,1.0000
vn,thong goi,thông gọi,1.0000
vn,thong gui,thông gửi,0.9024
vn,thong hanh,thông hành,0.9184
vn,thong huong,thông hướng,1.0000
vn,thong kbnn,thống kbnn,1.0000
vn,thong ke,thống kê,0.9698
vn,thong khan,thông khẩn,1.0000
vn,thong kiem,thống kiểm,0.9753
vn,thong la,thông là,0.9024
vn,thong le,thông lệ,1.0000
vn,thong linh,thống lĩnh,1.0000
vn,thong may,thống máy,1.0000
vn,thong minh,thông minh,0.9167
vn,thong nam,thông nắm,0.9250
vn,thong nghi,thông nghị,1.0000
vn,thong nha,thông nhà,1.0000
vn,thong nhat,thống nhất,0.9982
vn,thong nhu,thông như,0.9375
vn,thong nong,thông nông,1.0000
vn,thong online,thống online,1.0000
vn,thong phe,thông phê,1.0000
vn,thong pho,thông phổ,0.9960
vn,thong phoi,thông phối,1.0000
vn,thong phong,thông phong,0.9062
vn,thong qlnn,thống qlnn,1.0000
vn,thong qua,thông qua,0.9979
vn,thong quoc,thông quốc,0.9167
vn,thong quyet,thông quyết,1.0000
vn,thong sau,thông sau,0.9740
vn,thong sinh,thống sinh,1.0000
vn,thong so,thông số,0.9205
vn,thong su,thông sử,0.9167
vn,thong sua,thông sửa,1.0000
vn,thong suot,thông suốt,1.0000
vn,thong tan,thông tần,0.9667
vn,thong ten,thông tên,0.9667
vn,thong thanh,thống thanh,0.9266
vn,thong thao,thông thạo,1.0000
vn,thong theo,thông theo,0.9158
vn,thong thong,thống thông,0.9626
vn,thong thuong,thông thường,0.9936
vn,thong thuy,thông thủy,1.0000
vn,thong tin,thông tin,0.9989
vn,thong trang,thống trang,0.9630
vn,thong trao,thống trao,0.9863
vn,thong tren,thông trên,0.9915
vn,thong tri,thống trí,0.9969
vn,thong truyen,thống truyền,0.9091
vn,thong ttdtlnh,thống ttđtlnh,1.0000
vn,thong ttlnh,thống ttlnh,1.0000
vn,thong tu,thông tư,0.9743
vn,thong tuoi,thống tưới,1.0000
vn,thong ung,thống ứng,0.9600
vn,thong uy,thông ủy,0.9615
vn,thong v,thông v,0.9333
vn,thong van,thông vận,0.9557
vn,thong viet,thông việt,0.9524
vn,thong xem,thông xem,1.0000
vn,thong xep,thống xếp,1.0000
vn,thong xet,thông xét,1.0000
vn,thong xu,thống xử,0.9744
vn,thonhuong chuoi,thonhuong chuỗi,1.0000
vn,thu 02,thứ 02,1.0000
vn,thu ba,thứ ba,1.0000
vn,thu buu,thư bưu,1.0000
vn,thu cac,thủ các,0.9029
vn,thu can,thư căn,0.9231
vn,thu chu,thư chữ,0.9959
vn,thu chuky,thư chữký,1.0000
vn,thu chuyen,thu chuyển,0.9000
vn,thu cuoc,thu cước,1.0000
vn,thu da,thu đã,0.9091
vn,thu dac,thụ đặc,1.0000
vn,thu day,thủ đầy,1.0000
vn,thu dien,thư điện,0.9980
vn,thu duoc,thu được,0.9918
vn,thu giay,thu giấy,0.9091
vn,thu giu,thu giữ,0.9888
vn,thu hai,thứ hai,0.9911
vn,thu hep,thu hẹp,1.0000
vn,thu hien,thủ hiến,1.0000
vn,thu hoan,thu hoàn,1.0000
vn,thu hoi,thu hồi,1.0000
vn,thu huong,thụ hưởng,0.9927
vn,thu hut,thu hút,1.0000
vn,thu ket,thu kết,0.9889
vn,thu khieu,thư khiếu,1.0000
vn,thu khung,thủ khung,1.0000
vn,thu ky,thư ký,0.9510
vn,thu lao,thù lao,1.0000
vn,thu le,thu lệ,1.0000
vn,thu loi,thu lợi,1.0000
vn,thu lon,thu lớn,1.0000
vn,thu luat,thủ luật,1.0000
vn,thu luu,thư lưu,1.0000
vn,thu ly,thụ lý,1.0000
vn,thu muc,thư mục,0.9412
vn,thu n,thứ n,0.9655
vn,thu nam,thứ năm,0.9118
vn,thu ngan,thu ngân,0.9406
vn,thu nghiem,thử nghiệm,0.9994
vn,thu nhan,thu nhận,0.9167
vn,thu nhap,thu nhập,1.0000
vn,thu nhat,thứ nhất,1.0000
vn,thu no,thu nợ,1.0000
vn,thu nop,thu nộp,1.0000
vn,thu phai,thu phải,1.0000
vn,thu phap,thủ pháp,1.0000
vn,thu phat,thu phát,0.9565
vn,thu phi,thu phí,1.0000
vn,thu pho,thư phó,1.0000
vn,thu quy,thủ quy,0.9586
vn,thu so,thư số,0.9868
vn,thu tau,thụ tẩu,1.0000
vn,thu thach,thử thách,1.0000
vn,thu tham,thư thẩm,1.0000
vn,thu thap,thu thập,0.9994
vn,thu them,thu thêm,1.0000
vn,thu thuc,thu thực,0.9474
vn,thu thue,thu thuế,1.0000
vn,thu tien,thu tiền,0.9550
vn,thu tiet,thu tiết,1.0000
vn,thu tieu,thủ tiêu,0.9231
vn,thu to,thử tổ,0.9000
vn,thu toan,thu toàn,0.9545
vn,thu trung,thư trung,1.0000
vn,thu truong,thủ trưởng,0.9532
vn,thu tuc,thủ tục,1.0000
vn,thu tuong,thủ tướng,0.9965
vn,thu ty,thủ tỷ,1.0000
vn,thu uoc,thu ước,1.0000
vn,thu uy,thu ủy,0.9091
vn,thu voi,thu với,0.9583
vn,thu yeu,thủ yêu,0.9000
vn,thua cho,thừa cho,1.0000
vn,thua dat,thửa đất,0.9986
vn,thua ke,thừa kế,1.0000
vn,thua khi,thừa khi,1.0000
vn,thua neu,thừa nếu,1.0000
vn,thua nhan,thừa nhận,1.0000
vn,thua phat,thừa phát,1.0000
vn,thua quyen,thừa quyền,0.9643
vn,thua thieu,thừa thiếu,1.0000
vn,thua tren,thừa trên,1.0000
vn,thuan 2,thuận 2,1.0000
vn,thuan 3,thuận 3,1.0000
vn,thuan b,thuận b,1.0000
vn,thuan bang,thuận bằng,1.0000
vn,thuan c,thuận c,1.0000
vn,thuan cac,thuận các,1.0000
vn,thuan cam,thuận cam,1.0000
vn,thuan cap,thuận cấp,1.0000
vn,thuan cho,thuận cho,1.0000
vn,thuan chu,thuận chủ,1.0000
vn,thuan chuyen,thuận chuyển,1.0000
vn,thuan cu,thuận cụ,0.9524
vn,thuan cua,thuận của,1.0000
vn,thuan cung,thuận cung,1.0000
vn,thuan da,thuận đã,1.0000
vn,thuan dang,thuận đăng,0.9565
vn,thuan danh,thuận danh,1.0000
vn,thuan den,thuận đến,1.0000
vn,thuan dieu,thuận điều,1.0000
vn,thuan duoc,thuận được,0.9512
vn,thuan giua,thuận giữa,0.9522
vn,thuan hoac,thuận hoặc,0.9655
vn,thuan hoat,thuận hoạt,1.0000
vn,thuan hop,thuận hợp,1.0000
vn,thuan ket,thuận kết,1.0000
vn,thuan khac,thuận khác,1.0000
vn,thuan khong,thuận không,1.0000
vn,thuan khung,thuận khung,1.0000
vn,thuan lam,thuận làm,1.0000
vn,thuan loi,thuận lợi,1.0000
vn,thuan ma,thuận mà,0.9091
vn,thuan mo,thuận mở,1.0000
vn,thuan mua,thuận mua,1.0000
vn,thuan ngan,thuận ngân,1.0000
vn,thuan phai,thuận phải,1.0000
vn,thuan phan,thuận phân,1.0000
vn,thuan phoi,thuận phối,1.0000
vn,thuan phong,thuần phong,1.0000
vn,thuan phu,thuận phù,1.0000
vn,thuan quoc,thuận quốc,1.0000
vn,thuan sau,thuận sau,1.0000
vn,thuan su,thuận sử,1.0000
vn,thuan tai,thuận tại,0.9211
vn,thuan thay,thuận thay,0.9756
vn,thuan thi,thuận thì,1.0000
vn,thuan thua,thuận thừa,1.0000
vn,thuan tien,thuận tiện,0.9811
vn,thuan tren,thuận trên,1.0000
vn,thuan trong,thuận trong,0.9589
vn,thuan truc,thuận trực,1.0000
vn,thuan truoc,thuận trước,1.0000
vn,thuan tu,thuận từ,0.9412
vn,thuan uy,thuận ủy,1.0000
vn,thuan va,thuận và,0.9831
vn,thuan ve,thuận về,0.9921
vn,thuan viec,thuận việc,1.0000
vn,thuan voi,thuận với,0.9806
vn,thuat 1,thuật 1,1.0000
vn,thuat 2,thuật 2,1.0000
vn,thuat 3,thuật 3,1.0000
vn,thuat a,thuật a,0.9000
vn,thuat an,thuật an,1.0000
vn,thuat ap,thuật áp,1.0000
vn,thuat b,thuật b,1.0000
vn,thuat c,thuật c,1.0000
vn,thuat cac,thuật các,1.0000
vn,thuat can,thuật cần,0.9318
vn,thuat cao,thuật cao,1.0000
vn,thuat chat,thuật chất,1.0000
vn,thuat che,thuật chế,1.0000
vn,thuat cho,thuật cho,1.0000
vn,thuat cong,thuật công,0.9810
vn,thuat cua,thuật của,1.0000
vn,thuat da,thuật đã,0.9000
vn,thuat dam,thuật đảm,1.0000
vn,thuat dap,thuật đáp,1.0000
vn,thuat dau,thuật đầu,1.0000
vn,thuat dien,thuật điện,1.0000
vn,thuat dieu,thuật điều,1.0000
vn,thuat dinh,thuật định,1.0000
vn,thuat doi,thuật đối,1.0000
vn,thuat don,thuật đơn,1.0000
vn,thuat duoc,thuật được,0.9851
vn,thuat gay,thuật gây,1.0000
vn,thuat giai,thuật giải,1.0000
vn,thuat giao,thuật giao,1.0000
vn,thuat giua,thuật giữa,1.0000
vn,thuat he,thuật hệ,1.0000
vn,thuat ho,thuật hỗ,0.9286
vn,thuat hoac,thuật hoặc,1.0000
vn,thuat ket,thuật kết,1.0000
vn,thuat khac,thuật khác,0.9500
vn,thuat khai,thuật khai,1.0000
vn,thuat khi,thuật khi,0.9500
vn,thuat kho,thuật kho,1.0000
vn,thuat khoa,thuật khoa,1.0000
vn,thuat khong,thuật không,1.0000
vn,thuat kinh,thuật kinh,1.0000
vn,thuat la,thuật là,1.0000
vn,thuat lien,thuật liên,1.0000
vn,thuat mat,thuật mật,1.0000
vn,thuat moi,thuật mới,0.9615
vn,thuat my,thuật mỹ,1.0000
vn,thuat nay,thuật này,1.0000
vn,thuat ngam,thuật ngầm,1.0000
vn,thuat nghiep,thuật nghiệp,1.0000
vn,thuat ngu,thuật ngữ,1.0000
vn,thuat nham,thuật nhằm,1.0000
vn,thuat nhan,thuật nhân,1.0000
vn,thuat nhu,thuật như,1.0000
vn,thuat phai,thuật phải,1.0000
vn,thuat phan,thuật phần,0.9091
vn,thuat phuc,thuật phục,1.0000
vn,thuat phuong,thuật phương,1.0000
vn,thuat quoc,thuật quốc,1.0000
vn,thuat quy,thuật quy,1.0000
vn,thuat so,thuật số,1.0000
vn,thuat su,thuật sử,0.9118
vn,thuat theo,thuật theo,1.0000
vn,thuat thiet,thuật thiết,1.0000
vn,thuat tieu,thuật tiêu,0.9259
vn,thuat to,thuật tổ,0.9412
vn,thuat toan,thuật toán,1.0000
vn,thuat trang,thuật trang,1.0000
vn,thuat tren,thuật trên,1.0000
vn,thuat trinh,thuật trình,1.0000
vn,thuat trong,thuật trong,0.9541
vn,thuat truyen,thuật truyền,1.0000
vn,thuat tuong,thuật tương,1.0000
vn,thuat va,thuật và,1.0000
vn,thuat van,thuật vận,1.0000
vn,thuat ve,thuật về,1.0000
vn,thuat vien,thuật viễn,0.9205
vn,thuat viet,thuật việt,0.9231
vn,thuat vinh,thuật vĩnh,0.9091
vn,thuat voi,thuật với,1.0000
vn,thuat xay,thuật xây,1.0000
vn,thuc ca,thực cá,1.0000
vn,thuc chia,thức chia,1.0000
vn,thuc chinh,thực chính,0.9857
vn,thuc chu,thực chữ,0.9887
vn,thuc chuong,thúc chương,0.9655
vn,thuc cung,thức cung,0.9508
vn,thuc cuoc,thúc cuộc,1.0000
vn,thuc dang,thức đăng,0.9600
vn,thuc dat,thức đặt,1.0000
vn,thuc di,thực di,0.9000
vn,thuc dia,thực địa,0.9016
vn,thuc doi,thức đối,0.9459
vn,thuc dong,thức đóng,0.9167
vn,thuc dot,thúc đợt,1.0000
vn,thuc ghi,thức ghi,0.9565
vn,thuc giao,thức giao,0.9074
vn,thuc giay,thực giấy,0.9677
vn,thuc gio,thức giơ,0.9091
vn,thuc gui,thức gửi,0.9500
vn,thuc hanh,thực hành,0.9057
vn,thuc hien,thực hiện,0.9992
vn,thuc internet,thức internet,1.0000
vn,thuc khac,thức khác,0.9235
vn,thuc khach,thực khách,1.0000
vn,thuc khai,thức khai,0.9722
vn,thuc khen,thức khen,1.0000
vn,thuc khoan,thức khoán,1.0000
vn,thuc khop,thức khớp,1.0000
vn,thuc lam,thức làm,0.9697
vn,thuc lap,thức lập,0.9375
vn,thuc lua,thức lựa,1.0000
vn,thuc mo,thức mở,0.9091
vn,thuc mot,thực một,0.9130
vn,thuc mua,thức mua,1.0000
vn,thuc nam,thúc năm,0.9740
vn,thuc nao,thức nào,0.9091
vn,thuc nguoi,thực người,0.9487
vn,thuc nha,thức nhà,1.0000
vn,thuc nhap,thực nhập,0.9355
vn,thuc nhiem,thúc nhiệm,0.9302
vn,thuc niem,thức niêm,0.9231
vn,thuc pha,thức phá,0.9688
vn,thuc phai,thực phải,0.9048
vn,thuc pham,thực phẩm,0.9375
vn,thuc phap,thức pháp,0.9859
vn,thuc phoi,thức phối,1.0000
vn,thuc quan,thức quản,0.9167
vn,thuc quoc,thức quốc,0.9688
vn,thuc quy,thức quy,0.9279
vn,thuc quyen,thực quyển,0.9000
vn,thuc real,thực real,1.0000
vn,thuc sau,thức sau,0.9812
vn,thuc te,thực tế,0.9990
vn,thuc thoa,thức thỏa,0.9348
vn,thuc thue,thức thuê,1.0000
vn,thuc tieu,thức tiêu,1.0000
vn,thuc tinh,thức tính,0.9455
vn,thuc toan,thực toàn,0.9286
vn,thuc tra,thức trả,0.9789
vn,thuc trang,thực trạng,0.9750
vn,thuc trao,thức trao,1.0000
vn,thuc tre,thức trẻ,1.0000
vn,thuc trinh,thức trình,1.0000
vn,thuc truc,thức trực,0.9722
vn,thuc truong,thực trường,1.0000
vn,thuc truyen,thức truyền,1.0000
vn,thuc vao,thúc vào,0.9444
vn,thuc vat,thực vật,0.9639
vn,thuc vevat,thực vềvật,1.0000
vn,thuc xac,thức xác,0.9322
vn,thuc xu,thức xử,0.9938
vn,thue 06,thuế 06,1.0000
vn,thue 12,thuế 12,1.0000
vn,thue 5,thuế 5,0.9167
vn,thue bang,thuế bằng,0.9767
vn,thue bao,thuê bao,0.9885
vn,thue ben,thuê bên,0.9833
vn,thue bieu,thuế biểu,1.0000
vn,thue cnht,thuế cnht,1.0000
vn,thue da,thuế đã,0.9580
vn,thue dat,thuê đất,0.9867
vn,thue den,thuế đến,0.9167
vn,thue dich,thuê dịch,0.9815
vn,thue dien,thuế điện,0.9975
vn,thue don,thuê đơn,1.0000
vn,thue duong,thuê đường,1.0000
vn,thue giay,thuê giấy,0.9167
vn,thue gui,thuế gửi,0.9789
vn,thue hoa,thuế hóa,0.9375
vn,thue hon,thuế hỗn,1.0000
vn,thue hop,thuê hợp,0.9167
vn,thue khoan,thuê khoán,1.0000
vn,thue lap,thuế lập,0.9750
vn,thue lien,thuê liên,1.0000
vn,thue lua,thuế lựa,0.9048
vn,thue m2,thuê m2,1.0000
vn,thue mat,thuê mặt,1.0000
vn,thue mot,thuê một,0.9643
vn,thue mua,thuê mua,0.9861
vn,thue nam,thuế năm,1.0000
vn,thue ngoai,thuê ngoài,1.0000
vn,thue nha,thuê nhà,0.9893
vn,thue nhap,thuế nhập,1.0000
vn,thue no,thuế nợ,1.0000
vn,thue noi,thuế nơi,0.9565
vn,thue phan,thuê phần,0.9375
vn,thue phap,thuế pháp,1.0000
vn,thue phat,thuế phát,1.0000
vn,thue phi,thuế phí,0.9701
vn,thue phuong,thuê phương,1.0000
vn,thue qua,thuế qua,0.9189
vn,thue quyen,thuê quyền,0.9990
vn,thue quyet,thuế quyết,0.9091
vn,thue stt,thuế stt,1.0000
vn,thue suat,thuế suất,1.0000
vn,thue tai,thuê tài,0.9066
vn,thue thay,thuế thay,1.0000
vn,thue thong,thuế thông,0.9091
vn,thue thu,thuế thu,0.9771
vn,thue tieu,thuế tiêu,0.9024
vn,thue toi,thuế tối,1.0000
vn,thue truy,thuế truy,1.0000
vn,thue tuyet,thuế tuyệt,1.0000
vn,thue ve,thuế về,0.9474
vn,thue xuat,thuế xuất,1.0000
vn,thung phieu,thùng phiếu,1.0000
vn,thunhat hoi,thứnhất hội,1.0000
vn,thuoc 61,thuộc 61,1.0000
vn,thuoc ban,thuộc ban,1.0000
vn,thuoc ben,thuộc bên,0.9231
vn,thuoc benh,thuộc bệnh,1.0000
vn,thuoc bi,thuộc bí,1.0000
vn,thuoc bo,thuộc bộ,0.9909
vn,thuoc cac,thuộc các,0.9878
vn,thuoc cap,thuộc cấp,0.9799
vn,thuoc chi,thuộc chi,1.0000
vn,thuoc chinh,thuộc chính,1.0000
vn,thuoc chuc,thuộc chức,1.0000
vn,thuoc chuong,thuộc chương,0.9962
vn,thuoc chuyen,thuộc chuyên,1.0000
vn,thuoc co,thuộc cơ,0.9157
vn,thuoc cong,thuộc công,0.9444
vn,thuoc cuc,thuộc cục,1.0000
vn,thuoc danh,thuộc danh,1.0000
vn,thuoc dat,thuộc đất,0.9355
vn,thuoc dia,thuộc địa,1.0000
vn,thuoc diem,thuộc điểm,1.0000
vn,thuoc doan,thuộc đoàn,1.0000
vn,thuoc doanh,thuộc doanh,1.0000
vn,thuoc doi,thuộc đối,0.9719
vn,thuoc don,thuộc đơn,1.0000
vn,thuoc du,thuộc dự,0.9398
vn,thuoc he,thuộc hệ,1.0000
vn,thuoc hethong,thuộc hệthống,1.0000
vn,thuoc hoa,thuốc hóa,1.0000
vn,thuoc hoac,thuộc hoặc,0.9855
vn,thuoc ket,thuộc kết,1.0000
vn,thuoc khac,thuộc khác,1.0000
vn,thuoc khoa,thước khóa,1.0000
vn,thuoc khoan,thuộc khoản,1.0000
vn,thuoc khoi,thước khối,1.0000
vn,thuoc khu,thuộc khu,1.0000
vn,thuoc linh,thuộc lĩnh,1.0000
vn,thuoc luc,thuộc lực,1.0000
vn,thuoc mang,thuộc mạng,1.0000
vn,thuoc mot,thuộc một,1.0000
vn,thuoc ngan,thuộc ngân,1.0000
vn,thuoc nganh,thuộc ngành,1.0000
vn,thuoc nguon,thuộc nguồn,1.0000
vn,thuoc nha,thuộc nhà,1.0000
vn,thuoc nhiem,thuộc nhiệm,1.0000
vn,thuoc nhom,thuộc nhóm,0.9862
vn,thuoc no,thuốc nổ,1.0000
vn,thuoc noi,thuộc nội,0.9474
vn,thuoc pham,thuộc phạm,1.0000
vn,thuoc phao,thuốc pháo,1.0000
vn,thuoc phu,thuộc phụ,1.0000
vn,thuoc quy,thuộc quy,0.9340
vn,thuoc quyen,thuộc quyền,1.0000
vn,thuoc so,thuộc sở,0.9779
vn,thuoc su,thuộc sự,1.0000
vn,thuoc tai,thuộc tài,0.9916
vn,thuoc tham,thuộc thẩm,0.9217
vn,thuoc thuc,thuộc thực,1.0000
vn,thuoc to,thuộc tổ,0.9750
vn,thuoc tong,thuộc tổng,1.0000
vn,thuoc trach,thuộc trách,1.0000
vn,thuoc trai,thuộc trại,1.0000
vn,thuoc tru,thuộc trụ,0.9286
vn,thuoc truc,thuộc trực,1.0000
vn,thuoc trung,thuộc trung,0.9995
vn,thuoc truong,thuộc trường,1.0000
vn,thuoc tw,thuộc tw,1.0000
vn,thuoc uy,thuộc ủy,0.9663
vn,thuoc va,thuộc và,0.9200
vn,thuoc van,thuộc văn,1.0000
vn,thuoc vao,thuộc vào,1.0000
vn,thuoc ve,thuộc về,1.0000
vn,thuoc vung,thuộc vùng,1.0000
vn,thuong anh,thưởng anh,0.9000
vn,thuong bang,thưởng bằng,0.9478
vn,thuong binh,thương binh,0.9940
vn,thuong buoc,thưởng bước,1.0000
vn,thuong ca,thưởng cá,1.0000
vn,thuong cach,thưởng cách,1.0000
vn,thuong chat,thưởng chất,1.0000
vn,thuong chien,thưởng chiến,1.0000
vn,thuong chinh,thưởng chính,1.0000
vn,thuong chuyen,thưởng chuyên,1.0000
vn,thuong cothi,thưởng cờthi,1.0000
vn,thuong cuthe,thưởng cụthể,1.0000
vn,thuong dat,thưởng đạt,1.0000
vn,thuong den,thưởng đến,1.0000
vn,thuong doanh,thưởng doanh,0.9474
vn,thuong doi,thưởng đối,0.9242
vn,thuong don,thưởng đơn,1.0000
vn,thuong dong,thưởng đồng,0.9706
vn,thuong dot,thưởng đột,1.0000
vn,thuong hieu,thương hiệu,0.9890
vn,thuong ho,thường hỗ,0.9231
vn,thuong huan,thưởng huân,1.0000
vn,thuong huy,thưởng huy,0.9902
vn,thuong i,thưởng i,1.0000
vn,thuong iii,thưởng iii,1.0000
vn,thuong kyniem,thưởng kỷniệm,1.0000
vn,thuong luong,thương lượng,1.0000
vn,thuong mai,thương mại,0.9978
vn,thuong mau,thưởng mẫu,1.0000
vn,thuong nganh,thưởng ngành,1.0000
vn,thuong nguoi,thưởng người,1.0000
vn,thuong nhan,thương nhân,1.0000
vn,thuong nien,thường niên,1.0000
vn,thuong phi,thưởng phí,1.0000
vn,thuong phieu,thương phiếu,1.0000
vn,thuong phuc,thưởng phúc,0.9310
vn,thuong rieng,thưởng riêng,1.0000
vn,thuong tang,thưởng tặng,1.0000
vn,thuong tap,thưởng tập,1.0000
vn,thuong thao,thương thảo,0.9804
vn,thuong thiet,thường thiệt,0.9815
vn,thuong thong,thương thông,0.9000
vn,thuong thuoc,thưởng thuộc,1.0000
vn,thuong tich,thương tích,0.9286
vn,thuong tren,thưởng trên,1.0000
vn,thuong tru,thường trú,0.9810
vn,thuong truc,thường trực,1.0000
vn,thuong truong,thưởng trường,0.9417
vn,thuong v,thưởng v,0.9730
vn,thuong viet,thương việt,1.0000
vn,thuong voi,thường với,1.0000
vn,thuong vu,thường vụ,1.0000
vn,thuong vudang,thường vụđảng,1.0000
vn,thuong x,thưởng x,1.0000
vn,thuong xi,thưởng xi,1.0000
vn,thuong xuan,thường xuân,1.0000
vn,thuong xuyen,thường xuyên,1.0000
vn,thutruong cac,thủtrưởng các,1.0000
vn,thutruong don,thủtrưởng đơn,1.0000
vn,thutuc de,thủtục đề,1.0000
vn,thutuc denghidanh,thủtục đềnghịdanh,1.0000
vn,thutuc denghiveviec,thủtục đềnghịvềviệc,1.0000
vn,thutuc don,thủtục đơn,1.0000
vn,thutuc hanh,thủtục hành,1.0000
vn,thutuc khoi,thủtục khôi,1.0000
vn,thutuc tam,thủtục tạm,1.0000
vn,thutuc tang,thủtục tặng,1.0000
vn,thutuong chinh,thủtướng chính,1.0000
vn,thuy di,thuỷ đi,1.0000
vn,thuy dien,thủy điện,0.9873
vn,thuy doan,thủy đoàn,1.0000
vn,thuy doi,thủy đội,1.0000
vn,thuy he,thủy hệ,1.0000
vn,thuy lanh,thủy lãnh,0.9000
vn,thuy loi,thủy lợi,0.9944
vn,thuy noi,thủy nội,0.9992
vn,thuy truong,thủy trưởng,1.0000
vn,thuy van,thủy văn,0.9841
vn,thuy ve,thuỷ về,1.0000
vn,thuy ven,thủy ven,1.0000
vn,thuy viet,thủy việt,0.9767
vn,thuyen va,thuyền và,1.0000
vn,thuyen vao,thuyền vào,1.0000
vn,thuyen vien,thuyền viên,1.0000
vn,thuyet minh,thuyết minh,1.0000
vn,tich an,tích an,1.0000
vn,tich ap,tích áp,1.0000
vn,tich cay,tích cây,1.0000
vn,tich cua,tích của,0.9342
vn,tich cuc,tích cực,1.0000
vn,tich dac,tích đặc,1.0000
vn,tich danh,tích đánh,0.9583
vn,tich dat,tích đất,0.9801
vn,tich denghianh,tích đềnghịanh,1.0000
vn,tich denghidanh,tích đềnghịdanh,1.0000
vn,tich denghikhen,tích đềnghịkhen,1.0000
vn,tich dien,tịch điện,0.9706
vn,tich dientich,tích dientich,1.0000
vn,tich don,tích đơn,1.0000
vn,tich dong,tích đóng,0.9833
vn,tich dot,tích đột,1.0000
vn,tich hoi,tịch hội,1.0000
vn,tich hop,tích hợp,1.0000
vn,tich i,tích i,0.9000
vn,tich ket,tích kết,1.0000
vn,tich khen,tích khen,1.0000
vn,tich khoanh,tích khoanh,1.0000
vn,tich khoi,tích khối,1.0000
vn,tich khong,tích không,0.9000
vn,tich khu,tích khu,1.0000
vn,tich kiem,tích kiểm,0.9412
vn,tich la,tịch là,1.0000
vn,tich lam,tích làm,1.0000
vn,tich lap,tích lập,1.0000
vn,tich lich,tích lịch,1.0000
vn,tich luu,tích lưu,1.0000
vn,tich nay,tịch này,0.9911
vn,tich nghe,tịch nghề,1.0000
vn,tich nguoi,tích người,1.0000
vn,tich nguyen,tích nguyên,1.0000
vn,tich nha,tích nhà,0.9518
vn,tich nuoc,tịch nước,1.0000
vn,tich nuoi,tích nuôi,1.0000
vn,tich pho,tịch phó,1.0000
vn,tich phuc,tích phục,1.0000
vn,tich tang,tích tăng,1.0000
vn,tich thanh,tịch thành,1.0000
vn,tich thiet,tích thiết,1.0000
vn,tich thong,tích thông,1.0000
vn,tich thu,tịch thu,0.9916
vn,tich thua,tích thửa,1.0000
vn,tich thuong,tịch thường,1.0000
vn,tich tinh,tích tình,0.9091
vn,tich toan,tích toàn,1.0000
vn,tich ton,tích tổn,1.0000
vn,tich tong,tích tổng,0.9779
vn,tich truoc,tích trước,1.0000
vn,tich ubnd,tịch ubnd,1.0000
vn,tich uy,tịch ủy,0.9376
vn,tich viet,tịch việt,1.0000
vn,tich vuot,tích vượt,1.0000
vn,tich xac,tích xác,1.0000
vn,tich xay,tích xây,1.0000
vn,tich xi,tích xi,1.0000
vn,tich xu,tích xử,0.9474
vn,tich xuat,tích xuất,0.9958
vn,tiem an,tiềm ẩn,1.0000
vn,tiem nang,tiềm năng,1.0000
vn,tien ap,tiền áp,0.9412
vn,tien ban,tiền bán,0.9073
vn,tien bang,tiền bằng,1.0000
vn,tien ben,tiền bên,0.9875
vn,tien boi,tiền bồi,0.9898
vn,tien bokhoa,tiến bộkhoa,1.0000
vn,tien bu,tiền bù,1.0000
vn,tien cao,tiền cao,0.9545
vn,tien cap,tiền cấp,0.9712
vn,tien cham,tiền chậm,0.9965
vn,tien chat,tiền chất,1.0000
vn,tien chenh,tiền chênh,1.0000
vn,tien con,tiền còn,0.9438
vn,tien da,tiền đã,0.9118
vn,tien dat,tiền đặt,0.9863
vn,tien den,tiền đến,0.9894
vn,tien di,tiền di,0.9430
vn,tien dich,tiền dịch,0.9394
vn,tien dieu,tiền điều,1.0000
vn,tien doanh,tiền doanh,0.9091
vn,tien doi,tiền đối,0.9685
vn,tien dung,tiến dũng,0.9572
vn,tien gap,tiền gấp,1.0000
vn,tien ghi,tiền ghi,1.0000
vn,tien giang,tiền giang,1.0000
vn,tien giay,tiền giấy,1.0000
vn,tien giua,tiền giữa,1.0000
vn,tien gui,tiền gửi,0.9882
vn,tien hanh,tiến hành,0.9956
vn,tien hoan,tiền hoàn,0.9091
vn,tien ich,tiện ích,1.0000
vn,tien in,tiền in,1.0000
vn,tien ke,tiên kể,0.9286
vn,tien kha,tiền khả,1.0000
vn,tien khach,tiền khách,0.9474
vn,tien khong,tiền không,0.9438
vn,tien kim,tiền kim,1.0000
vn,tien kythuat,tiến kỹthuật,1.0000
vn,tien lai,tiền lãi,1.0000
vn,tien lam,tiện làm,0.9310
vn,tien loai,tiền loại,0.9375
vn,tien luong,tiền lương,0.9859
vn,tien mang,tiện mang,0.9091
vn,tien mat,tiền mặt,0.9984
vn,tien mau,tiền mẫu,0.9200
vn,tien mot,tiền một,1.0000
vn,tien mua,tiền mua,0.9965
vn,tien muc,tiền mức,0.9394
vn,tien nay,tiền này,0.9545
vn,tien ngan,tiền ngân,0.9688
vn,tien nghe,tiện nghề,1.0000
vn,tien nham,tiền nhằm,0.9524
vn,tien nhan,tiền nhận,0.9326
vn,tien nhat,tiền nhất,0.9444
vn,tien noi,tiền nội,0.9615
vn,tien nop,tiền nộp,0.9592
vn,tien nuoc,tiền nước,1.0000
vn,tien phap,tiền pháp,1.0000
vn,tien phi,tiền phí,0.9750
vn,tien phong,tiền phòng,0.9655
vn,tien ra,tiền ra,0.9444
vn,tien rut,tiền rút,1.0000
vn,tien si,tiến sĩ,1.0000
vn,tien su,tiền sử,0.9089
vn,tien sy,tiến sỹ,1.0000
vn,tien te,tiền tệ,1.0000
vn,tien thap,tiền thấp,1.0000
vn,tien thi,tiền thì,0.9000
vn,tien thiet,tiện thiết,0.9966
vn,tien thoi,tiền thời,0.9333
vn,tien thu,tiền thu,0.9843
vn,tien thua,tiền thừa,1.0000
vn,tien thuy,tiện thủy,1.0000
vn,tien to,tiền tổ,0.9615
vn,tien tra,tiền trả,1.0000
vn,tien tren,tiền trên,0.9057
vn,tien trich,tiền trích,1.0000
vn,tien truong,tiền trường,1.0000
vn,tien truyen,tiện truyền,0.9286
vn,tien tu,tiền từ,0.9865
vn,tien tuong,tiền tương,0.9803
vn,tien van,tiện vận,1.0000
vn,tien vao,tiền vào,0.9816
vn,tien vay,tiền vay,0.9873
vn,tien vi,tiện vi,0.9958
vn,tien viet,tiền việt,0.9821
vn,tien von,tiền vốn,1.0000
vn,tien xet,tiên xét,1.0000
vn,tieng anh,tiếng anh,0.9920
vn,tieng dan,tiếng dân,0.9714
vn,tieng noi,tiếng nói,1.0000
vn,tieng nuoc,tiếng nước,1.0000
vn,tieng viet,tiếng việt,0.9882
vn,tiep 1,tiếp 1,1.0000
vn,tiep 2,tiếp 2,1.0000
vn,tiep 3,tiếp 3,1.0000
vn,tiep 4,tiếp 4,1.0000
vn,tiep 5,tiếp 5,1.0000
vn,tiep 6,tiếp 6,1.0000
vn,tiep 7,tiếp 7,1.0000
vn,tiep a,tiếp a,1.0000
vn,tiep b,tiếp b,1.0000
vn,tiep bang,tiếp bằng,1.0000
vn,tiep biet,tiếp biết,1.0000
vn,tiep c,tiếp c,1.0000
vn,tiep cac,tiếp các,1.0000
vn,tiep can,tiếp cận,0.9433
vn,tiep cau,tiếp cấu,1.0000
vn,tiep cho,tiếp cho,1.0000
vn,tiep chu,tiếp chủ,1.0000
vn,tiep chuyen,tiếp chuyển,1.0000
vn,tiep cong,tiếp công,1.0000
vn,tiep cua,tiếp của,1.0000
vn,tiep cung,tiếp cung,1.0000
vn,tiep den,tiếp đến,1.0000
vn,tiep denghi,tiếp đềnghị,1.0000
vn,tiep dieu,tiếp điều,1.0000
vn,tiep doi,tiếp đối,1.0000
vn,tiep duoc,tiếp được,1.0000
vn,tiep gay,tiếp gây,1.0000
vn,tiep giap,tiếp giáp,1.0000
vn,tiep giua,tiếp giữa,1.0000
vn,tiep gui,tiếp gửi,1.0000
vn,tiep he,tiếp hệ,1.0000
vn,tiep hoac,tiếp hoặc,1.0000
vn,tiep khac,tiếp khác,0.9000
vn,tiep khach,tiếp khách,1.0000
vn,tiep la,tiếp là,1.0000
vn,tiep lam,tiếp làm,1.0000
vn,tiep neu,tiếp nếu,1.0000
vn,tiep nghi,tiếp nghị,1.0000
vn,tiep nguoi,tiếp người,1.0000
vn,tiep nhan,tiếp nhận,1.0000
vn,tiep nop,tiếp nộp,1.0000
vn,tiep nuoc,tiếp nước,1.0000
vn,tiep phuc,tiếp phục,1.0000
vn,tiep quan,tiếp quản,0.9937
vn,tiep quy,tiếp quy,1.0000
vn,tiep quyet,tiếp quyết,1.0000
vn,tiep ra,tiếp ra,1.0000
vn,tiep sau,tiếp sau,1.0000
vn,tiep su,tiếp sử,1.0000
vn,tiep tai,tiếp tại,0.9378
vn,tiep tham,tiếp tham,0.9167
vn,tiep theo,tiếp theo,1.0000
vn,tiep thiet,tiếp thiết,0.9744
vn,tiep thong,tiếp thông,0.9630
vn,tiep thu,tiếp thu,0.9324
vn,tiep thuc,tiếp thực,1.0000
vn,tiep tiep,tiếp tiếp,1.0000
vn,tiep to,tiếp tổ,1.0000
vn,tiep tren,tiếp trên,1.0000
vn,tiep trong,tiếp trong,1.0000
vn,tiep truc,tiếp trực,1.0000
vn,tiep tu,tiếp từ,0.9836
vn,tiep tuc,tiếp tục,0.9990
vn,tiep va,tiếp và,1.0000
vn,tiep vao,tiếp vào,1.0000
vn,tiep viec,tiếp việc,1.0000
vn,tiep voi,tiếp với,1.0000
vn,tiep xuc,tiếp xúc,1.0000
vn,tiet 3,tiết 3,1.0000
vn,tiet b,tiết b,1.0000
vn,tiet binh,tiết bình,1.0000
vn,tiet cac,tiết các,1.0000
vn,tiet cap,tiết cấp,1.0000
vn,tiet cho,tiết cho,1.0000
vn,tiet cua,tiết của,1.0000
vn,tiet day,tiết đầy,1.0000
vn,tiet diem,tiết điểm,1.0000
vn,tiet dieu,tiết điều,1.0000
vn,tiet doi,tiết đối,1.0000
vn,tiet duoc,tiết được,1.0000
vn,tiet giam,tiết giảm,1.0000
vn,tiet gom,tiết gồm,1.0000
vn,tiet hoac,tiết hoặc,1.0000
vn,tiet khoan,tiết khoản,1.0000
vn,tiet kiem,tiết kiệm,1.0000
vn,tiet lien,tiết liên,1.0000
vn,tiet lo,tiết lộ,1.0000
vn,tiet luat,tiết luật,1.0000
vn,tiet mot,tiết một,1.0000
vn,tiet muc,tiết mức,1.0000
vn,tiet nhu,tiết như,1.0000
vn,tiet noi,tiết nội,1.0000
vn,tiet phuc,tiết phức,1.0000
vn,tiet quy,tiết quy,1.0000
vn,tiet so,tiết số,1.0000
vn,tiet tai,tiết tại,0.9857
vn,tiet tang,tiết tăng,1.0000
vn,tiet thanh,tiết thanh,0.9677
vn,tiet theo,tiết theo,1.0000
vn,tiet thi,tiết thi,0.9603
vn,tiet thuc,tiết thực,1.0000
vn,tiet trong,tiết trong,0.9615
vn,tiet tung,tiết từng,1.0000
vn,tiet ty,tiết tỷ,1.0000
vn,tiet ung,tiết ứng,0.9091
vn,tiet va,tiết và,1.0000
vn,tiet ve,tiết về,1.0000
vn,tiet viec,tiết việc,1.0000
vn,tiet xac,tiết xác,1.0000
vn,tieu an,tiêu an,1.0000
vn,tieu bieu,tiêu biểu,1.0000
vn,tieu chat,tiêu chất,1.0000
vn,tieu chi,tiêu chí,0.9952
vn,tieu chinh,tiêu chính,1.0000
vn,tieu cho,tiêu cho,1.0000
vn,tieu chuan,tiêu chuẩn,1.0000
vn,tieu cpi,tiêu cpi,1.0000
vn,tieu cua,tiêu của,1.0000
vn,tieu cuc,tiêu cực,1.0000
vn,tieu da,tiêu đã,1.0000
vn,tieu dan,tiêu dân,0.9231
vn,tieu danh,tiêu đánh,1.0000
vn,tieu de,tiêu đề,1.0000
vn,tieu diem,tiểu điểm,1.0000
vn,tieu dinh,tiêu định,1.0000
vn,tieu doan,tiểu đoàn,1.0000
vn,tieu doanh,tiêu doanh,1.0000
vn,tieu doi,tiêu đối,1.0000
vn,tieu du,tiêu dự,0.9000
vn,tieu dung,tiêu dùng,0.9978
vn,tieu duoc,tiêu được,1.0000
vn,tieu hao,tiêu hao,1.0000
vn,tieu hoat,tiêu hoạt,1.0000
vn,tieu huy,tiêu hủy,0.9538
vn,tieu ke,tiêu kế,1.0000
vn,tieu kiem,tiêu kiểm,1.0000
vn,tieu kinh,tiêu kinh,1.0000
vn,tieu loi,tiêu lợi,1.0000
vn,tieu muc,tiểu mục,0.9298
vn,tieu ngan,tiêu ngân,1.0000
vn,tieu nghien,tiêu nghiên,1.0000
vn,tieu ngu,tiêu ngữ,1.0000
vn,tieu nhiem,tiêu nhiệm,1.0000
vn,tieu noi,tiêu nội,1.0000
vn,tieu pham,tiêu phạm,0.9091
vn,tieu phat,tiêu phát,1.0000
vn,tieu quoc,tiêu quốc,1.0000
vn,tieu quy,tiêu quy,0.9500
vn,tieu san,tiêu sản,1.0000
vn,tieu so,tiêu số,1.0000
vn,tieu theo,tiêu theo,1.0000
vn,tieu thong,tiêu thông,0.9565
vn,tieu trong,tiêu trong,1.0000
vn,tieu tu,tiêu từ,1.0000
vn,tieu va,tiêu và,1.0000
vn,tieu ve,tiêu về,1.0000
vn,tim cach,tìm cách,1.0000
vn,tim chu,tìm chủ,1.0000
vn,tim duong,tim đường,1.0000
vn,tim hieu,tìm hiểu,1.0000
vn,tim kiem,tìm kiếm,1.0000
vn,tim thay,tìm thấy,1.0000
vn,tim va,tìm và,1.0000
vn,tin anh,tin ảnh,1.0000
vn,tin bai,tin bài,1.0000
vn,tin bang,tin bằng,0.9412
vn,tin bia,tin bịa,1.0000
vn,tin ca,tin cá,0.9974
vn,tin cac,tin các,1.0000
vn,tin canh,tin cảnh,1.0000
vn,tin cay,tin cậy,1.0000
vn,tin chinh,tin chính,0.9701
vn,tin chu,tin chủ,0.9595
vn,tin cong,tin công,0.9750
vn,tin cua,tin của,0.9625
vn,tin cuc,tin cục,1.0000
vn,tin da,tin đã,0.9935
vn,tin dac,tin đặc,1.0000
vn,tin dai,tin đại,1.0000
vn,tin dam,tin đảm,0.9286
vn,tin dan,tin dân,0.9483
vn,tin dap,tin đáp,1.0000
vn,tin dat,tin đất,0.9048
vn,tin day,tin đầy,0.9643
vn,tin den,tin đến,1.0000
vn,tin dia,tin địa,1.0000
vn,tin dich,tin dịch,1.0000
vn,tin dien,tin điện,0.9979
vn,tin dieu,tin điều,1.0000
vn,tin dinh,tin định,0.9028
vn,tin doi,tin đối,0.9813
vn,tin don,tin đơn,0.9756
vn,tin du,tin dữ,0.9616
vn,tin dung,tín dụng,0.9930
vn,tin duoc,tin được,0.9973
vn,tin duoi,tin dưới,1.0000
vn,tin giai,tin giải,0.9931
vn,tin giam,tin giám,0.9474
vn,tin giay,tin giấy,1.0000
vn,tin gioi,tin giới,1.0000
vn,tin giua,tin giữa,1.0000
vn,tin goc,tin gốc,1.0000
vn,tin gom,tin gồm,1.0000
vn,tin gop,tin góp,1.0000
vn,tin gui,tin gửi,1.0000
vn,tin hach,tin hạch,1.0000
vn,tin hang,tin hạng,0.9161
vn,tin he,tin hệ,1.0000
vn,tin hieu,tín hiệu,0.9892
vn,tin hoac,tin hoặc,0.9780
vn,tin hoc,tin học,1.0000
vn,tin ket,tin kết,1.0000
vn,tin khac,tin khác,1.0000
vn,tin khach,tin khách,0.9978
vn,tin khong,tin không,1.0000
vn,tin kiem,tin kiểm,1.0000
vn,tin kieu,tin kiểu,1.0000
vn,tin kip,tin kịp,1.0000
vn,tin la,tin là,1.0000
vn,tin lam,tin làm,1.0000
vn,tin lich,tin lịch,1.0000
vn,tin lien,tin liên,0.9895
vn,tin loai,tin loại,1.0000
vn,tin luu,tin lưu,1.0000
vn,tin mang,tin mạng,0.9936
vn,tin mcdt,tin mcđt,1.0000
vn,tin moi,tin mới,0.9167
vn,tin mot,tin một,1.0000
vn,tin muc,tin mức,1.0000
vn,tin nao,tin nào,1.0000
vn,tin nay,tin này,1.0000
vn,tin ngan,tin ngân,0.9722
vn,tin nghiep,tin nghiệp,1.0000
vn,tin nguoi,tin người,1.0000
vn,tin nguong,tín ngưỡng,1.0000
vn,tin nha,tin nhà,1.0000
vn,tin nham,tin nhằm,1.0000
vn,tin nhay,tin nhạy,1.0000
vn,tin nhiem,tín nhiệm,0.9767
vn,tin nop,tin nộp,1.0000
vn,tin phai,tin phải,1.0000
vn,tin phien,tin phiên,1.0000
vn,tin phieu,tín phiếu,0.9556
vn,tin phoi,tin phối,1.0000
vn,tin phu,tin phù,1.0000
vn,tin phuc,tin phục,0.9964
vn,tin phuong,tin phương,1.0000
vn,tin quoc,tin quốc,0.9896
vn,tin rieng,tin riêng,1.0000
vn,tin rui,tin rủi,1.0000
vn,tin sieu,tin siêu,1.0000
vn,tin tam,tin tạm,1.0000
vn,tin tao,tin tạo,1.0000
vn,tin tap,tin tập,1.0000
vn,tin ten,tin tên,1.0000
vn,tin the,tin thẻ,0.9135
vn,tin thiet,tin thiết,1.0000
vn,tin thoi,tin thời,1.0000
vn,tin thua,tin thửa,1.0000
vn,tin thuc,tin thực,1.0000
vn,tin thue,tin thuê,0.9937
vn,tin thuoc,tin thuộc,0.9949
vn,tin thutruong,tin thủtrưởng,1.0000
vn,tin tich,tin tích,1.0000
vn,tin tieng,tin tiếng,1.0000
vn,tin tiep,tin tiếp,1.0000
vn,tin tieu,tin tiêu,1.0000
vn,tin tin,tin tín,0.9949
vn,tin to,tin tổ,0.9840
vn,tin tong,tin tổng,1.0000
vn,tin trai,tin trái,0.9048
vn,tin tren,tin trên,0.9959
vn,tin trinh,tin trình,1.0000
vn,tin truc,tin trực,1.0000
vn,tin truoc,tin trước,0.9697
vn,tin truong,tin trường,1.0000
vn,tin truyen,tin truyền,1.0000
vn,tin tuc,tin tức,1.0000
vn,tin tuyen,tin tuyên,1.0000
vn,tin ung,tin ứng,1.0000
vn,tin va,tin và,0.9970
vn,tin vao,tin vào,1.0000
vn,tin ve,tin về,0.9973
vn,tin viet,tin việt,0.9375
vn,tin vo,tin vô,1.0000
vn,tin voi,tin với,1.0000
vn,tin xac,tin xác,1.0000
vn,tin xay,tin xây,0.9048
vn,tin xu,tin xử,0.9474
vn,tin yeu,tin yêu,0.9375
vn,tinh 22,tỉnh 22,1.0000
vn,tinh a,tỉnh a,1.0000
vn,tinh an,tính an,0.9608
vn,tinh bien,tỉnh biên,1.0000
vn,tinh binh,tỉnh bình,0.9231
vn,tinh bodulieutinhid,tỉnh bodulieutinhid,1.0000
vn,tinh cac,tỉnh các,0.9143
vn,tinh chat,tính chất,1.0000
vn,tinh chinh,tính chính,0.9975
vn,tinh chiu,tỉnh chịu,1.0000
vn,tinh chua,tỉnh chưa,1.0000
vn,tinh cuc,tỉnh cục,1.0000
vn,tinh da,tỉnh đã,0.9474
vn,tinh dac,tính đặc,1.0000
vn,tinh dat,tính đất,0.9773
vn,tinh day,tính đầy,1.0000
vn,tinh den,tính đến,0.9858
vn,tinh diem,tính điểm,1.0000
vn,tinh dien,tính điện,0.9058
vn,tinh doc,tính độc,0.9800
vn,tinh doi,tỉnh đối,0.9274
vn,tinh duc,tình dục,1.0000
vn,tinh duy,tính duy,0.9412
vn,tinh giam,tỉnh giám,1.0000
vn,tinh giao,tỉnh giao,0.9423
vn,tinh gom,tỉnh gồm,1.0000
vn,tinh gui,tỉnh gửi,1.0000
vn,tinh ha,tỉnh hà,0.9091
vn,tinh hai,tỉnh hải,0.9444
vn,tinh hao,tính hao,1.0000
vn,tinh he,tính hệ,0.9231
vn,tinh hien,tính hiển,1.0000
vn,tinh hieu,tính hiệu,0.9804
vn,tinh hinh,tình hình,0.9987
vn,tinh hop,tính hợp,0.9972
vn,tinh huong,tình huống,0.9506
vn,tinh huu,tính hữu,0.9167
vn,tinh huyen,tỉnh huyện,1.0000
vn,tinh ii,tỉnh ii,0.9750
vn,tinh iii,tỉnh iii,1.0000
vn,tinh kha,tính khả,1.0000
vn,tinh khach,tính khách,1.0000
vn,tinh khanh,tỉnh khánh,1.0000
vn,tinh khau,tính khấu,0.9231
vn,tinh kieu,tinh kiểu,0.9500
vn,tinh kip,tính kịp,0.9524
vn,tinh ky,tính kỹ,0.9298
vn,tinh lap,tỉnh lập,1.0000
vn,tinh len,tỉnh lên,1.0000
vn,tinh luyen,tinh luyện,1.0000
vn,tinh madvhctinh,tỉnh madvhctinh,1.0000
vn,tinh mang,tính mạng,0.9439
vn,tinh mien,tỉnh miền,1.0000
vn,tinh minh,tính minh,1.0000
vn,tinh muc,tính mức,0.9000
vn,tinh nang,tính năng,0.9933
vn,tinh nay,tính này,0.9231
vn,tinh nghe,tỉnh nghệ,0.9643
vn,tinh ngoai,tính ngoại,1.0000
vn,tinh noi,tỉnh nơi,0.9602
vn,tinh on,tính ổn,1.0000
vn,tinh phan,tỉnh phân,0.9035
vn,tinh phap,tính pháp,1.0000
vn,tinh phat,tỉnh phát,0.9545
vn,tinh phe,tỉnh phê,1.0000
vn,tinh pho,tính phổ,1.0000
vn,tinh quyet,tỉnh quyết,0.9713
vn,tinh san,tính sẵn,0.9000
vn,tinh sang,tỉnh sang,0.9310
vn,tinh sau,tỉnh sau,0.9744
vn,tinh son,tỉnh sơn,1.0000
vn,tinh ten,tỉnh tên,1.0000
vn,tinh than,tinh thần,1.0000
vn,tinh thich,tính thích,1.0000
vn,tinh thoi,tính thời,0.9828
vn,tinh thuc,tỉnh thực,0.9829
vn,tinh thue,tính thuế,0.9608
vn,tinh tien,tính tiền,0.9680
vn,tinh tiet,tình tiết,1.0000
vn,tinh to,tỉnh tổ,0.9412
vn,tinh tochuc,tỉnh tổchức,1.0000
vn,tinh tong,tỉnh tổng,0.9600
vn,tinh trang,tình trạng,0.9925
vn,tinh tren,tính trên,0.9731
vn,tinh trinh,tỉnh trình,1.0000
vn,tinh tu,tính từ,0.9732
vn,tinh tukhi,tính từkhi,1.0000
vn,tinh tuong,tính tương,1.0000
vn,tinh ty,tính tỷ,0.9333
vn,tinh uy,tỉnh ủy,0.9869
vn,tinh vao,tính vào,0.9795
vn,tinh ve,tỉnh về,0.9194
vn,tinh vinh,tỉnh vĩnh,1.0000
vn,tinh xac,tính xác,0.9221
vn,tinh xach,tính xách,1.0000
vn,tinh xay,tỉnh xây,1.0000
vn,tinh xem,tỉnh xem,1.0000
vn,tm chinh,tm chính,1.0000
vn,tncns03 don,tncns03 đơn,1.0000
vn,tncns06 don,tncns06 đơn,1.0000
vn,tncns08 don,tncns08 đơn,1.0000
vn,tncns11 bao,tncns11 báo,1.0000
vn,to b,tô b,1.0000
vn,to bay,tổ bay,1.0000
vn,to bi,tố bị,1.0000
vn,to cao,tố cáo,0.9968
vn,to cau,tố cấu,1.0000
vn,to chay,tô chạy,1.0000
vn,to chuc,tổ chức,0.9990
vn,to chung,tờ chứng,0.9950
vn,to chuong,tô chương,1.0000
vn,to co,tờ có,0.9205
vn,to dac,tố đặc,1.0000
vn,to dan,tổ dân,0.9286
vn,to den,tô đến,0.9474
vn,to dieu,tố điều,0.9412
vn,to giac,tố giác,1.0000
vn,to giup,tổ giúp,1.0000
vn,to hinh,tố hình,1.0000
vn,to hybrid,tô hybrid,1.0000
vn,to khai,tờ khai,1.0000
vn,to lien,tờ liên,0.9647
vn,to lon,to lớn,1.0000
vn,to may,tổ máy,0.9083
vn,to nghiep,tổ nghiệp,1.0000
vn,to nhap,tô nhập,1.0000
vn,to nhu,tờ như,0.9231
vn,to phap,tờ pháp,0.9412
vn,to phuc,tô phục,0.9815
vn,to quan,tổ quản,0.9949
vn,to quoc,tổ quốc,1.0000
vn,to san,tô sản,1.0000
vn,to sec,tờ séc,0.9851
vn,to sinh,tố sinh,1.0000
vn,to tham,tổ thẩm,1.0000
vn,to thay,tờ thay,0.9412
vn,to tiet,tổ tiết,1.0000
vn,to toi,tố tội,1.0000
vn,to trich,tờ trích,1.0000
vn,to trinh,tờ trình,1.0000
vn,to truong,tổ trưởng,0.9145
vn,to tung,tố tụng,0.9983
vn,to tuy,tờ tùy,0.9378
vn,to van,tờ văn,1.0000
vn,to ve,tờ về,0.9268
vn,to vu,tố vụ,1.0000
vn,to xe,tô xe,1.0000
vn,to xet,tố xét,0.9714
vn,to xuat,tờ xuất,0.9024
vn,toa dam,tọa đàm,1.0000
vn,toa nha,tòa nhà,0.9608
vn,toa niem,tỏa niêm,1.0000
vn,toadox so,toadox số,1.0000
vn,toadoy so,toadoy số,1.0000
vn,toan 01,toán 01,1.0000
vn,toan 1,toán 1,0.9289
vn,toan 104,toán 104,1.0000
vn,toan 2,toán 2,0.9261
vn,toan 5,toán 5,0.9412
vn,toan 6,toán 6,0.9412
vn,toan 7,toán 7,0.9545
vn,toan 9,toán 9,0.9091
vn,toan a,toán a,0.9298
vn,toan aes,toán aes,1.0000
vn,toan ap,toán áp,1.0000
vn,toan bam,toán băm,1.0000
vn,toan bang,toán bằng,0.9691
vn,toan biet,toán biết,1.0000
vn,toan bo,toàn bộ,0.9523
vn,toan boi,toán bởi,0.9286
vn,toan btdt,toán btđt,1.0000
vn,toan bu,toán bù,1.0000
vn,toan buc,toàn bức,1.0000
vn,toan cao,toàn cao,1.0000
vn,toan cap,toán cấp,0.9905
vn,toan cau,toàn cầu,1.0000
vn,toan chap,toán chấp,1.0000
vn,toan chi,toán chi,0.9742
vn,toan chua,toán chưa,1.0000
vn,toan chuyen,toán chuyển,0.9841
vn,toan con,toán còn,1.0000
vn,toan cua,toán của,0.9465
vn,toan cuc,toán cục,1.0000
vn,toan cuu,toàn cứu,1.0000
vn,toan da,toán đã,0.9810
vn,toan dan,toàn dân,0.9972
vn,toan dap,toàn đập,0.9167
vn,toan dat,toán đặt,0.9048
vn,toan dau,toán đầu,0.9167
vn,toan day,toán đầy,0.9922
vn,toan den,toán đến,0.9143
vn,toan di,toán đi,0.9630
vn,toan dieu,toán điều,1.0000
vn,toan doc,toán độc,1.0000
vn,toan dot,toán đột,1.0000
vn,toan dsa,toán dsa,0.9474
vn,toan duoc,toán được,0.9183
vn,toan duoi,toán dưới,1.0000
vn,toan duong,toàn đường,1.0000
vn,toan ffdh,toán ffdh,1.0000
vn,toan ghi,toán ghi,0.9500
vn,toan gia,toán giá,0.9716
vn,toan giam,toán giảm,0.9492
vn,toan giua,toán giữa,0.9815
vn,toan goi,toán gói,0.9118
vn,toan gom,toán gồm,1.0000
vn,toan gost,toán gost,1.0000
vn,toan gui,toán gửi,1.0000
vn,toan han,toán hạn,0.9048
vn,toan he,toàn hệ,0.9690
vn,toan het,toán hết,0.9545
vn,toan hien,toán hiện,1.0000
vn,toan hieu,toàn hiệu,0.9231
vn,toan hoac,toán hoặc,0.9267
vn,toan hoan,toán hoàn,1.0000
vn,toan hoc,toán học,1.0000
vn,toan hop,toán hợp,0.9831
vn,toan i,toán i,1.0000
vn,toan it,toán ít,0.9286
vn,toan kem,toán kèm,1.0000
vn,toan ket,toán kết,1.0000
vn,toan khach,toán khách,1.0000
vn,toan khoan,toán khoản,1.0000
vn,toan khong,toán không,0.9433
vn,toan khu,toàn khu,1.0000
vn,toan kich,toán kích,1.0000
vn,toan kiem,toán kiểm,0.9626
vn,toan kien,toán kiến,1.0000
vn,toan kinh,toán kinh,0.9989
vn,toan kip,toán kịp,1.0000
vn,toan kuznyechik,toán kuznyechik,1.0000
vn,toan la,toán là,0.9685
vn,toan lao,toàn lao,1.0000
vn,toan lap,toán lập,0.9545
vn,toan lenh,toán lệnh,1.0000
vn,toan lo,toán lô,1.0000
vn,toan ly,toán lý,1.0000
vn,toan mang,toàn mạng,1.0000
vn,toan mkv,toán mkv,0.9714
vn,toan mot,toán một,1.0000
vn,toan mua,toán mua,1.0000
vn,toan nam,toán năm,1.0000
vn,toan nay,toán này,1.0000
vn,toan neu,toán nếu,0.9459
vn,toan ngan,toán ngân,0.9921
vn,toan nghia,toán nghĩa,1.0000
vn,toan ngoai,toán ngoại,0.9302
vn,toan nguoi,toán người,1.0000
vn,toan nguon,toán nguồn,0.9091
vn,toan nha,toán nhà,1.0000
vn,toan no,toán nợ,0.9954
vn,toan noi,toán nội,0.9756
vn,toan o,toán ở,1.0000
vn,toan on,toàn ổn,0.9048
vn,toan phap,toán pháp,1.0000
vn,toan phi,toán phí,1.0000
vn,toan phoi,toán phối,0.9231
vn,toan phong,toàn phòng,1.0000
vn,toan qua,toán qua,0.9615
vn,toan quo,toàn quố,1.0000
vn,toan quyet,toán quyết,1.0000
vn,toan ra,toán ra,0.9231
vn,toan rieng,toán riêng,1.0000
vn,toan rong,toán ròng,1.0000
vn,toan rsa,toán rsa,1.0000
vn,toan sai,toán sai,1.0000
vn,toan sec,toán séc,1.0000
vn,toan song,toán song,1.0000
vn,toan tac,toán tác,1.0000
vn,toan tam,toán tạm,1.0000
vn,toan tang,toán tăng,1.0000
vn,toan tap,toán tập,1.0000
vn,toan tdea,toán tdea,1.0000
vn,toan theo,toán theo,0.9254
vn,toan thi,toán thì,0.9327
vn,toan thich,toán thích,1.0000
vn,toan thieu,toán thiếu,1.0000
vn,toan thong,toàn thông,0.9314
vn,toan thuat,toàn thuật,1.0000
vn,toan thuc,toán thực,0.9266
vn,toan thue,toán thuế,1.0000
vn,toan tien,toán tiền,0.9329
vn,toan to,toán tổ,0.9339
vn,toan toi,toán tối,0.9062
vn,toan tong,toán tổng,0.9841
vn,toan trach,toàn trách,0.9000
vn,toan trai,toán trái,0.9231
vn,toan trich,toán trích,1.0000
vn,toan tru,toán trừ,0.9677
vn,toan truc,toán trực,1.0000
vn,toan trung,toán trung,1.0000
vn,toan tung,toán từng,1.0000
vn,toan uy,toán ủy,0.9608
vn,toan vao,toán vào,0.9861
vn,toan ven,toàn vẹn,0.9886
vn,toan venguoi,toàn vềngười,1.0000
vn,toan viec,toán việc,0.9821
vn,toan vien,toán viên,1.0000
vn,toan voi,toán với,0.9756
vn,toan vu,toán vụ,1.0000
vn,toan vuot,toán vượt,1.0000
vn,toan xa,toàn xã,1.0000
vn,toan xay,toán xây,0.9545
vn,toan xe,toàn xe,1.0000
vn,toc cung,tộc cùng,1.0000
vn,toc danh,tộc danh,1.0000
vn,toc do,tốc độ,0.9206
vn,toc ii,tộc ii,1.0000
vn,toc noi,tộc nội,0.9875
vn,toc thieu,tộc thiểu,1.0000
vn,toc ton,tộc tôn,1.0000
vn,toc va,tộc và,1.0000
vn,toc viet,tộc việt,0.9500
vn,tocao thuoc,tốcáo thuộc,1.0000
vn,tochuc co,tổchức có,1.0000
vn,tochuc dang,tổchức đảng,1.0000
vn,tochuc nuoc,tổchức nước,1.0000
vn,tochuc phi,tổchức phi,1.0000
vn,tochuc quan,tổchức quản,1.0000
vn,tochuc quoc,tổchức quốc,1.0000
vn,tochuc tai,tổchức tài,1.0000
vn,tochuc thuc,tổchức thực,1.0000
vn,tochuc thuoc,tổchức thuộc,1.0000
vn,tochuc tin,tổchức tín,1.0000
vn,tochuc tot,tổchức tốt,1.0000
vn,toi 2,tôi 2,0.9535
vn,toi ac,tội ác,1.0000
vn,toi bo,tới bộ,1.0000
vn,toi buoc,tối buộc,1.0000
vn,toi cac,tới các,0.9863
vn,toi cam,tôi cam,1.0000
vn,toi cao,tối cao,1.0000
vn,toi chu,tới chủ,1.0000
vn,toi chua,tội chứa,1.0000
vn,toi da,tối đa,0.9876
vn,toi danh,tội danh,0.9643
vn,toi dia,tới địa,0.9167
vn,toi doc,tội đọc,1.0000
vn,toi du,tới dữ,1.0000
vn,toi duoc,tội được,0.9048
vn,toi he,tới hệ,1.0000
vn,toi hoac,tội hoặc,1.0000
vn,toi khac,tội khác,1.0000
vn,toi kiem,tối kiểm,1.0000
vn,toi lua,tội lừa,1.0000
vn,toi ma,tội mà,0.9545
vn,toi mat,tối mật,1.0000
vn,toi nang,tội nặng,1.0000
vn,toi ngan,tới ngân,1.0000
vn,toi nghiem,tội nghiêm,1.0000
vn,toi pham,tội phạm,1.0000
vn,toi quy,tội quy,0.9091
vn,toi quyen,tới quyền,1.0000
vn,toi thieu,tối thiểu,0.9987
vn,toi thu,tới thư,0.9091
vn,toi to,tới tổ,1.0000
vn,toi trong,tội trong,0.9459
vn,toi uu,tối ưu,1.0000
vn,toi viec,tới việc,1.0000
vn,toi voi,tôi với,0.9535
vn,toi xam,tội xâm,1.0000
vn,toi xin,tôi xin,1.0000
vn,toi xu,tới xử,1.0000
vn,tokhai mau,tờkhai mẫu,1.0000
vn,tom hum,tôm hùm,1.0000
vn,tom tat,tóm tắt,1.0000
vn,tomoi tieu,tốmới tiêu,1.0000
vn,ton chi,tôn chỉ,1.0000
vn,ton dong,tồn đọng,1.0000
vn,ton giao,tôn giáo,1.0000
vn,ton hai,tổn hại,1.0000
vn,ton iv,tôn iv,1.0000
vn,ton kho,tồn kho,1.0000
vn,ton quy,tồn quỹ,0.9706
vn,ton tai,tồn tại,1.0000
vn,ton tao,tôn tạo,1.0000
vn,ton that,tổn thất,0.9966
vn,ton thuong,tổn thương,1.0000
vn,ton trong,tôn trọng,1.0000
vn,tong bi,tổng bí,1.0000
vn,tong cac,tổng các,0.9333
vn,tong chi,tổng chi,0.9818
vn,tong chieu,tổng chiều,1.0000
vn,tong cuc,tổng cục,0.9979
vn,tong dai,tổng đài,1.0000
vn,tong dien,tổng diện,0.9619
vn,tong doanh,tổng doanh,1.0000
vn,tong gia,tổng giá,1.0000
vn,tong giam,tổng giám,0.9992
vn,tong han,tổng hạn,1.0000
vn,tong hop,tổng hợp,0.9984
vn,tong ket,tổng kết,1.0000
vn,tong khoi,tổng khối,1.0000
vn,tong kiem,tổng kiểm,1.0000
vn,tong kinh,tổng kinh,1.0000
vn,tong lanh,tổng lãnh,1.0000
vn,tong luu,tổng lưu,1.0000
vn,tong mat,tổng mặt,1.0000
vn,tong muc,tổng mức,1.0000
vn,tong quan,tổng quan,1.0000
vn,tong quat,tổng quát,1.0000
vn,tong san,tổng sản,1.0000
vn,tong so,tổng số,1.0000
vn,tong sothanh,tổng sốthành,1.0000
vn,tong tai,tổng tài,1.0000
vn,tong tham,tổng tham,1.0000
vn,tong thanh,tổng thanh,1.0000
vn,tong the,tổng thể,1.0000
vn,tong thoi,tổng thời,1.0000
vn,tong tien,tổng tiền,1.0000
vn,tong trang,tổng trạng,1.0000
vn,tong tuc,tổng tức,1.0000
vn,tong von,tổng vốn,1.0000
vn,toquoc chap,tổquốc chấp,1.0000
vn,toquoc ix,tổquốc ix,1.0000
vn,toquoc noi,tổquốc nội,1.0000
vn,tot 1,tốt 1,1.0000
vn,tot cac,tốt các,1.0000
vn,tot chedobao,tốt chếđộbáo,1.0000
vn,tot chu,tốt chủ,1.0000
vn,tot chutruong,tốt chủtrương,1.0000
vn,tot cong,tốt công,1.0000
vn,tot dan,tốt dân,1.0000
vn,tot dep,tốt đẹp,1.0000
vn,tot kha,tốt khá,1.0000
vn,tot loi,tốt lối,1.0000
vn,tot nghiep,tốt nghiệp,1.0000
vn,tot nguon,tốt nguồn,1.0000
vn,tot nhat,tốt nhất,1.0000
vn,tot nhiem,tốt nhiệm,1.0000
vn,tot noi,tốt nội,1.0000
vn,tot quy,tốt quy,1.0000
vn,tot quyen,tốt quyền,1.0000
vn,tot sinh,tốt sinh,1.0000
vn,tot va,tốt và,1.0000
vn,totrinh denghicua,tờtrình đềnghịcủa,1.0000
vn,totrinh denghikhen,tờtrình đềnghịkhen,1.0000
vn,totrinh kem,tờtrình kèm,1.0000
vn,totrinh veviec,tờtrình vềviệc,1.0000
vn,tp ho,tp hồ,1.0000
vn,tp thao,tp thảo,1.0000
vn,tp truc,tp trực,1.0000
vn,tra cao,trả cao,1.0000
vn,tra chat,tra chất,0.9798
vn,tra chinh,tra chính,0.9518
vn,tra cho,trả cho,0.9457
vn,tra chu,tra chữ,0.9560
vn,tra chuyen,tra chuyên,0.9487
vn,tra cong,tra công,0.9881
vn,tra cuc,tra cục,1.0000
vn,tra cuu,tra cứu,1.0000
vn,tra da,tra đã,0.9130
vn,tra dam,tra đảm,1.0000
vn,tra danh,tra đánh,0.9938
vn,tra day,trả đầy,1.0000
vn,tra den,tra đến,0.9000
vn,tra dieu,tra điều,1.0000
vn,tra doi,tra đối,0.9650
vn,tra dot,tra đột,1.0000
vn,tra gia,trả giá,0.9900
vn,tra giai,tra giải,0.9841
vn,tra giam,tra giám,0.9992
vn,tra hanh,tra hành,1.0000
vn,tra het,trả hết,1.0000
vn,tra hien,tra hiện,1.0000
vn,tra hieu,tra hiệu,1.0000
vn,tra hinh,tra hình,1.0000
vn,tra hoat,tra hoạt,1.0000
vn,tra huong,tra hướng,1.0000
vn,tra khao,tra khảo,1.0000
vn,tra khoan,trả khoản,1.0000
vn,tra kiem,tra kiểm,0.9954
vn,tra kinh,trả kinh,1.0000
vn,tra lenh,trả lệnh,0.9900
vn,tra loi,trả lời,0.9939
vn,tra luong,trả lương,0.9286
vn,tra luu,tra lưu,1.0000
vn,tra mot,trả một,0.9286
vn,tra nganh,tra ngành,1.0000
vn,tra nghiem,tra nghiệm,1.0000
vn,tra ngoai,trả ngoại,0.9943
vn,tra nha,tra nhà,1.0000
vn,tra no,trả nợ,1.0000
vn,tra phat,tra phát,1.0000
vn,tra phau,tra phẫu,1.0000
vn,tra phe,tra phê,1.0000
vn,tra phi,trả phí,1.0000
vn,tra pho,tra phó,1.0000
vn,tra quyet,tra quyết,0.9444
vn,tra sat,tra sát,1.0000
vn,tra soat,tra soát,1.0000
vn,tra suc,tra sức,1.0000
vn,tra thiet,tra thiết,0.9722
vn,tra thoai,tra thoái,1.0000
vn,tra tien,trả tiền,0.9746
vn,tra tiep,tra tiếp,1.0000
vn,tra toi,tra tội,0.9781
vn,tra tong,tra tổng,1.0000
vn,tra trang,tra trạng,1.0000
vn,tra truoc,trả trước,0.9206
vn,tra ty,trả tỷ,0.9000
vn,tra viec,tra việc,0.9899
vn,tra von,trả vốn,1.0000
vn,tra vu,tra vụ,1.0000
vn,tra xac,tra xác,1.0000
vn,tra xet,tra xét,1.0000
vn,tra xu,tra xử,1.0000
vn,trac chat,trắc chất,1.0000
vn,trac co,trắc cơ,1.0000
vn,trac du,trắc dự,1.0000
vn,trac giam,trắc giám,1.0000
vn,trac hoc,trắc học,1.0000
vn,trac moi,trắc môi,1.0000
vn,trach an,trách an,1.0000
vn,trach bao,trách bảo,0.9691
vn,trach cong,trách công,1.0000
vn,trach de,trách để,0.9000
vn,trach ke,trách kế,1.0000
vn,trach nhi,trách nhi,1.0000
vn,trach nhiem,trách nhiệm,0.9998
vn,trach o,trách ở,1.0000
vn,trach phong,trách phòng,1.0000
vn,trach phu,trách phụ,0.9167
vn,trach quan,trách quản,1.0000
vn,trach tai,trách tại,0.9167
vn,trach ung,trách ứng,1.0000
vn,trach ve,trách về,1.0000
vn,trai dat,trái đất,1.0000
vn,trai giam,trại giam,1.0000
vn,trai nuoi,trại nuôi,1.0000
vn,trai phap,trái pháp,1.0000
vn,trai phep,trái phép,1.0000
vn,trai phieu,trái phiếu,1.0000
vn,trai pho,trải phổ,1.0000
vn,trai quy,trái quy,1.0000
vn,trai tam,trại tạm,1.0000
vn,trai thuoc,trại thuộc,1.0000
vn,trai vien,trại viên,1.0000
vn,trai voi,trái với,1.0000
vn,tram bien,trạm biến,1.0000
vn,tram can,trạm cân,0.9333
vn,tram canh,trạm cảnh,1.0000
vn,tram dung,trạm dừng,1.0000
vn,tram gia,trăm giá,1.0000
vn,tram goc,trạm gốc,1.0000
vn,tram lap,trám lấp,0.9524
vn,tram sac,trạm sạc,1.0000
vn,tram thi,trạm thí,1.0000
vn,tram thu,trạm thu,0.9524
vn,tram trieu,trăm triệu,1.0000
vn,tram trung,trạm trung,1.0000
vn,tram truong,trạm trưởng,1.0000
vn,tram vien,trạm viễn,1.0000
vn,tran hoac,trấn hoặc,0.9524
vn,tran sau,trấn sau,1.0000
vn,tran to,trận tổ,1.0000
vn,tran trong,trân trọng,0.9434
vn,trang bi,trang bị,0.9898
vn,trang cac,trạng các,0.9286
vn,trang cho,trạng cho,0.9535
vn,trang chu,trang chủ,1.0000
vn,trang duong,trang đường,0.9375
vn,trang ha,trạng hạ,0.9000
vn,trang hoat,trạng hoạt,1.0000
vn,trang hon,trạng hôn,1.0000
vn,trang khai,trạng khai,1.0000
vn,trang khan,trạng khẩn,1.0000
vn,trang khu,trạng khu,1.0000
vn,trang kiem,trạng kiểm,1.0000
vn,trang ky,trạng kỹ,1.0000
vn,trang lap,trạng lập,0.9833
vn,trang muc,trạng mục,1.0000
vn,trang nguyen,trạng nguyên,1.0000
vn,trang nha,trạng nhà,0.9540
vn,trang nhan,trang nhân,0.9873
vn,trang o,trạng ô,0.9722
vn,trang pha,trạng phá,1.0000
vn,trang phap,trạng pháp,1.0000
vn,trang phuc,trang phục,1.0000
vn,trang quyet,trạng quyết,1.0000
vn,trang su,trạng sử,0.9820
vn,trang tai,trạng tài,0.9530
vn,trang thai,trạng thái,0.9725
vn,trang thiet,trang thiết,1.0000
vn,trang thieu,trạng thiếu,1.0000
vn,trang thong,trang thông,1.0000
vn,trang tra,trạng trả,1.0000
vn,trang tri,trang trí,1.0000
vn,trang xu,trạng xử,1.0000
vn,tranh bao,tranh bảo,1.0000
vn,tranh bi,tránh bị,1.0000
vn,tranh chap,tranh chấp,0.9974
vn,tranh cua,tranh của,1.0000
vn,tranh khong,tranh không,0.9200
vn,tranh kiem,tránh kiểm,0.9231
vn,tranh ky,tranh ký,1.0000
vn,tranh ngan,tranh ngăn,1.0000
vn,tranh phong,tranh phòng,1.0000
vn,tranh thoa,tranh thỏa,1.0000
vn,tranh viec,tránh việc,0.9231
vn,tranh voi,tranh với,1.0000
vn,trao doi,trao đổi,0.9938
vn,trao giai,trao giải,1.0000
vn,trao giay,trao giấy,1.0000
vn,trao odia,trào ởđịa,1.0000
vn,trao phat,trào phát,1.0000
vn,trao thi,trào thi,1.0000
vn,trat tu,trật tự,1.0000
vn,trau bo,trâu bò,1.0000
vn,tre can,trẻ cán,1.0000
vn,tre em,trẻ em,1.0000
vn,tre tai,trẻ tài,1.0000
vn,tre te,trệ tê,1.0000
vn,tren 0,trên 0,1.0000
vn,tren 01,trên 01,1.0000
vn,tren 1,trên 1,1.0000
vn,tren 10,trên 10,1.0000
vn,tren 100,trên 100,1.0000
vn,tren 125,trên 125,1.0000
vn,tren 2,trên 2,1.0000
vn,tren 20,trên 20,1.0000
vn,tren 30,trên 30,1.0000
vn,tren 5,trên 5,1.0000
vn,tren 50,trên 50,1.0000
vn,tren 500,trên 500,1.0000
vn,tren 6,trên 6,1.0000
vn,tren 70,trên 70,1.0000
vn,tren ban,trên bản,1.0000
vn,tren ben,trên bên,1.0000
vn,tren cac,trên các,1.0000
vn,tren chung,trên chứng,1.0000
vn,tren co,trên cơ,0.9782
vn,tren cong,trên cổng,0.9523
vn,tren cua,trên của,1.0000
vn,tren cung,trên cùng,0.9545
vn,tren dai,trên đại,0.9302
vn,tren dat,trên đất,0.9921
vn,tren day,trên đây,1.0000
vn,tren de,trên để,0.9565
vn,tren dia,trên địa,0.9979
vn,tren doanh,trên doanh,1.0000
vn,tren doi,trên đối,0.9286
vn,tren duoc,trên được,1.0000
vn,tren duong,trên đường,1.0000
vn,tren gia,trên giá,0.9091
vn,tren giao,trên giao,1.0000
vn,tren giay,trên giấy,1.0000
vn,tren ham,trên hàm,1.0000
vn,tren he,trên hệ,1.0000
vn,tren ho,trên hồ,1.0000
vn,tren hoa,trên hóa,1.0000
vn,tren hoac,trên hoặc,1.0000
vn,tren hop,trên hợp,1.0000
vn,tren internet,trên internet,1.0000
vn,tren it,trên ít,1.0000
vn,tren ket,trên kết,1.0000
vn,tren kho,trên khổ,1.0000
vn,tren khong,trên không,1.0000
vn,tren la,trên là,1.0000
vn,tren lanh,trên lãnh,1.0000
vn,tren lap,trên lập,1.0000
vn,tren lenh,trên lệnh,1.0000
vn,tren man,trên màn,1.0000
vn,tren mang,trên mạng,0.9664
vn,tren mat,trên mặt,0.9107
vn,tren mau,trên mẫu,1.0000
vn,tren may,trên máy,1.0000
vn,tren moi,trên môi,0.9609
vn,tren mot,trên một,1.0000
vn,tren muc,trên mức,1.0000
vn,tren nen,trên nền,1.0000
vn,tren neu,trên nếu,1.0000
vn,tren nguoi,trên người,1.0000
vn,tren nguyen,trên nguyên,1.0000
vn,tren nhan,trên nhãn,1.0000
vn,tren phai,trên phải,1.0000
vn,tren pham,trên phạm,1.0000
vn,tren phieu,trên phiếu,1.0000
vn,tren phuong,trên phương,1.0000
vn,tren quy,trên quy,1.0000
vn,tren sau,trên sau,1.0000
vn,tren song,trên sông,1.0000
vn,tren tai,trên tài,0.9891
vn,tren tap,trên tạp,1.0000
vn,tren tat,trên tất,1.0000
vn,tren tau,trên tàu,1.0000
vn,tren theo,trên theo,1.0000
vn,tren thiet,trên thiết,1.0000
vn,tren thong,trên thông,1.0000
vn,tren thuc,trên thực,1.0000
vn,tren toan,trên toàn,1.0000
vn,tren tong,trên tổng,1.0000
vn,tren trang,trên trang,1.0000
vn,tren trong,trên trong,1.0000
vn,tren truc,trên trực,1.0000
vn,tren truong,trên trường,1.0000
vn,tren tung,trên từng,1.0000
vn,tren tuyen,trên tuyến,1.0000
vn,tren ung,trên ứng,1.0000
vn,tren va,trên và,1.0000
vn,tren vat,trên vật,1.0000
vn,tren ve,trên về,1.0000
vn,tren vi,trên ví,0.9474
vn,tren von,trên vốn,1.0000
vn,tren website,trên website,1.0000
vn,tren xem,trên xem,1.0000
vn,tren xml,trên xml,1.0000
vn,treo cai,treo cải,1.0000
vn,treo cap,treo cáp,1.0000
vn,treo hoac,treo hoặc,1.0000
vn,tri 0,trị 0,1.0000
vn,tri 5,trị 5,0.9474
vn,tri 6,trị 6,1.0000
vn,tri 7,trị 7,1.0000
vn,tri bang,trị bằng,0.9722
vn,tri btdt,trì btđt,1.0000
vn,tri bu,trì bù,1.0000
vn,tri cai,trì cải,1.0000
vn,tri cao,trị cao,1.0000
vn,tri chuc,trí chức,0.9130
vn,tri chuong,trì chương,1.0000
vn,tri chuyen,trị chuyển,0.9103
vn,tri con,trị còn,0.9633
vn,tri cua,trị của,0.9446
vn,tri cuoc,trì cuộc,1.0000
vn,tri dac,trị đặc,0.9583
vn,tri dau,trị đầu,0.9273
vn,tri den,trị đến,0.9524
vn,tri dia,trí địa,1.0000
vn,tri diem,trí điểm,0.9200
vn,tri dieu,trị điều,0.9556
vn,tri doanh,trị doanh,0.9706
vn,tri duoi,trị dưới,1.0000
vn,tri duong,trì đường,1.0000
vn,tri ghi,trị ghi,1.0000
vn,tri giao,trị giao,0.9643
vn,tri giay,trị giấy,1.0000
vn,tri hao,trị hao,1.0000
vn,tri hien,trị hiện,0.9000
vn,tri hoat,trì hoạt,1.0000
vn,tri hoi,trị hội,0.9907
vn,tri huong,trì hướng,1.0000
vn,tri it,trì ít,1.0000
vn,tri khan,trí khẩn,1.0000
vn,tri lao,trị lao,0.9500
vn,tri lich,trị lịch,1.0000
vn,tri lon,trị lớn,1.0000
vn,tri luc,trí lực,1.0000
vn,tri mach,trí mạch,1.0000
vn,tri mat,trí mặt,1.0000
vn,tri mua,trị mua,1.0000
vn,tri ngan,trị ngân,0.9205
vn,tri nghien,trì nghiên,0.9091
vn,tri nguon,trí nguồn,0.9565
vn,tri nguyen,trị nguyên,1.0000
vn,tri nha,trí nhà,0.9400
vn,tri nhiem,trì nhiệm,1.0000
vn,tri nho,trị nhỏ,1.0000
vn,tri nhu,trị như,0.9524
vn,tri noi,trị nội,0.9135
vn,tri phap,trị pháp,1.0000
vn,tri phat,trì phát,0.9250
vn,tri phien,trì phiên,1.0000
vn,tri phoi,trì phối,1.0000
vn,tri quan,trì quản,0.9452
vn,tri quyen,trị quyền,0.9957
vn,tri quyet,trị quyết,0.9683
vn,tri rui,trị rủi,1.0000
vn,tri sang,trí sáng,1.0000
vn,tri thap,trị thấp,0.9950
vn,tri thay,trị thay,1.0000
vn,tri tien,trị tiền,0.9583
vn,tri tue,trí tuệ,0.9983
vn,tri tung,trị từng,0.9412
vn,tri tuong,trị tương,0.9609
vn,tri ty,trì tỷ,1.0000
vn,tri vao,trí vào,0.9630
vn,tri vat,trị vật,1.0000
vn,tri vien,trị viên,0.9333
vn,tri vuot,trị vượt,1.0000
vn,tri xa,trị xã,1.0000
vn,tri xay,trì xây,0.9577
vn,trich 01,trích 01,1.0000
vn,trich 10,trích 10,1.0000
vn,trich cac,trích các,1.0000
vn,trich dan,trích dẫn,0.9231
vn,trich do,trích đo,0.9868
vn,trich du,trích dự,1.0000
vn,trich ghi,trích ghi,1.0000
vn,trich khau,trích khấu,1.0000
vn,trich lap,trích lập,1.0000
vn,trich luc,trích lục,1.0000
vn,trich mot,trích một,1.0000
vn,trich no,trích nợ,1.0000
vn,trich nop,trích nộp,1.0000
vn,trich phuong,trích phương,1.0000
vn,trich quy,trích quỹ,1.0000
vn,trich tai,trích tài,1.0000
vn,trich theo,trích theo,1.0000
vn,trich thuong,trích thưởng,1.0000
vn,trich tien,trích tiền,1.0000
vn,trich toi,trích tối,1.0000
vn,trich tu,trích từ,1.0000
vn,trich vao,trích vào,1.0000
vn,trich xuat,trích xuất,1.0000
vn,trich yeu,trích yếu,0.9200
vn,tridac biet,trịđặc biệt,1.0000
vn,trien 1,triển 1,1.0000
vn,trien 2,triển 2,1.0000
vn,trien 3,triển 3,1.0000
vn,trien 4,triển 4,1.0000
vn,trien 5,triển 5,1.0000
vn,trien b,triển b,1.0000
vn,trien ben,triển bền,0.9545
vn,trien boi,triển bởi,1.0000
vn,trien c,triển c,1.0000
vn,trien cac,triển các,1.0000
vn,trien chinh,triển chính,0.9524
vn,trien chiu,triển chịu,1.0000
vn,trien cho,triển cho,1.0000
vn,trien cong,triển công,0.9965
vn,trien cua,triển của,1.0000
vn,trien cung,triển cung,1.0000
vn,trien da,triển đã,1.0000
vn,trien de,triển để,0.9545
vn,trien dich,triển dịch,1.0000
vn,trien doanh,triển doanh,1.0000
vn,trien duoc,triển được,1.0000
vn,trien duong,triển đường,1.0000
vn,trien duy,triển duy,1.0000
vn,trien gia,triển giá,1.0000
vn,trien giai,triển giải,0.9167
vn,trien giao,triển giao,1.0000
vn,trien gom,triển gồm,1.0000
vn,trien gui,triển gửi,1.0000
vn,trien ha,triển hạ,1.0000
vn,trien he,triển hệ,1.0000
vn,trien hoac,triển hoặc,0.9091
vn,trien hoat,triển hoạt,1.0000
vn,trien ket,triển kết,1.0000
vn,trien khai,triển khai,1.0000
vn,trien khoa,triển khoa,1.0000
vn,trien kinh,triển kinh,1.0000
vn,trien la,triển là,1.0000
vn,trien lap,triển lập,1.0000
vn,trien mang,triển mạng,1.0000
vn,trien neu,triển nếu,1.0000
vn,trien ngan,triển ngân,1.0000
vn,trien nganh,triển ngành,1.0000
vn,trien nguon,triển nguồn,1.0000
vn,trien nha,triển nhà,1.0000
vn,trien nhan,triển nhân,0.9286
vn,trien nong,triển nông,1.0000
vn,trien phai,triển phải,1.0000
vn,trien quy,triển quỹ,0.9000
vn,trien san,triển sản,1.0000
vn,trien su,triển sử,0.9231
vn,trien theo,triển theo,1.0000
vn,trien thi,triển thị,0.9552
vn,trien thiet,triển thiết,1.0000
vn,trien thuc,triển thực,1.0000
vn,trien thue,triển thuê,1.0000
vn,trien thuong,triển thương,1.0000
vn,trien tren,triển trên,1.0000
vn,trien tri,triển trí,1.0000
vn,trien trong,triển trong,0.9459
vn,trien tu,triển từ,1.0000
vn,trien ung,triển ứng,1.0000
vn,trien va,triển và,1.0000
vn,trien ve,triển về,1.0000
vn,trien vien,triển viễn,1.0000
vn,trien viet,triển việt,1.0000
vn,trien von,triển vốn,1.0000
vn,trien vong,triển vọng,1.0000
vn,trien xem,triển xem,1.0000
vn,triet de,triệt để,1.0000
vn,trieu dong,triệu đồng,1.0000
vn,trieu m3,triệu m3,1.0000
vn,trieu tan,triệu tấn,1.0000
vn,trieu tap,triệu tập,1.0000
vn,trinh 1,trình 1,1.0000
vn,trinh 135,trình 135,1.0000
vn,trinh 2,trình 2,1.0000
vn,trinh 3,trình 3,1.0000
vn,trinh 4,trình 4,1.0000
vn,trinh 5,trình 5,1.0000
vn,trinh a,trình a,1.0000
vn,trinh ap,trình áp,1.0000
vn,trinh b,trình b,1.0000
vn,trinh bay,trình bày,1.0000
vn,trinh ben,trình bên,1.0000
vn,trinh buu,trình bưu,1.0000
vn,trinh c,trình c,1.0000
vn,trinh cac,trình các,1.0000
vn,trinh cai,trình cải,1.0000
vn,trinh cap,trình cấp,0.9270
vn,trinh chap,trình chấp,1.0000
vn,trinh chia,trình chia,0.9412
vn,trinh chien,trình chiến,1.0000
vn,trinh chinh,trình chính,0.9383
vn,trinh cho,trình cho,1.0000
vn,trinh chon,trình chọn,0.9000
vn,trinh chu,trình chủ,1.0000
vn,trinh chung,trình chứng,0.9459
vn,trinh con,trình còn,1.0000
vn,trinh cong,trình công,0.9113
vn,trinh cua,trình của,1.0000
vn,trinh cung,trình cung,0.9941
vn,trinh da,trình đã,1.0000
vn,trinh danh,trình đánh,0.9107
vn,trinh dao,trình đào,1.0000
vn,trinh dia,trình địa,1.0000
vn,trinh dien,trình điện,0.9426
vn,trinh dieu,trình điều,1.0000
vn,trinh dochuyen,trình độchuyên,1.0000
vn,trinh dovemoi,trình độvềmọi,1.0000
vn,trinh du,trình dự,0.9804
vn,trinh duoc,trình được,1.0000
vn,trinh duong,trình đường,1.0000
vn,trinh duyet,trình duyệt,1.0000
vn,trinh e,trình e,1.0000
vn,trinh eps,trình eps,1.0000
vn,trinh gan,trình gắn,1.0000
vn,trinh giai,trình giải,0.9901
vn,trinh giao,trình giao,0.9273
vn,trinh giay,trình giấy,1.0000
vn,trinh gom,trình gồm,1.0000
vn,trinh gui,trình gửi,1.0000
vn,trinh ha,trình hạ,1.0000
vn,trinh hanh,trình hành,1.0000
vn,trinh he,trình hệ,1.0000
vn,trinh hinh,trình hình,1.0000
vn,trinh hoac,trình hoặc,1.0000
vn,trinh hoan,trình hoàn,1.0000
vn,trinh hoat,trình hoạt,1.0000
vn,trinh hoi,trình hội,1.0000
vn,trinh ke,trình kế,0.9867
vn,trinh kem,trình kèm,1.0000
vn,trinh ket,trình kết,1.0000
vn,trinh khac,trình khác,0.9375
vn,trinh khach,trình khách,1.0000
vn,trinh khai,trình khai,1.0000
vn,trinh khen,trình khen,1.0000
vn,trinh khi,trình khi,0.9474
vn,trinh khoa,trình khoa,0.9961
vn,trinh khong,trình không,1.0000
vn,trinh khung,trình khung,1.0000
vn,trinh khuyen,trình khuyến,1.0000
vn,trinh kiem,trình kiểm,1.0000
vn,trinh kinh,trình kinh,1.0000
vn,trinh la,trình là,1.0000
vn,trinh lam,trình làm,1.0000
vn,trinh lap,trình lập,0.9375
vn,trinh lien,trình liên,0.9643
vn,trinh lua,trình lựa,1.0000
vn,trinh luan,trình luân,1.0000
vn,trinh luu,trình lưu,1.0000
vn,trinh luyen,trình luyện,1.0000
vn,trinh ly,trình lý,1.0000
vn,trinh ma,trình mã,0.9231
vn,trinh may,trình máy,1.0000
vn,trinh mo,trình mở,0.9778
vn,trinh mua,trình mua,1.0000
vn,trinh muc,trình mục,0.9333
vn,trinh nam,trình năm,1.0000
vn,trinh nay,trình này,1.0000
vn,trinh ncnscl,trình ncnscl,1.0000
vn,trinh ngam,trình ngầm,1.0000
vn,trinh ngan,trình ngân,0.9412
vn,trinh nghien,trình nghiên,1.0000
vn,trinh nghiep,trình nghiệp,1.0000
vn,trinh nguoi,trình người,1.0000
vn,trinh nguon,trình nguồn,1.0000
vn,trinh nha,trình nhà,1.0000
vn,trinh nhap,trình nhập,1.0000
vn,trinh nhiem,trình nhiệm,1.0000
vn,trinh noi,trình nội,0.9911
vn,trinh o,trình ở,1.0000
vn,trinh phai,trình phải,1.0000
vn,trinh phat,trình phát,1.0000
vn,trinh phe,trình phê,1.0000
vn,trinh pho,trình phó,0.9783
vn,trinh phoi,trình phối,1.0000
vn,trinh phong,trình phòng,1.0000
vn,trinh phuong,trình phương,1.0000
vn,trinh quoc,trình quốc,1.0000
vn,trinh quy,trình quy,0.9792
vn,trinh quyet,trình quyết,1.0000
vn,trinh ro,trình rõ,1.0000
vn,trinh rut,trình rút,1.0000
vn,trinh san,trình sản,1.0000
vn,trinh sat,trinh sát,1.0000
vn,trinh sau,trình sau,1.0000
vn,trinh sua,trình sửa,1.0000
vn,trinh tao,trình tạo,1.0000
vn,trinh tap,trình tập,1.0000
vn,trinh thanh,trình thanh,0.9375
vn,trinh theo,trình theo,1.0000
vn,trinh thiet,trình thiết,1.0000
vn,trinh thoi,trình thời,1.0000
vn,trinh thong,trình thống,0.9641
vn,trinh thuc,trình thực,0.9985
vn,trinh thuoc,trình thuộc,0.9925
vn,trinh thutuong,trình thủtướng,1.0000
vn,trinh thuy,trình thủy,1.0000
vn,trinh tiep,trình tiếp,1.0000
vn,trinh tieu,trình tiêu,0.9000
vn,trinh to,trình tổ,0.9467
vn,trinh tong,trình tổng,1.0000
vn,trinh trao,trình trao,1.0000
vn,trinh tren,trình trên,1.0000
vn,trinh trien,trình triển,1.0000
vn,trinh trinh,trình trình,1.0000
vn,trinh trong,trình trong,0.9529
vn,trinh truoc,trình trước,1.0000
vn,trinh truyen,trình truyền,1.0000
vn,trinh tu,trình tự,0.9926
vn,trinh tuthuc,trình tựthực,1.0000
vn,trinh ung,trình ứng,1.0000
vn,trinh uu,trình ưu,1.0000
vn,trinh uy,trình ủy,0.9792
vn,trinh va,trình và,1.0000
vn,trinh van,trình vận,0.9132
vn,trinh ve,trình về,0.9888
vn,trinh viec,trình việc,1.0000
vn,trinh vien,trình viễn,1.0000
vn,trinh voi,trình với,1.0000
vn,trinh xac,trình xác,1.0000
vn,trinh xay,trình xây,1.0000
vn,trinh xem,trình xem,1.0000
vn,trinh xu,trình xử,1.0000
vn,trithiet thuc,trịthiết thực,1.0000
vn,trivung vang,trịvững vàng,1.0000
vn,tro 1,trợ 1,0.9737
vn,tro 2,trợ 2,0.9167
vn,tro 4,trợ 4,1.0000
vn,tro a,trợ a,1.0000
vn,tro bang,trợ bằng,1.0000
vn,tro bi,trợ bị,1.0000
vn,tro bu,trợ bù,1.0000
vn,tro cac,trợ các,0.9727
vn,tro cap,trợ cấp,0.9960
vn,tro cho,trợ cho,1.0000
vn,tro choi,trò chơi,1.0000
vn,tro cong,trợ công,1.0000
vn,tro cu,trợ cụ,0.9062
vn,tro cung,trợ cung,0.9355
vn,tro dac,trợ đặc,1.0000
vn,tro dao,trợ đào,1.0000
vn,tro dat,trợ đặt,1.0000
vn,tro dau,trợ đầu,1.0000
vn,tro de,trợ để,0.9706
vn,tro dich,trợ dịch,0.9231
vn,tro dinh,trợ định,0.9286
vn,tro do,trợ do,1.0000
vn,tro doanh,trợ doanh,1.0000
vn,tro doi,trợ đối,0.9452
vn,tro duoc,trợ được,1.0000
vn,tro duy,trợ duy,1.0000
vn,tro gan,trợ gắn,1.0000
vn,tro gay,trở gây,1.0000
vn,tro gia,trợ giá,1.0000
vn,tro giao,trợ giao,1.0000
vn,tro giup,trợ giúp,1.0000
vn,tro hang,trợ hàng,0.9492
vn,tro he,trợ hệ,1.0000
vn,tro ho,trợ hỗ,0.9868
vn,tro khac,trợ khác,0.9286
vn,tro khach,trợ khách,1.0000
vn,tro khi,trợ khi,1.0000
vn,tro khong,trợ không,1.0000
vn,tro khung,trợ khủng,1.0000
vn,tro kinh,trợ kinh,1.0000
vn,tro ky,trợ kỹ,1.0000
vn,tro len,trở lên,1.0000
vn,tro ly,trợ lý,1.0000
vn,tro mot,trợ một,0.9615
vn,tro muc,trợ mức,1.0000
vn,tro ngai,trở ngại,1.0000
vn,tro ngan,trợ ngân,1.0000
vn,tro nghi,trợ nghỉ,0.9167
vn,tro nguoi,trợ người,0.9375
vn,tro o,trợ ô,0.9692
vn,tro phai,trợ phải,1.0000
vn,tro phat,trợ phát,1.0000
vn,tro phi,trợ phi,1.0000
vn,tro pho,trợ phổ,0.9919
vn,tro phuong,trợ phương,1.0000
vn,tro ra,trợ ra,1.0000
vn,tro san,trợ sản,1.0000
vn,tro sap,trợ sắp,1.0000
vn,tro sau,trợ sau,1.0000
vn,tro song,trợ song,1.0000
vn,tro su,trợ sử,1.0000
vn,tro theo,trợ theo,1.0000
vn,tro thiet,trợ thiết,0.9293
vn,tro thong,trợ thông,0.9925
vn,tro thu,trợ thu,0.9836
vn,tro thuc,trợ thực,0.9770
vn,tro thuong,trợ thương,1.0000
vn,tro tien,trợ tiền,0.9697
vn,tro toi,trợ tối,1.0000
vn,tro trach,trò trách,1.0000
vn,tro trai,trở trái,0.9286
vn,tro trong,trợ trong,1.0000
vn,tro truc,trợ trực,1.0000
vn,tro ung,trợ ứng,1.0000
vn,tro uu,trợ ưu,1.0000
vn,tro von,trợ vốn,1.0000
vn,tro xa,trợ xã,1.0000
vn,tro xac,trợ xác,1.0000
vn,tro xay,trợ xây,1.0000
vn,tro xuong,trở xuống,1.0000
vn,trogiup kythuat,trợgiúp kỹthuật,1.0000
vn,troi viet,trời việt,1.0000
vn,trolen 25,trởlên 25,1.0000
vn,trolen 26,trởlên 26,1.0000
vn,trolen den,trởlên đến,1.0000
vn,trolen doi,trởlên đối,1.0000
vn,trolen duoc,trởlên được,1.0000
vn,trolen hoan,trởlên hoàn,1.0000
vn,trolen khi,trởlên khi,1.0000
vn,trolen tinh,trởlên tính,1.0000
vn,trom cap,trộm cắp,1.0000
vn,tron den,tròn đến,1.0000
vn,tron so,tròn số,0.9333
vn,tron tranh,trốn tránh,1.0000
vn,trong bien,trong biên,0.9143
vn,trong bieu,trong biểu,1.0000
vn,trong boi,trong bối,1.0000
vn,trong ca,trong cả,1.0000
vn,trong cac,trong các,0.9937
vn,trong chien,trong chiến,1.0000
vn,trong chip,trong chíp,1.0000
vn,trong chung,trong chứng,0.9412
vn,trong chuong,trong chương,0.9286
vn,trong co,trong cơ,0.9796
vn,trong cong,trong công,0.9828
vn,trong cua,trọng của,0.9798
vn,trong cuoc,trong cuộc,1.0000
vn,trong day,trong dây,1.0000
vn,trong den,trọng đến,0.9672
vn,trong dia,trong địa,1.0000
vn,trong dieu,trong điều,0.9890
vn,trong dinh,trong định,1.0000
vn,trong do,trong đó,0.9883
vn,trong doan,trong đoàn,1.0000
vn,trong doc,trọng độc,1.0000
vn,trong du,trong dự,0.9118
vn,trong dung,trọng dụng,0.9167
vn,trong giay,trong giấy,1.0000
vn,trong gio,trong giờ,1.0000
vn,trong giu,trông giữ,1.0000
vn,trong han,trong hạn,0.9444
vn,trong hang,trong hàng,0.9048
vn,trong hanh,trong hành,1.0000
vn,trong he,trong hệ,0.9952
vn,trong ho,trong hồ,0.9409
vn,trong hoat,trong hoạt,0.9909
vn,trong hoi,trong hội,1.0000
vn,trong hop,trong hợp,0.9960
vn,trong it,trong ít,1.0000
vn,trong ket,trong kết,1.0000
vn,trong khoang,trong khoảng,1.0000
vn,trong khuon,trong khuôn,1.0000
vn,trong ky,trong kỳ,0.9953
vn,trong lenh,trong lệnh,1.0000
vn,trong linh,trong lĩnh,1.0000
vn,trong luat,trong luật,1.0000
vn,trong luoc,trong lược,1.0000
vn,trong luong,trọng lượng,0.9818
vn,trong luu,trong lưu,1.0000
vn,trong ma,trong mã,0.9375
vn,trong mang,trong mạng,1.0000
vn,trong may,trong máy,0.9333
vn,trong mot,trong một,0.9978
vn,trong nam,trong năm,0.9449
vn,trong nen,trong nền,1.0000
vn,trong ngan,trong ngân,0.9333
vn,trong nganh,trong ngành,1.0000
vn,trong ngay,trong ngày,1.0000
vn,trong nghi,trong nghị,0.9981
vn,trong nghien,trong nghiên,1.0000
vn,trong nghiep,trong nghiệp,1.0000
vn,trong nguyen,trong nguyên,1.0000
vn,trong nha,trong nhà,0.9423
vn,trong nhom,trong nhóm,1.0000
vn,trong nhung,trong những,0.9957
vn,trong noi,trong nội,0.9848
vn,trong nuoc,trong nước,0.9988
vn,trong phai,trọng phải,0.9444
vn,trong pham,trong phạm,0.9978
vn,trong phap,trong pháp,1.0000
vn,trong phat,trong phát,0.9583
vn,trong phien,trong phiên,1.0000
vn,trong phuong,trong phương,1.0000
vn,trong qua,trong quá,0.9990
vn,trong quoc,trọng quốc,0.9894
vn,trong quyen,trọng quyền,0.9412
vn,trong quyet,trong quyết,1.0000
vn,trong sau,trọng sau,0.9722
vn,trong socac,trong sốcác,1.0000
vn,trong sonhung,trong sốnhững,1.0000
vn,trong su,trong sử,0.9894
vn,trong sunghiep,trong sựnghiệp,1.0000
vn,trong suot,trong suốt,1.0000
vn,trong tam,trọng tâm,1.0000
vn,trong tap,trong tập,1.0000
vn,trong tat,trong tất,1.0000
vn,trong thang,trong tháng,1.0000
vn,trong theo,trọng theo,0.9615
vn,trong thiet,trong thiết,0.9500
vn,trong thoi,trong thời,0.9991
vn,trong thong,trong thông,0.9841
vn,trong thuong,trong thương,1.0000
vn,trong toan,trong toàn,1.0000
vn,trong tong,trong tổng,1.0000
vn,trong trat,trọng trật,1.0000
vn,trong trot,trồng trọt,1.0000
vn,trong truong,trong trường,0.9993
vn,trong tuan,trong tuần,1.0000
vn,trong tung,trong từng,1.0000
vn,trong ung,trong ứng,1.0000
vn,trong van,trong văn,0.9412
vn,trong vao,trọng vào,1.0000
vn,trong ve,trọng về,1.0000
vn,trong viec,trong việc,0.9927
vn,trong vien,trong viễn,1.0000
vn,trong vong,trong vòng,0.9975
vn,trong vu,trong vụ,1.0000
vn,trong vung,trong vùng,0.9535
vn,trong xay,trong xây,0.9149
vn,trong xu,trong xử,1.0000
vn,trong yeu,trọng yếu,0.9811
vn,tru an,trữ an,0.9130
vn,tru ao,trụ ảo,1.0000
vn,tru ban,trữ bản,1.0000
vn,tru bang,trữ bằng,0.9643
vn,tru bat,trữ bắt,0.9841
vn,tru bithanh,trù bịthành,1.0000
vn,tru bo,trữ bổ,0.9598
vn,tru cac,trừ các,0.9029
vn,tru cat,trừ cát,1.0000
vn,tru chi,trừ chi,0.9500
vn,tru chuan,trừ chuẩn,1.0000
vn,tru cung,trữ cung,0.9375
vn,tru day,trữ đầy,1.0000
vn,tru di,trừ đi,0.9862
vn,tru dien,trừ điện,0.9555
vn,tru doanh,trừ doanh,1.0000
vn,tru duoi,trữ dưới,0.9310
vn,tru giai,trú giải,1.0000
vn,tru giua,trừ giữa,0.9474
vn,tru hanh,trừ hành,1.0000
vn,tru hay,trú hay,1.0000
vn,tru hinh,trừ hình,0.9000
vn,tru ho,trữ hồ,0.9116
vn,tru kem,trữ kèm,1.0000
vn,tru ket,trữ kết,1.0000
vn,tru khi,trừ khi,0.9014
vn,tru khoan,trừ khoản,1.0000
vn,tru khoang,trữ khoáng,0.9670
vn,tru luong,trữ lượng,1.0000
vn,tru luu,trữ lưu,0.9000
vn,tru nhat,trữ nhật,1.0000
vn,tru nhung,trừ những,0.9038
vn,tru phat,trữ phát,0.9091
vn,tru phuc,trữ phục,1.0000
vn,tru quoc,trữ quốc,0.9964
vn,tru quyet,trừ quyết,0.9091
vn,tru so,trụ sở,0.9663
vn,tru su,trữ sử,0.9231
vn,tru tap,trữ tập,1.0000
vn,tru thong,trữ thông,0.9418
vn,tru thue,trừ thuế,0.9231
vn,tru to,trừ tổ,1.0000
vn,tru toan,trữ toàn,1.0000
vn,tru trach,trừ trách,1.0000
vn,tru trao,trữ trao,0.9412
vn,tru truong,trừ trường,0.9942
vn,tru truyen,trữ truyền,1.0000
vn,tru ve,trữ về,0.9286
vn,tru xoa,trữ xóa,0.9167
vn,tru xu,trữ xử,0.9286
vn,truat quyen,truất quyền,1.0000
vn,truc cac,trực các,0.9205
vn,truc chinh,trúc chính,1.0000
vn,truc data,trúc data,1.0000
vn,truc dinh,trúc định,1.0000
vn,truc du,trúc dữ,1.0000
vn,truc duoc,trúc được,0.9474
vn,truc he,trúc hệ,0.9444
vn,truc hoi,trực hội,1.0000
vn,truc kieu,trúc kiểu,1.0000
vn,truc lao,trúc lao,1.0000
vn,truc loi,trục lợi,1.0000
vn,truc ma,trúc mã,1.0000
vn,truc nhom,trúc nhóm,1.0000
vn,truc phuong,trúc phương,1.0000
vn,truc so,trúc số,0.9623
vn,truc tai,trúc tài,0.9333
vn,truc thanh,trúc thành,1.0000
vn,truc thong,trúc thông,0.9744
vn,truc thuoc,trực thuộc,0.9992
vn,truc tiep,trực tiếp,0.9997
vn,truc tong,trúc tổng,0.9412
vn,truc trong,trúc trong,1.0000
vn,truc tuyen,trực tuyến,0.9993
vn,truc uy,trực ủy,1.0000
vn,truc va,trúc và,0.9306
vn,truc ve,trúc về,0.9200
vn,truc vot,trục vớt,1.0000
vn,truc xuat,trục xuất,1.0000
vn,trucac truong,trừcác trường,1.0000
vn,trung bay,trưng bày,0.9643
vn,trung binh,trung bình,1.0000
vn,trung ca,trứng cá,1.0000
vn,trung cap,trung cấp,1.0000
vn,trung cau,trưng cầu,1.0000
vn,trung dau,trúng đấu,0.9941
vn,trung doan,trung đoàn,1.0000
vn,trung doi,trung đối,1.0000
vn,trung dung,trưng dụng,1.0000
vn,trung duoc,trung được,0.9737
vn,trung gia,trúng giá,1.0000
vn,trung han,trung hạn,1.0000
vn,trung hoc,trung học,0.9897
vn,trung ke,trung kế,0.9231
vn,trung khop,trùng khớp,1.0000
vn,trung mien,trung miền,1.0000
vn,trung mua,trưng mua,1.0000
vn,trung nhau,trùng nhau,1.0000
vn,trung quoc,trung quốc,1.0000
vn,trung tam,trung tâm,1.0000
vn,trung tap,trưng tập,1.0000
vn,trung thau,trúng thầu,1.0000
vn,trung thuc,trung thực,1.0000
vn,trung thuong,trúng thưởng,1.0000
vn,trung tinh,trung tỉnh,0.9375
vn,trung toi,trung tối,1.0000
vn,trung tren,trung trên,1.0000
vn,trung uong,trung ương,0.9988
vn,truoc 06,trước 06,1.0000
vn,truoc 10,trước 10,1.0000
vn,truoc 11,trước 11,1.0000
vn,truoc 2,trước 2,1.0000
vn,truoc 3,trước 3,1.0000
vn,truoc 4,trước 4,1.0000
vn,truoc 9,trước 9,1.0000
vn,truoc ba,trước bạ,0.9697
vn,truoc bang,trước bằng,1.0000
vn,truoc bo,trước bộ,1.0000
vn,truoc c,trước c,1.0000
vn,truoc cac,trước các,1.0000
vn,truoc chinh,trước chính,1.0000
vn,truoc cho,trước cho,1.0000
vn,truoc chu,trước chủ,1.0000
vn,truoc chuyen,trước chuyển,1.0000
vn,truoc co,trước cơ,0.9333
vn,truoc cua,trước của,1.0000
vn,truoc cum,trước cụm,1.0000
vn,truoc day,trước đây,1.0000
vn,truoc dich,trước dịch,1.0000
vn,truoc dinh,trước định,1.0000
vn,truoc do,trước đó,0.9636
vn,truoc duoc,trước được,1.0000
vn,truoc gia,trước giá,1.0000
vn,truoc han,trước hạn,1.0000
vn,truoc hientrang,trước hientrang,1.0000
vn,truoc hoac,trước hoặc,1.0000
vn,truoc hoi,trước hội,1.0000
vn,truoc ke,trước kế,0.9333
vn,truoc khi,trước khi,0.9994
vn,truoc lien,trước liền,1.0000
vn,truoc loai,trước loại,1.0000
vn,truoc lu,trước lũ,1.0000
vn,truoc m,trước m,1.0000
vn,truoc mat,trước mặt,0.9697
vn,truoc nam,trước năm,1.0000
vn,truoc neu,trước nếu,1.0000
vn,truoc ngay,trước ngày,1.0000
vn,truoc phap,trước pháp,0.9975
vn,truoc phien,trước phiên,1.0000
vn,truoc quy,trước quy,0.9524
vn,truoc ten,trước tên,1.0000
vn,truoc theo,trước theo,1.0000
vn,truoc thoi,trước thời,1.0000
vn,truoc thong,trước thống,0.9583
vn,truoc thue,trước thuế,0.9885
vn,truoc to,trước tổ,1.0000
vn,truoc tong,trước tổng,1.0000
vn,truoc trong,trước trong,1.0000
vn,truoc tuoi,trước tuổi,0.9756
vn,truoc va,trước và,1.0000
vn,truoc viec,trước việc,1.0000
vn,truoc vo,trước vô,1.0000
vn,truoc von,trước vốn,1.0000
vn,truoc xu,trước xử,1.0000
vn,truong 1,trường 1,1.0000
vn,truong 2,trường 2,0.9211
vn,truong 3,trường 3,0.9333
vn,truong 4,trường 4,1.0000
vn,truong b,trường b,0.9481
vn,truong ban,trưởng ban,0.9605
vn,truong bat,trường bất,0.9578
vn,truong bo,trưởng bộ,0.9962
vn,truong c,trường c,1.0000
vn,truong cac,trưởng các,0.9587
vn,truong cao,trường cao,0.9979
vn,truong cd,trường cđ,1.0000
vn,truong cho,trường cho,0.9773
vn,truong chung,trường chứng,1.0000
vn,truong chuyen,trương chuyển,0.9688
vn,truong co,trưởng cơ,0.9337
vn,truong cuc,trưởng cục,0.9619
vn,truong cum,trưởng cụm,1.0000
vn,truong dai,trường đại,0.9565
vn,truong dap,trường đáp,1.0000
vn,truong dau,trương đầu,0.9715
vn,truong dia,trường địa,0.9500
vn,truong dich,trường dịch,1.0000
vn,truong dien,trường điện,1.0000
vn,truong dinh,trường định,1.0000
vn,truong doan,trưởng đoàn,0.9950
vn,truong doanh,trường doanh,0.9167
vn,truong du,trường dữ,0.9344
vn,truong duong,trương đường,1.0000
vn,truong giam,trưởng giám,0.9286
vn,truong hai,trưởng hải,0.9877
vn,truong hang,trường hàng,1.0000
vn,truong hoc,trường học,1.0000
vn,truong hop,trường hợp,0.9998
vn,truong khu,trường khu,1.0000
vn,truong kiem,trưởng kiểm,0.9262
vn,truong lao,trường lao,1.0000
vn,truong lien,trường liên,1.0000
vn,truong luu,trường lưu,0.9167
vn,truong mang,trường mạng,1.0000
vn,truong mo,trường mô,0.9002
vn,truong moi,trường mới,0.9821
vn,truong neu,trường nếu,1.0000
vn,truong ngoai,trường ngoại,0.9688
vn,truong pho,trưởng phó,0.9697
vn,truong phong,trưởng phòng,0.9714
vn,truong quoc,trường quốc,0.9730
vn,truong quy,trường quy,0.9259
vn,truong rui,trường rủi,1.0000
vn,truong si,trường sĩ,1.0000
vn,truong sinh,trường sinh,0.9583
vn,truong thi,trường thì,0.9231
vn,truong thong,trường thông,0.9977
vn,truong thu,trưởng thủ,0.9475
vn,truong tien,trường tiền,0.9500
vn,truong tin,trưởng tín,0.9556
vn,truong tong,trưởng tổng,0.9381
vn,truong tram,trưởng trạm,1.0000
vn,truong tri,trường trí,1.0000
vn,truong tru,trường trừ,1.0000
vn,truong trung,trường trung,0.9871
vn,truong truy,trưởng truy,1.0000
vn,truong viec,trường việc,0.9091
vn,truong vu,trưởng vụ,0.9963
vn,truong xuat,trường xuất,1.0000
vn,truong xuly,trường xửlý,1.0000
vn,trusoco quan,trụsởcơ quan,1.0000
vn,trutheo quy,trữtheo quy,1.0000
vn,truy cap,truy cập,1.0000
vn,truy cuu,truy cứu,1.0000
vn,truy na,truy nã,1.0000
vn,truy nguyen,truy nguyễn,0.9333
vn,truy nhap,truy nhập,1.0000
vn,truy tang,truy tặng,1.0000
vn,truy to,truy tố,1.0000
vn,truy van,truy vấn,1.0000
vn,truy xuat,truy xuất,1.0000
vn,truyen chong,truyền chống,1.0000
vn,truyen dan,truyền dẫn,1.0000
vn,truyen day,truyền đầy,1.0000
vn,truyen du,truyền dữ,0.9153
vn,truyen dua,truyền đưa,1.0000
vn,truyen hinh,truyền hình,1.0000
vn,truyen hoac,truyền hoặc,1.0000
vn,truyen ket,truyền kết,1.0000
vn,truyen nhan,truyền nhận,1.0000
vn,truyen nhiem,truyền nhiễm,1.0000
vn,truyen pho,truyền phổ,1.0000
vn,truyen qua,truyền qua,1.0000
vn,truyen quang,truyền quảng,1.0000
vn,truyen so,truyền số,1.0000
vn,truyen tai,truyền tải,1.0000
vn,truyen tem,truyền tem,1.0000
vn,truyen thong,truyền thông,0.9366
vn,truyen tin,truyền tin,0.9677
vn,truyen va,truyền và,0.9615
vn,truyen van,truyền vận,0.9000
vn,truyen ve,truyền về,1.0000
vn,tsc da,tsc đa,1.0000
vn,tsc hd,tsc hđ,1.0000
vn,tslcd cap,tslcd cấp,1.0000
vn,tt bgddt,tt bgdđt,1.0000
vn,tt nhom,tt nhóm,1.0000
vn,tt ten,tt tên,1.0000
vn,ttdt cac,ttđt các,1.0000
vn,ttdt chinh,ttđt chính,1.0000
vn,ttdt tinh,ttđt tỉnh,1.0000
vn,ttg cu,ttg cụ,1.0000
vn,ttg ngay,ttg ngày,1.0000
vn,ttg tgd,ttg tgđ,1.0000
vn,tthc duoc,tthc được,1.0000
vn,tthc linh,tthc lĩnh,1.0000
vn,tthc ten,tthc tên,1.0000
vn,ttlnh cac,ttlnh các,1.0000
vn,ttlnh de,ttlnh để,1.0000
vn,ttlnh duoc,ttlnh được,1.0000
vn,ttlnh la,ttlnh là,1.0000
vn,ttlnh quoc,ttlnh quốc,1.0000
vn,ttlnh thuc,ttlnh thực,1.0000
vn,ttlnh va,ttlnh và,1.0000
vn,tttt bo,tttt bộ,1.0000
vn,tttt cac,tttt các,1.0000
vn,tttt luu,tttt lưu,1.0000
vn,tu 0,từ 0,0.9412
vn,tu 01,từ 01,0.9439
vn,tu 02,từ 02,0.9545
vn,tu 03,từ 03,0.9674
vn,tu 04,từ 04,0.9286
vn,tu 05,từ 05,0.9706
vn,tu 06,từ 06,0.9412
vn,tu 07,từ 07,1.0000
vn,tu 09,từ 09,0.9512
vn,tu 10,từ 10,0.9125
vn,tu 120,từ 120,1.0000
vn,tu 125,từ 125,1.0000
vn,tu 130,từ 130,1.0000
vn,tu 140,từ 140,1.0000
vn,tu 15,từ 15,0.9624
vn,tu 150,từ 150,1.0000
vn,tu 160,từ 160,1.0000
vn,tu 170,từ 170,1.0000
vn,tu 180,từ 180,1.0000
vn,tu 1den,từ 1đến,1.0000
vn,tu 20,từ 20,0.9970
vn,tu 200,từ 200,1.0000
vn,tu 220,từ 220,1.0000
vn,tu 250,từ 250,1.0000
vn,tu 30,từ 30,0.9893
vn,tu 300,từ 300,0.9898
vn,tu 34,tư 34,0.9000
vn,tu 40,từ 40,0.9851
vn,tu 400,từ 400,1.0000
vn,tu 47,tư 47,0.9286
vn,tu 50,từ 50,1.0000
vn,tu 500,từ 500,1.0000
vn,tu 51,từ 51,1.0000
vn,tu 60,từ 60,1.0000
vn,tu 600,từ 600,1.0000
vn,tu 70,từ 70,1.0000
vn,tu 80,từ 80,1.0000
vn,tu 800,từ 800,1.0000
vn,tu 81,từ 81,1.0000
vn,tu 90,từ 90,1.0000
vn,tu 95,từ 95,1.0000
vn,tu bai,từ bãi,1.0000
vn,tu bieu,từ biểu,0.9200
vn,tu bu,tự bù,1.0000
vn,tu cach,tư cách,0.9881
vn,tu canh,tự cảnh,0.9231
vn,tu cay,từ cây,1.0000
vn,tu characterstring,tự characterstring,1.0000
vn,tu chenh,từ chênh,1.0000
vn,tu chien,tư chiến,1.0000
vn,tu chinh,tử chính,0.9375
vn,tu choi,từ chối,1.0000
vn,tu chuc,từ chức,0.9412
vn,tu cot,từ cốt,1.0000
vn,tu cum,từ cụm,1.0000
vn,tu dap,tử đáp,1.0000
vn,tu dien,từ điện,0.9644
vn,tu dong,tự động,0.9544
vn,tu email,tử email,1.0000
vn,tu g1,tử g1,1.0000
vn,tu g2,tử g2,1.0000
vn,tu gian,tư gián,1.0000
vn,tu giua,tử giữa,1.0000
vn,tu het,tử hết,1.0000
vn,tu hien,tử hiện,0.9000
vn,tu hoat,từ hoạt,0.9211
vn,tu huan,tự huấn,1.0000
vn,tu khoan,từ khoản,0.9839
vn,tu khoanh,tự khoanh,1.0000
vn,tu lenh,tư lệnh,0.9932
vn,tu lieu,tư liệu,1.0000
vn,tu lon,tư lớn,1.0000
vn,tu luoi,từ lưới,1.0000
vn,tu mao,tư mạo,1.0000
vn,tu minh,tự mình,0.9231
vn,tu nam,từ năm,0.9065
vn,tu nang,tư nâng,0.9618
vn,tu nay,tư này,0.9962
vn,tu nen,tử nền,0.9841
vn,tu ngan,từ ngân,0.9101
vn,tu ngay,từ ngày,0.9981
vn,tu nghiep,từ nghiệp,0.9000
vn,tu ngu,từ ngữ,1.0000
vn,tu nguon,từ nguồn,0.9892
vn,tu nguyen,tự nguyện,0.9094
vn,tu nham,tử nhằm,0.9333
vn,tu nhien,tự nhiên,1.0000
vn,tu nhieu,từ nhiều,0.9091
vn,tu pha,từ phá,1.0000
vn,tu phap,tư pháp,0.9872
vn,tu phat,tư phát,0.9167
vn,tu phia,từ phía,1.0000
vn,tu quoc,tử quốc,0.9310
vn,tu quyen,tư quyền,1.0000
vn,tu ra,tư ra,0.9191
vn,tu rac,tử rác,1.0000
vn,tu rui,từ rủi,0.9091
vn,tu sach,tủ sách,0.9600
vn,tu sap,từ sắp,0.9000
vn,tu so25,tư số25,1.0000
vn,tu so46,tư số46,1.0000
vn,tu so59,tư số59,1.0000
vn,tu thang,từ tháng,0.9773
vn,tu them,tư thêm,1.0000
vn,tu thien,từ thiện,1.0000
vn,tu thoi,từ thời,0.9292
vn,tu tich,tử tích,0.9840
vn,tu trich,tử trích,0.9444
vn,tu truyen,tử truyền,1.0000
vn,tu tuat,tử tuất,1.0000
vn,tu unicode,tự unicode,1.0000
vn,tu uu,tự ưu,0.9643
vn,tu vao,tư vào,0.9213
vn,tu vat,tư vật,0.9834
vn,tu viec,từ việc,0.9448
vn,tu von,tư vốn,0.9547
vn,tu www,tử www,1.0000
vn,tu xam,tử xâm,0.9615
vn,tu xay,tư xây,0.9549
vn,tu xet,tư xét,0.9444
vn,tu xoa,tử xóa,0.9524
vn,tu xu,từ xử,0.9205
vn,tu02 nam,từ02 năm,1.0000
vn,tu05 nam,từ05 năm,1.0000
vn,tu10 nam,từ10 năm,1.0000
vn,tu25 nam,từ25 năm,1.0000
vn,tu3 nam,từ3 năm,1.0000
vn,tu80 trolen,từ80 trởlên,1.0000
vn,tu90 trolen,từ90 trởlên,1.0000
vn,tuan 1,tuần 1,1.0000
vn,tuan ngay,tuần ngày,1.0000
vn,tuan theo,tuân theo,0.9836
vn,tuan thi,tuần thì,1.0000
vn,tuan thu,tuân thủ,0.9995
vn,tuan tu,tuần tự,0.9167
vn,tuan va,tuần và,1.0000
vn,tuan xep,tuần xếp,1.0000
vn,tuat do,tuất do,1.0000
vn,tuat hang,tuất hằng,1.0000
vn,tuc 1,tục 1,0.9231
vn,tuc 2,tục 2,1.0000
vn,tuc 24,tục 24,1.0000
vn,tuc 3,tục 3,1.0000
vn,tuc ap,tục áp,1.0000
vn,tuc ban,tục bán,0.9294
vn,tuc bang,tức bằng,0.9375
vn,tuc can,tục cần,1.0000
vn,tuc cap,tục cấp,0.9863
vn,tuc cham,tục chấm,1.0000
vn,tuc chap,tục chấp,1.0000
vn,tuc chedothong,túc chếđộthông,1.0000
vn,tuc chi,tục chi,1.0000
vn,tuc cho,tục cho,0.9286
vn,tuc chung,tục chứng,0.9167
vn,tuc chuyen,tục chuyển,0.9918
vn,tuc cong,tục công,0.9808
vn,tuc cua,tục của,0.9459
vn,tuc cung,tục cung,1.0000
vn,tuc da,tục đã,1.0000
vn,tuc dang,tục đăng,1.0000
vn,tuc danh,tục đánh,1.0000
vn,tuc dieu,tục điều,1.0000
vn,tuc du10,tục đủ10,1.0000
vn,tuc duy,tục duy,1.0000
vn,tuc ghi,tục ghi,1.0000
vn,tuc gia,tục gia,0.9750
vn,tuc giai,tục giải,1.0000
vn,tuc giam,tục giám,0.9091
vn,tuc giao,tục giao,1.0000
vn,tuc gui,tục gửi,1.0000
vn,tuc hai,tục hải,1.0000
vn,tuc hanh,tục hành,1.0000
vn,tuc hoan,tục hoàn,0.9737
vn,tuc hoat,tục hoạt,1.0000
vn,tuc hop,tục họp,0.9091
vn,tuc ket,tục kết,1.0000
vn,tuc khai,tục khai,1.0000
vn,tuc khi,tục khi,1.0000
vn,tuc khoa,tục khóa,1.0000
vn,tuc khong,tục không,1.0000
vn,tuc kiem,tục kiểm,1.0000
vn,tuc kinh,tục kinh,1.0000
vn,tuc lap,tục lập,0.9944
vn,tuc loi,tức lợi,1.0000
vn,tuc luu,tục lưu,1.0000
vn,tuc mo,tục mở,1.0000
vn,tuc nhan,tục nhận,1.0000
vn,tuc nhap,tục nhập,1.0000
vn,tuc nhu,tục như,1.0000
vn,tuc noi,tục nội,1.0000
vn,tuc nop,tục nộp,1.0000
vn,tuc on,tục ổn,1.0000
vn,tuc pha,tục phá,1.0000
vn,tuc phai,tục phải,1.0000
vn,tuc phan,tục phân,1.0000
vn,tuc phat,tục phát,0.9804
vn,tuc phe,tục phê,1.0000
vn,tuc quan,tục quản,0.9697
vn,tuc quy,tục quy,0.9580
vn,tuc quyet,tục quyết,1.0000
vn,tuc rut,tục rút,1.0000
vn,tuc sau,tục sau,1.0000
vn,tuc su,tục sử,0.9957
vn,tuc sua,tục sửa,1.0000
vn,tuc tam,tục tạm,0.9744
vn,tuc tap,tục tập,1.0000
vn,tuc thay,tục thay,1.0000
vn,tuc theo,tục theo,1.0000
vn,tuc thong,tục thông,0.9608
vn,tuc thu,tục thu,0.9636
vn,tuc thuc,tục thực,0.9921
vn,tuc tich,tục tích,0.9091
vn,tuc tiep,tục tiếp,1.0000
vn,tuc tra,tục trả,1.0000
vn,tuc trinh,tục trình,1.0000
vn,tuc trong,tục trong,1.0000
vn,tuc tu02,tục từ02,1.0000
vn,tuc tu10,tục từ10,1.0000
vn,tuc tu25,tục từ25,1.0000
vn,tuc va,tục và,0.9559
vn,tuc ve,tục về,0.9857
vn,tuc velai,tục vềlại,1.0000
vn,tuc xac,tục xác,1.0000
vn,tuc xem,tục xem,1.0000
vn,tuc xep,tục xếp,1.0000
vn,tuc xin,tục xin,1.0000
vn,tuc xu,tục xử,1.0000
vn,tuc xuat,tục xuất,1.0000
vn,tuc yeu,tục yêu,1.0000
vn,tucho thue,tửcho thuê,1.0000
vn,tucua ngan,tửcủa ngân,1.0000
vn,tudo hanh,tựdo hạnh,1.0000
vn,tue chi,tuệ chi,1.0000
vn,tue cho,tuệ cho,1.0000
vn,tue co,tuệ có,0.9333
vn,tue cua,tuệ của,1.0000
vn,tue doi,tuệ đối,1.0000
vn,tue duoc,tuệ được,1.0000
vn,tue giai,tuệ giai,1.0000
vn,tue ho,tuệ hỗ,1.0000
vn,tue hoac,tuệ hoặc,1.0000
vn,tue nhan,tuệ nhân,0.9994
vn,tue phuc,tuệ phục,1.0000
vn,tue su,tuệ sử,1.0000
vn,tue theo,tuệ theo,1.0000
vn,tue to,tuệ tổ,1.0000
vn,tue trong,tuệ trong,1.0000
vn,tue va,tuệ và,1.0000
vn,tue viec,tuệ việc,1.0000
vn,tukhi duoc,từkhi được,1.0000
vn,tunam 1968,từnăm 1968,1.0000
vn,tung bang,từng băng,0.9048
vn,tung bo,từng bộ,0.9000
vn,tung buoc,từng bước,1.0000
vn,tung ca,từng cá,1.0000
vn,tung cap,từng cấp,1.0000
vn,tung chuong,từng chương,1.0000
vn,tung cong,từng công,1.0000
vn,tung cung,tụng cung,0.9000
vn,tung dac,tụng đặc,1.0000
vn,tung dan,tụng dân,0.9778
vn,tung dang,tụng đang,1.0000
vn,tung dia,từng địa,1.0000
vn,tung dich,từng dịch,1.0000
vn,tung doanh,từng doanh,1.0000
vn,tung don,từng đơn,1.0000
vn,tung dot,từng đợt,1.0000
vn,tung giai,từng giai,0.9211
vn,tung giao,từng giao,0.9231
vn,tung he,từng hệ,1.0000
vn,tung hinh,tụng hình,0.9645
vn,tung hoat,từng hoạt,0.9211
vn,tung hop,từng hợp,1.0000
vn,tung khach,từng khách,1.0000
vn,tung khoan,từng khoản,1.0000
vn,tung khoi,từng khối,0.9167
vn,tung ky,từng kỳ,1.0000
vn,tung lan,từng lần,1.0000
vn,tung loai,từng loại,0.9912
vn,tung nam,từng năm,1.0000
vn,tung ngan,từng ngân,0.9000
vn,tung ngay,từng ngày,1.0000
vn,tung nghiep,từng nghiệp,1.0000
vn,tung nguon,từng nguồn,1.0000
vn,tung nhom,từng nhóm,1.0000
vn,tung o,tùng ô,0.9412
vn,tung phan,từng phần,0.9710
vn,tung phuong,từng phương,0.9697
vn,tung san,từng sản,1.0000
vn,tung tai,từng tài,1.0000
vn,tung tan,từng tần,1.0000
vn,tung thanh,từng thành,1.0000
vn,tung thoi,từng thời,1.0000
vn,tung thua,từng thửa,1.0000
vn,tung thutuc,từng thủtục,1.0000
vn,tung tieu,từng tiêu,1.0000
vn,tung toi,từng tội,1.0000
vn,tung truong,từng trường,0.9915
vn,tung vu,từng vụ,1.0000
vn,tung yeu,tụng yêu,0.9000
vn,tungay 06,từngày 06,1.0000
vn,tuoc quoc,tước quốc,1.0000
vn,tuoc quyen,tước quyền,1.0000
vn,tuoi 1,tuổi 1,1.0000
vn,tuoi chua,tuổi chưa,1.0000
vn,tuoi den,tuổi đến,1.0000
vn,tuoi duoc,tuổi được,1.0000
vn,tuoi gui,tuổi gửi,1.0000
vn,tuoi ho,tuổi hỗ,0.9091
vn,tuoi khong,tuổi không,1.0000
vn,tuoi nghi,tuổi nghỉ,1.0000
vn,tuoi nguoi,tuổi người,1.0000
vn,tuoi phun,tưới phun,1.0000
vn,tuoi se,tuổi sẽ,1.0000
vn,tuoi tai,tuổi tái,0.9800
vn,tuoi tro,tuổi trở,1.0000
vn,tuong ap,tượng áp,0.9817
vn,tuong b,tượng b,1.0000
vn,tuong bao,tượng báo,0.9333
vn,tuong bi,tượng bị,0.9815
vn,tuong cac,tướng các,0.9200
vn,tuong chinh,tướng chính,0.9711
vn,tuong chiu,tượng chịu,1.0000
vn,tuong cua,tượng của,0.9444
vn,tuong cung,tượng cung,1.0000
vn,tuong dau,tượng đầu,0.9796
vn,tuong dia,tượng địa,1.0000
vn,tuong dieu,tượng điều,1.0000
vn,tuong dung,tượng đúng,1.0000
vn,tuong duoc,tượng được,0.9984
vn,tuong duong,tương đương,0.9964
vn,tuong ghi,tượng ghi,1.0000
vn,tuong giam,tượng giám,0.9810
vn,tuong gui,tượng gửi,1.0000
vn,tuong id,tượng id,1.0000
vn,tuong khac,tượng khác,1.0000
vn,tuong khach,tượng khách,1.0000
vn,tuong khau,tượng khấu,1.0000
vn,tuong khong,tượng không,1.0000
vn,tuong kiem,tượng kiểm,1.0000
vn,tuong lai,tương lai,1.0000
vn,tuong lua,tường lửa,1.0000
vn,tuong nguoi,tượng người,1.0000
vn,tuong nguyen,tướng nguyễn,1.0000
vn,tuong nhan,tượng nhận,0.9500
vn,tuong phai,tượng phải,1.0000
vn,tuong pham,tượng phạm,1.0000
vn,tuong pho,tướng phó,1.0000
vn,tuong phuong,tượng phương,1.0000
vn,tuong quan,tượng quản,0.9250
vn,tuong quy,tượng quy,1.0000
vn,tuong sau,tượng sau,1.0000
vn,tuong so,tượng sở,0.9167
vn,tuong su,tượng sử,0.9902
vn,tuong tac,tương tác,0.9853
vn,tuong ten,tượng tên,1.0000
vn,tuong thanh,tượng thanh,1.0000
vn,tuong theo,tượng theo,1.0000
vn,tuong thich,tương thích,1.0000
vn,tuong thuc,tượng thực,1.0000
vn,tuong thuoc,tượng thuộc,1.0000
vn,tuong thuy,tượng thủy,0.9821
vn,tuong tiep,tượng tiếp,1.0000
vn,tuong tinh,tượng tính,0.9000
vn,tuong trong,tượng trong,1.0000
vn,tuong tu,tương tự,0.9485
vn,tuong ung,tương ứng,0.9932
vn,tuong uu,tượng ưu,1.0000
vn,tuong va,tượng và,0.9494
vn,tuthien nhan,từthiện nhân,1.0000
vn,tuthuc hien,tựthực hiện,1.0000
vn,tuu cach,tựu cách,1.0000
vn,tuy chon,tùy chọn,1.0000
vn,tuy cuc,túy cục,1.0000
vn,tuy nhien,tuy nhiên,1.0000
vn,tuy than,tùy thân,0.9381
vn,tuy va,túy và,0.9589
vn,tuy voi,tụy với,1.0000
vn,tuyen 1,tuyến 1,1.0000
vn,tuyen 110,tuyến 110,1.0000
vn,tuyen 2,tuyến 2,0.9778
vn,tuyen 3,tuyến 3,1.0000
vn,tuyen 4,tuyến 4,1.0000
vn,tuyen 5,tuyến 5,1.0000
vn,tuyen bang,tuyến băng,0.9167
vn,tuyen bo,tuyên bố,0.9667
vn,tuyen c,tuyến c,0.9375
vn,tuyen cap,tuyến cáp,0.9714
vn,tuyen cho,tuyến cho,1.0000
vn,tuyen chon,tuyển chọn,1.0000
vn,tuyen cu,tuyến cự,0.9500
vn,tuyen cua,tuyến của,1.0000
vn,tuyen dan,tuyến dẫn,1.0000
vn,tuyen de,tuyến để,0.9811
vn,tuyen dia,tuyến địa,1.0000
vn,tuyen dien,tuyến điện,0.9986
vn,tuyen doanh,tuyến doanh,1.0000
vn,tuyen duoc,tuyến được,0.9250
vn,tuyen duong,tuyến đường,1.0000
vn,tuyen ghi,tuyến ghi,1.0000
vn,tuyen he,tuyến hệ,1.0000
vn,tuyen ho,tuyển hồ,0.9310
vn,tuyen hoat,tuyến hoạt,1.0000
vn,tuyen khac,tuyến khác,1.0000
vn,tuyen la,tuyến là,0.9565
vn,tuyen mang,tuyến mạng,1.0000
vn,tuyen muc,tuyến mức,0.9630
vn,tuyen phai,tuyến phải,1.0000
vn,tuyen phuc,tuyến phục,1.0000
vn,tuyen qua,tuyến qua,1.0000
vn,tuyen quang,tuyên quang,1.0000
vn,tuyen quyen,tuyển quyền,0.9583
vn,tuyen su,tuyến sử,0.9375
vn,tuyen tai,tuyến tại,0.9851
vn,tuyen thanh,tuyến thành,1.0000
vn,tuyen theo,tuyến theo,0.9524
vn,tuyen thi,tuyến thì,1.0000
vn,tuyen thiet,tuyến thiết,1.0000
vn,tuyen thuc,tuyến thực,1.0000
vn,tuyen tinh,tuyến tính,0.9444
vn,tuyen to,tuyến tổ,1.0000
vn,tuyen tren,tuyến trên,1.0000
vn,tuyen trong,tuyến trong,0.9792
vn,tuyen truyen,tuyên truyền,0.9972
vn,tuyen ve,tuyến về,1.0000
vn,tuyen voi,tuyến với,1.0000
vn,tuyet doi,tuyệt đối,1.0000
vn,tuyet mat,tuyệt mật,1.0000
vn,tw don,tw đơn,1.0000
vn,ty chung,ty chứng,1.0000
vn,ty co,ty cổ,0.9595
vn,ty cong,ty công,0.9286
vn,ty dai,ty đại,1.0000
vn,ty dien,ty điện,1.0000
vn,ty dong,tỷ đồng,1.0000
vn,ty gia,tỷ giá,0.9713
vn,ty hop,ty hợp,1.0000
vn,ty kiem,ty kiểm,1.0000
vn,ty lam,ty lâm,1.0000
vn,ty le,tỷ lệ,0.9969
vn,ty lien,ty liên,1.0000
vn,ty luu,ty lưu,1.0000
vn,ty ma,ty mã,1.0000
vn,ty me,ty mẹ,1.0000
vn,ty nha,ty nhà,1.0000
vn,ty quan,ty quản,1.0000
vn,ty quyet,ty quyết,1.0000
vn,ty san,ty sản,1.0000
vn,ty suat,tỷ suất,1.0000
vn,ty thi,ty thì,1.0000
vn,ty thong,ty thông,1.0000
vn,ty trach,ty trách,1.0000
vn,ty truc,ty trực,1.0000
vn,ty ve,ty về,1.0000
vn,ty vnd,tỷ vnd,1.0000
vn,tylephieu bau,tỷlệphiếu bầu,1.0000
vn,tƣ van,tƣ vấn,1.0000
vn,u li,ữ li,1.0000
vn,u ly,ử lý,1.0000
vn,u y,ủ y,1.0000
vn,ubnd cac,ubnd các,1.0000
vn,ubnd cap,ubnd cấp,1.0000
vn,ubnd huyen,ubnd huyện,1.0000
vn,ubnd ngay,ubnd ngày,1.0000
vn,ubnd tinh,ubnd tỉnh,0.9831
vn,ubnd va,ubnd và,1.0000
vn,uiong tin,ứiông tin,1.0000
vn,ung 1,ứng 1,1.0000
vn,ung 2,ứng 2,1.0000
vn,ung b,ứng b,1.0000
vn,ung bang,ứng bằng,0.9231
vn,ung cac,ứng các,1.0000
vn,ung chi,ứng chi,1.0000
vn,ung cho,ứng cho,1.0000
vn,ung cua,ứng của,0.9801
vn,ung cuu,ứng cứu,1.0000
vn,ung da,ứng đã,1.0000
vn,ung day,ứng đầy,1.0000
vn,ung de,ứng để,1.0000
vn,ung dich,ứng dịch,0.9995
vn,ung dieu,ứng điều,1.0000
vn,ung doi,ứng đối,0.9767
vn,ung dong,ứng đồng,1.0000
vn,ung du,ứng đủ,0.9857
vn,ung dung,ứng dụng,0.9961
vn,ung duoc,ứng được,0.9857
vn,ung giai,ứng giải,1.0000
vn,ung ha,ứng hạ,1.0000
vn,ung hoac,ứng hoặc,1.0000
vn,ung hoan,ứng hoàn,1.0000
vn,ung ket,ứng kết,1.0000
vn,ung khi,ứng khi,1.0000
vn,ung khong,ứng không,1.0000
vn,ung kinh,ứng kinh,1.0000
vn,ung lan,ứng lần,1.0000
vn,ung mot,ứng một,1.0000
vn,ung neu,ứng nếu,1.0000
vn,ung ngan,ứng ngân,1.0000
vn,ung nghiem,ứng nghiệm,1.0000
vn,ung nhanh,ứng nhanh,1.0000
vn,ung nhu,ứng nhu,0.9149
vn,ung pho,ứng phó,1.0000
vn,ung phuong,ứng phương,1.0000
vn,ung quy,ứng quy,1.0000
vn,ung san,ứng sản,1.0000
vn,ung sec,ứng séc,1.0000
vn,ung so,ứng số,0.9231
vn,ung tai,ứng tại,0.9839
vn,ung theo,ứng theo,0.9915
vn,ung thoi,ứng thời,1.0000
vn,ung thong,ứng thông,0.9655
vn,ung thuc,ứng thực,1.0000
vn,ung tieu,ứng tiêu,1.0000
vn,ung toi,ứng tối,1.0000
vn,ung trong,ứng trong,0.9565
vn,ung truoc,ứng trước,1.0000
vn,ung tu,ứng từ,1.0000
vn,ung va,ứng và,1.0000
vn,ung ve,ứng về,1.0000
vn,ung viec,ứng việc,1.0000
vn,ung vien,ứng viên,1.0000
vn,ung voi,ứng với,0.9830
vn,ung von,ứng vốn,1.0000
vn,ung xu,ứng xử,1.0000
vn,ung yeu,ứng yêu,1.0000
vn,uo c,ướ c,1.0000
vn,uoc b2,ước b2,1.0000
vn,uoc b3,ước b3,1.0000
vn,uoc cites,ước cites,1.0000
vn,uoc doi,ước đối,1.0000
vn,uoc gia,ước giá,0.9333
vn,uoc la,ước là,1.0000
vn,uoc quoc,ước quốc,1.0000
vn,uoc thiet,ước thiết,1.0000
vn,uoc tinh,ước tính,0.9423
vn,uoc va,ước và,1.0000
vn,uom tao,ươm tạo,1.0000
vn,uong 1,ương 1,1.0000
vn,uong 2,ương 2,1.0000
vn,uong 3,ương 3,1.0000
vn,uong 4,ương 4,1.0000
vn,uong a,ương a,1.0000
vn,uong b,ương b,1.0000
vn,uong c,ương c,1.0000
vn,uong cac,ương các,0.9868
vn,uong chia,ương chia,1.0000
vn,uong chiu,ương chịu,0.9930
vn,uong cho,ương cho,1.0000
vn,uong chu,ương chủ,0.9970
vn,uong con,ương còn,1.0000
vn,uong cong,ương công,1.0000
vn,uong cua,ương của,0.9655
vn,uong cuc,ương cục,0.9500
vn,uong da,ương đã,1.0000
vn,uong dang,ương đảng,0.9899
vn,uong de,ương để,0.9600
vn,uong den,ương đến,1.0000
vn,uong dia,ương địa,1.0000
vn,uong doi,ương đối,0.9156
vn,uong duoc,ương được,1.0000
vn,uong giao,ương giao,1.0000
vn,uong giua,ương giữa,1.0000
vn,uong goi,ương gọi,1.0000
vn,uong gui,ương gửi,1.0000
vn,uong hoac,ương hoặc,1.0000
vn,uong hoi,ương hội,1.0000
vn,uong khac,ương khác,1.0000
vn,uong la,ương là,1.0000
vn,uong lap,ương lập,1.0000
vn,uong mat,ương mặt,1.0000
vn,uong nam,ương năm,1.0000
vn,uong nguoi,ương người,1.0000
vn,uong noi,ương nơi,1.0000
vn,uong phan,ương phân,0.9643
vn,uong phe,ương phê,1.0000
vn,uong quan,ương quản,0.9915
vn,uong quy,ương quy,1.0000
vn,uong quyet,ương quyết,1.0000
vn,uong sang,ương sang,1.0000
vn,uong sau,ương sau,1.0000
vn,uong thanh,ương thành,0.9444
vn,uong theo,ương theo,1.0000
vn,uong thi,ương thì,0.9231
vn,uong thuc,ương thực,1.0000
vn,uong tinh,ương tỉnh,0.9000
vn,uong to,ương tổ,1.0000
vn,uong tong,ương tổng,1.0000
vn,uong tren,ương trên,1.0000
vn,uong trinh,ương trình,1.0000
vn,uong tro,ương trở,1.0000
vn,uong tru,ương trừ,1.0000
vn,uong uy,ương ủy,0.9896
vn,uong va,ương và,0.9866
vn,uong van,ương văn,0.9737
vn,uong ve,ương về,1.0000
vn,uong ven,ương ven,1.0000
vn,uong voi,ương với,1.0000
vn,uong von,ương vốn,1.0000
vn,uong xem,ương xem,1.0000
vn,uop lanh,ướp lạnh,1.0000
vn,uu dai,ưu đãi,0.9990
vn,uu tien,ưu tiên,1.0000
vn,uy ban,ủy ban,0.9563
vn,uy chinh,ủy chính,1.0000
vn,uy hoi,ủy hội,1.0000
vn,uy la,ủy là,1.0000
vn,uy ngan,ủy ngân,1.0000
vn,uy quan,ủy quản,0.9167
vn,uy quyen,ủy quyền,0.9090
vn,uy quyet,ủy quyết,1.0000
vn,uy thanh,ủy thành,1.0000
vn,uy tin,uy tín,1.0000
vn,uy va,ủy và,0.9231
vn,v a,v ậ,0.9286
vn,v co,v có,0.9565
vn,v doi,v đối,1.0000
vn,v e,v ề,0.9231
vn,v mau,v mẫu,1.0000
vn,v nghi,v nghị,1.0000
vn,v o,v ớ,1.0000
vn,v u,v ụ,1.0000
vn,va 01,và 01,1.0000
vn,va 02,và 02,1.0000
vn,va 04,và 04,1.0000
vn,va 06,và 06,1.0000
vn,va 07,và 07,1.0000
vn,va 10,và 10,1.0000
vn,va 11,và 11,1.0000
vn,va 12,và 12,1.0000
vn,va 13,và 13,1.0000
vn,va 14,và 14,1.0000
vn,va 15,và 15,1.0000
vn,va 16,và 16,1.0000
vn,va 2,và 2,1.0000
vn,va 20,và 20,1.0000
vn,va 21,và 21,1.0000
vn,va 25,và 25,1.0000
vn,va 27,và 27,1.0000
vn,va 3,và 3,1.0000
vn,va 31,và 31,1.0000
vn,va 32,và 32,1.0000
vn,va 4,và 4,1.0000
vn,va 40,và 40,1.0000
vn,va 41,và 41,1.0000
vn,va 44,và 44,1.0000
vn,va 47,và 47,1.0000
vn,va 4a,và 4a,1.0000
vn,va 5,và 5,1.0000
vn,va 50,và 50,1.0000
vn,va 54,và 54,1.0000
vn,va 6,và 6,1.0000
vn,va 66,và 66,1.0000
vn,va 7,và 7,1.0000
vn,va 8,và 8,1.0000
vn,va 9,và 9,1.0000
vn,va 93,và 93,1.0000
vn,va an,và an,0.9815
vn,va anh,và ảnh,1.0000
vn,va ap,và áp,1.0000
vn,va asn,và asn,1.0000
vn,va b,và b,1.0000
vn,va bai,và bãi,0.9592
vn,va ben,và bên,0.9245
vn,va bien,và biện,0.9054
vn,va bieu,và biểu,1.0000
vn,va bu,và bù,1.0000
vn,va c,và c,1.0000
vn,va ca,và cá,0.9595
vn,va cac,và các,0.9997
vn,va cach,và cách,1.0000
vn,va cam,và cam,0.9846
vn,va cao,và cao,1.0000
vn,va chanh,và chánh,1.0000
vn,va chap,và chấp,1.0000
vn,va chat,và chất,1.0000
vn,va che,và chế,0.9885
vn,va chia,và chia,1.0000
vn,va chinh,và chính,0.9167
vn,va chiu,và chịu,1.0000
vn,va cho,và cho,1.0000
vn,va chuan,và chuẩn,1.0000
vn,va chuc,và chức,1.0000
vn,va chung,và chứng,0.9967
vn,va chuong,và chương,1.0000
vn,va cong,và công,0.9783
vn,va cua,và của,0.9928
vn,va cuc,và cục,1.0000
vn,va cung,và cung,0.9293
vn,va cuong,và cưỡng,1.0000
vn,va cuu,và cứu,1.0000
vn,va dac,và đặc,1.0000
vn,va dam,và đảm,0.9930
vn,va dao,và đào,0.9182
vn,va dap,và đáp,0.9818
vn,va dau,và đầu,0.9073
vn,va de,và đề,0.9251
vn,va den,và đến,0.9583
vn,va denghi,và đềnghị,1.0000
vn,va dia,và địa,0.9973
vn,va dich,và dịch,1.0000
vn,va diem,và điểm,0.9984
vn,va dieu,và điều,1.0000
vn,va dinh,và định,0.9211
vn,va doanh,và doanh,1.0000
vn,va don,và đơn,0.9656
vn,va dot,và đột,1.0000
vn,va du15,và đủ15,1.0000
vn,va dua,và đưa,0.9259
vn,va duoc,và được,1.0000
vn,va duong,và đường,1.0000
vn,va duy,và duy,1.0000
vn,va e,và e,0.9864
vn,va file,và file,1.0000
vn,va g,và g,1.0000
vn,va gan,và gắn,1.0000
vn,va gay,và gây,1.0000
vn,va ghi,và ghi,1.0000
vn,va giai,và giải,0.9929
vn,va giao,và giao,0.9885
vn,va giay,và giấy,1.0000
vn,va gioi,và giới,1.0000
vn,va giu,và giữ,1.0000
vn,va giua,và giữa,1.0000
vn,va go,và gỗ,0.9259
vn,va gui,và gửi,1.0000
vn,va h,và h,1.0000
vn,va ha,và hạ,1.0000
vn,va hach,và hạch,1.0000
vn,va hai,và hải,0.9176
vn,va han,và hạn,0.9778
vn,va hanh,và hành,0.9921
vn,va he,và hệ,1.0000
vn,va hen,và hẹn,1.0000
vn,va hieu,và hiệu,0.9482
vn,va hinh,và hình,1.0000
vn,va hoac,và hoặc,1.0000
vn,va hoan,và hoàn,1.0000
vn,va hoat,và hoạt,1.0000
vn,va hoc,và học,1.0000
vn,va hoi,và hội,1.0000
vn,va hop,và hợp,0.9901
vn,va huong,và hướng,0.9862
vn,va i,và i,1.0000
vn,va iii,và iii,1.0000
vn,va in,và in,1.0000
vn,va internet,và internet,1.0000
vn,va it,và ít,1.0000
vn,va k,và k,1.0000
vn,va ke,và kế,0.9533
vn,va ket,và kết,1.0000
vn,va kha,và khả,1.0000
vn,va khac,và khắc,0.9831
vn,va khach,và khách,1.0000
vn,va khai,và khai,0.9990
vn,va khen,và khen,1.0000
vn,va kho,và kho,0.9873
vn,va khoan,và khoản,1.0000
vn,va khoang,và khoáng,0.9736
vn,va khong,và không,1.0000
vn,va khop,và khớp,1.0000
vn,va khu,và khu,1.0000
vn,va khung,và khung,1.0000
vn,va khuyen,và khuyến,1.0000
vn,va kiem,và kiểm,0.9982
vn,va kien,và kiến,1.0000
vn,va kieu,và kiểu,1.0000
vn,va kinh,và kinh,1.0000
vn,va kip,và kịp,1.0000
vn,va lai,và lãi,1.0000
vn,va lam,và làm,0.9836
vn,va lap,và lập,0.9829
vn,va lay,và lấy,1.0000
vn,va le,và lệ,0.9915
vn,va lenh,và lệnh,1.0000
vn,va lien,và liên,0.9615
vn,va loai,và loại,0.9787
vn,va loi,và lợi,0.9077
vn,va lua,và lựa,1.0000
vn,va luat,và luật,1.0000
vn,va luc,và lực,1.0000
vn,va luu,và lưu,1.0000
vn,va ly,và lý,1.0000
vn,va m,và m,1.0000
vn,va ma,và mã,1.0000
vn,va manh,và mảnh,1.0000
vn,va mau,và mẫu,0.9231
vn,va may,và máy,1.0000
vn,va moi,và môi,0.9448
vn,va mot,và một,1.0000
vn,va mua,và mua,1.0000
vn,va nen,và nền,1.0000
vn,va neu,và nêu,0.9944
vn,va ngan,và ngân,0.9183
vn,va nghi,và nghị,1.0000
vn,va nghia,và nghĩa,1.0000
vn,va nghiem,và nghiệm,0.9333
vn,va nghien,và nghiên,1.0000
vn,va nghiep,và nghiệp,1.0000
vn,va ngung,và ngừng,1.0000
vn,va nguoc,và ngược,1.0000
vn,va nguoi,và người,1.0000
vn,va nguon,và nguồn,1.0000
vn,va nguy,và nguy,1.0000
vn,va nguyen,và nguyên,1.0000
vn,va nha,và nhà,1.0000
vn,va nhap,và nhập,1.0000
vn,va nhiem,và nhiệm,1.0000
vn,va nho,và nhỏ,1.0000
vn,va nhom,và nhóm,1.0000
vn,va nhu,và nhu,0.9783
vn,va nhung,và những,1.0000
vn,va no,và nợ,1.0000
vn,va nong,và nông,1.0000
vn,va nop,và nộp,1.0000
vn,va nuoc,và nước,1.0000
vn,va oncorhynchus,và oncorhynchus,1.0000
vn,va phai,và phải,0.9980
vn,va pham,và phạm,0.9953
vn,va phap,và pháp,1.0000
vn,va phat,và phát,0.9974
vn,va phe,và phê,0.9689
vn,va phi,và phí,0.9394
vn,va phoi,và phối,0.9891
vn,va phuc,và phục,0.9091
vn,va phuong,và phương,1.0000
vn,va quan,và quản,0.9381
vn,va quoc,và quốc,1.0000
vn,va quyen,và quyền,1.0000
vn,va quyet,và quyết,1.0000
vn,va quytin,và quỹtín,1.0000
vn,va r,và r,1.0000
vn,va ra,và ra,0.9048
vn,va ro,và rõ,1.0000
vn,va rui,và rủi,1.0000
vn,va san,và sản,0.9083
vn,va sao,và sao,1.0000
vn,va sau,và sau,0.9794
vn,va se,và sẽ,0.9231
vn,va sieu,và siêu,1.0000
vn,va sinh,và sinh,1.0000
vn,va su,và sử,0.9741
vn,va sua,và sửa,1.0000
vn,va suc,và sức,1.0000
vn,va sudung,và sửdụng,1.0000
vn,va t,và t,1.0000
vn,va tac,và tác,1.0000
vn,va tai,và tài,0.9158
vn,va tan,và tần,0.9600
vn,va tang,và tăng,0.9286
vn,va tao,và tạo,1.0000
vn,va tap,và tập,0.9200
vn,va tctqt,và tctqt,1.0000
vn,va ten,và tên,1.0000
vn,va thap,và thấp,1.0000
vn,va thay,và thay,1.0000
vn,va thehetre,và thếhệtrẻ,1.0000
vn,va theo,và theo,1.0000
vn,va thiet,và thiết,0.9773
vn,va thoi,và thời,0.9970
vn,va thuan,và thuận,1.0000
vn,va thuat,và thuật,1.0000
vn,va thuc,và thực,0.9899
vn,va thuy,và thủy,0.9000
vn,va thuyet,và thuyết,1.0000
vn,va tich,và tích,0.9091
vn,va tieng,và tiếng,1.0000
vn,va tiep,và tiếp,1.0000
vn,va tiet,và tiết,1.0000
vn,va tieu,và tiêu,0.9442
vn,va tim,và tìm,1.0000
vn,va tls,và tls,1.0000
vn,va to,và tổ,0.9912
vn,va toan,và toàn,1.0000
vn,va tong,và tổng,1.0000
vn,va tra,và trả,0.9524
vn,va trach,và trách,1.0000
vn,va tram,và trạm,1.0000
vn,va trang,và trang,0.9796
vn,va trao,và trao,1.0000
vn,va trat,và trật,1.0000
vn,va tren,và trên,1.0000
vn,va trich,và trích,1.0000
vn,va trien,và triển,1.0000
vn,va trinh,và trình,1.0000
vn,va trong,và trong,0.9062
vn,va truc,và trực,0.9200
vn,va trung,và trung,0.9634
vn,va truoc,và trước,1.0000
vn,va truy,và truy,0.9706
vn,va truyen,và truyền,0.9994
vn,va tuan,và tuân,1.0000
vn,va tung,và từng,1.0000
vn,va tuong,và tương,1.0000
vn,va ty,và tỷ,1.0000
vn,va ung,và ứng,0.9918
vn,va uu,và ưu,1.0000
vn,va uy,và ủy,0.9344
vn,va vang,và vàng,1.0000
vn,va vat,và vật,1.0000
vn,va viec,và việc,1.0000
vn,va viet,và viết,1.0000
vn,va voi,và với,0.9412
vn,va von,và vốn,1.0000
vn,va vua,và vừa,1.0000
vn,va vung,và vùng,1.0000
vn,va xa,và xã,0.9970
vn,va xac,và xác,1.0000
vn,va xay,và xây,0.9832
vn,va xe,và xe,1.0000
vn,va xem,và xem,1.0000
vn,va xep,và xếp,1.0000
vn,va xet,và xét,1.0000
vn,va xu,và xử,0.9875
vn,va xuat,và xuất,1.0000
vn,va y,và ý,0.9569
vn,va yeu,và yêu,0.9696
vn,vai tro,vai trò,1.0000
vn,van ban,văn bản,0.9946
vn,van bang,văn bằng,0.9889
vn,van chua,vẫn chưa,0.9167
vn,van chuyen,vận chuyển,0.9596
vn,van con,vẫn còn,1.0000
vn,van danh,vấn đánh,1.0000
vn,van dao,vấn đào,1.0000
vn,van de,vấn đề,0.9075
vn,van do,văn đo,0.9545
vn,van doc,vấn độc,1.0000
vn,van don,vận đơn,0.9231
vn,van dong,vận động,0.9259
vn,van dung,vận dụng,1.0000
vn,van giam,vấn giám,0.9259
vn,van hai,văn hải,1.0000
vn,van hanh,vận hành,0.9975
vn,van hoa,văn hóa,0.9025
vn,van hoc,văn học,1.0000
vn,van khoa,vấn khoa,0.9000
vn,van kien,văn kiện,1.0000
vn,van lap,vấn lập,1.0000
vn,van minh,văn minh,1.0000
vn,van nghe,văn nghệ,1.0000
vn,van phong,văn phòng,0.9938
vn,van tai,vận tải,0.9954
vn,van tay,vân tay,1.0000
vn,van thu,văn thư,0.9211
vn,van tiep,vẫn tiếp,0.9474
vn,van tin,vấn tin,1.0000
vn,van tuyen,vấn tuyển,1.0000
vn,van ve,vấn về,0.9688
vn,van xac,vấn xác,0.9808
vn,van xay,vấn xây,1.0000
vn,van xet,vấn xét,1.0000
vn,vang bac,vàng bạc,1.0000
vn,vang c,vàng c,1.0000
vn,vang detang,vàng đểtặng,1.0000
vn,vang duoc,vàng được,1.0000
vn,vang huan,vàng huân,1.0000
vn,vang khi,vàng khi,0.9000
vn,vang lai,vãng lai,0.9048
vn,vang mat,vắng mặt,1.0000
vn,vang mieng,vàng miếng,1.0000
vn,vang nguyen,vàng nguyên,1.0000
vn,vang theo,vàng theo,1.0000
vn,vang trang,vàng trang,1.0000
vn,vao ban,vào bản,0.9118
vn,vao bao,vào báo,0.9444
vn,vao bien,vào biên,0.9683
vn,vao bo,vào bờ,0.9000
vn,vao cac,vào các,1.0000
vn,vao chi,vào chi,0.9930
vn,vao chuc,vào chức,1.0000
vn,vao chuong,vào chương,1.0000
vn,vao co,vào cơ,0.9933
vn,vao cuoi,vào cuối,1.0000
vn,vao dac,vào đặc,1.0000
vn,vao danh,vào danh,1.0000
vn,vao dia,vào địa,1.0000
vn,vao diem,vào điểm,1.0000
vn,vao dien,vào diện,0.9524
vn,vao dieu,vào điều,1.0000
vn,vao doanh,vào doanh,1.0000
vn,vao don,vào đơn,1.0000
vn,vao du,vào dự,0.9282
vn,vao gia,vào giá,1.0000
vn,vao giao,vào giao,1.0000
vn,vao giay,vào giấy,1.0000
vn,vao he,vào hệ,1.0000
vn,vao ho,vào hồ,0.9900
vn,vao hoat,vào hoạt,1.0000
vn,vao hop,vào hợp,1.0000
vn,vao huong,vào hướng,1.0000
vn,vao ke,vào kế,0.9667
vn,vao ket,vào kết,1.0000
vn,vao kha,vào khả,1.0000
vn,vao khai,vào khai,1.0000
vn,vao khoan,vào khoản,1.0000
vn,vao khong,vào không,1.0000
vn,vao kinh,vào kinh,1.0000
vn,vao lam,vào làm,1.0000
vn,vao lenh,vào lệnh,1.0000
vn,vao linh,vào lĩnh,1.0000
vn,vao loai,vào loại,1.0000
vn,vao loi,vào lợi,1.0000
vn,vao luu,vào lưu,1.0000
vn,vao mang,vào mạng,1.0000
vn,vao mo,vào mỏ,0.9000
vn,vao mot,vào một,1.0000
vn,vao muc,vào mục,0.9613
vn,vao nam,vào năm,1.0000
vn,vao ngan,vào ngân,1.0000
vn,vao ngay,vào ngày,1.0000
vn,vao nghia,vào nghĩa,1.0000
vn,vao nguon,vào nguồn,1.0000
vn,vao nguyen,vào nguyên,1.0000
vn,vao nsnn,vào nsnn,1.0000
vn,vao phan,vào phần,0.9545
vn,vao phieu,vào phiếu,1.0000
vn,vao phuong,vào phương,1.0000
vn,vao qua,vào quá,1.0000
vn,vao quan,vào quản,0.9130
vn,vao quyet,vào quyết,1.0000
vn,vao ra,vào ra,1.0000
vn,vao san,vào sản,1.0000
vn,vao sau,vào sau,1.0000
vn,vao su,vào sử,0.9769
vn,vao sunghiep,vào sựnghiệp,1.0000
vn,vao suphat,vào sựphát,1.0000
vn,vao tai,vào tài,0.9983
vn,vao thang,vào tháng,1.0000
vn,vao the,vào thẻ,1.0000
vn,vao thiet,vào thiết,1.0000
vn,vao thoi,vào thời,1.0000
vn,vao thong,vào thông,1.0000
vn,vao thu,vào thu,0.9583
vn,vao thuc,vào thực,1.0000
vn,vao tien,vào tiền,0.9310
vn,vao to,vào tờ,0.9167
vn,vao tong,vào tổng,1.0000
vn,vao truoc,vào trước,1.0000
vn,vao truong,vào trường,1.0000
vn,vao tung,vào từng,1.0000
vn,vao ung,vào ứng,1.0000
vn,vao va,vào và,1.0000
vn,vao viec,vào việc,1.0000
vn,vao vien,vào viên,1.0000
vn,vao viet,vào việt,1.0000
vn,vao vung,vào vùng,1.0000
vn,vao yeu,vào yêu,1.0000
vn,vat 2,vật 2,1.0000
vn,vat cac,vật các,1.0000
vn,vat cam,vật cấm,0.9231
vn,vat chat,vật chất,1.0000
vn,vat cho,vật cho,1.0000
vn,vat chung,vật chứng,1.0000
vn,vat cua,vật của,1.0000
vn,vat da,vật đã,1.0000
vn,vat di,vật di,1.0000
vn,vat dia,vật địa,1.0000
vn,vat dung,vật dụng,0.9375
vn,vat duoc,vật được,0.9286
vn,vat gay,vật gây,1.0000
vn,vat gia,vật giá,1.0000
vn,vat giap,vật giáp,1.0000
vn,vat gui,vật gửi,1.0000
vn,vat hang,vật hàng,1.0000
vn,vat hoac,vật hoặc,1.0000
vn,vat hoang,vật hoang,1.0000
vn,vat khac,vật khác,1.0000
vn,vat khong,vật không,1.0000
vn,vat la,vật là,1.0000
vn,vat lich,vật lịch,1.0000
vn,vat lieu,vật liệu,1.0000
vn,vat ly,vật lý,1.0000
vn,vat mang,vật mang,1.0000
vn,vat nguy,vật nguy,1.0000
vn,vat nuoi,vật nuôi,1.0000
vn,vat pham,vật phẩm,0.9286
vn,vat phuong,vật phương,1.0000
vn,vat quoc,vật quốc,1.0000
vn,vat quy,vật quy,0.9048
vn,vat rung,vật rừng,1.0000
vn,vat the,vật thể,0.9848
vn,vat theo,vật theo,1.0000
vn,vat thong,vật thông,1.0000
vn,vat thuc,vật thực,1.0000
vn,vat thuy,vật thủy,0.9231
vn,vat tien,vật tiền,1.0000
vn,vat tieu,vật tiêu,1.0000
vn,vat tu,vật tư,0.9860
vn,vat va,vật và,1.0000
vn,vat vi,vật vi,0.9677
vn,vay bat,vay bắt,1.0000
vn,vay ben,vay bên,1.0000
vn,vay bu,vay bù,1.0000
vn,vay cac,vay các,0.9583
vn,vay co,vay có,0.9783
vn,vay cua,vay của,1.0000
vn,vay da,vay đã,1.0000
vn,vay de,vay để,0.9322
vn,vay di,vay đi,0.9231
vn,vay doi,vay đối,1.0000
vn,vay dung,vay đúng,1.0000
vn,vay duoc,vay được,1.0000
vn,vay gui,vay gửi,1.0000
vn,vay hoac,vay hoặc,1.0000
vn,vay khac,vay khác,0.9750
vn,vay khong,vay không,1.0000
vn,vay la,vay là,1.0000
vn,vay nguoi,vay người,1.0000
vn,vay nuoc,vay nước,1.0000
vn,vay phai,vay phải,1.0000
vn,vay thuc,vay thực,1.0000
vn,vay tieu,vay tiêu,1.0000
vn,vay tin,vay tín,1.0000
vn,vay toi,vay tối,1.0000
vn,vay tra,vay trả,1.0000
vn,vay uu,vay ưu,1.0000
vn,vay va,vay và,1.0000
vn,vay ve,vay về,1.0000
vn,vay viec,vậy việc,1.0000
vn,vay von,vay vốn,1.0000
vn,ve adn,về adn,1.0000
vn,ve bao,về bảo,0.9371
vn,ve ben,về bên,1.0000
vn,ve bi,vệ bí,0.9451
vn,ve bieu,về biểu,1.0000
vn,ve bo,về bộ,0.9437
vn,ve boi,về bồi,0.9583
vn,ve buu,về bưu,1.0000
vn,ve ca,về cá,1.0000
vn,ve cac,về các,0.9524
vn,ve cach,về cách,0.9167
vn,ve cai,vệ cải,0.9791
vn,ve cang,về cảng,0.9412
vn,ve cap,về cấp,0.9711
vn,ve cat,về cắt,0.9677
vn,ve cau,về cấu,0.9556
vn,ve chan,về chăn,0.9500
vn,ve chat,về chất,0.9890
vn,ve che,về chế,1.0000
vn,ve chia,về chia,0.9000
vn,ve chinh,về chính,0.9661
vn,ve cho,về cho,0.9048
vn,ve chuan,về chuẩn,1.0000
vn,ve chuc,về chức,1.0000
vn,ve chung,về chứng,0.9226
vn,ve chuong,về chương,0.9714
vn,ve cntt,về cntt,1.0000
vn,ve con,về con,0.9231
vn,ve cu,về cư,1.0000
vn,ve cuc,về cục,1.0000
vn,ve cung,về cung,0.9621
vn,ve dac,về đặc,0.9884
vn,ve dai,về đại,0.9200
vn,ve dam,về đảm,0.9773
vn,ve dan,về dân,1.0000
vn,ve dang,về đăng,0.9750
vn,ve dat,về đất,0.9934
vn,ve dia,về địa,1.0000
vn,ve dich,về dịch,1.0000
vn,ve diem,về điểm,0.9706
vn,ve dieu,về điều,0.9951
vn,ve dinh,về định,0.9615
vn,ve doanh,về doanh,1.0000
vn,ve doc,vệ độc,1.0000
vn,ve duoc,vệ được,0.9167
vn,ve duong,về đường,0.9787
vn,ve ghep,về ghép,1.0000
vn,ve gia,về giá,0.9958
vn,ve giai,về giải,0.9643
vn,ve giao,về giao,0.9744
vn,ve giay,về giấy,1.0000
vn,ve gioi,về giới,1.0000
vn,ve goi,về gói,1.0000
vn,ve gom,vệ gồm,0.9286
vn,ve gop,về góp,1.0000
vn,ve ha,về hạ,0.9667
vn,ve hach,về hạch,1.0000
vn,ve hai,về hải,0.9630
vn,ve han,về hạn,1.0000
vn,ve hang,về hàng,0.9753
vn,ve hanh,về hành,1.0000
vn,ve hieu,về hiệu,1.0000
vn,ve hinh,về hình,1.0000
vn,ve hoat,về hoạt,0.9985
vn,ve hoi,về hội,1.0000
vn,ve hop,về hợp,0.9828
vn,ve huong,về hướng,1.0000
vn,ve internet,về internet,1.0000
vn,ve ke,về kế,0.9738
vn,ve ket,về kết,0.9935
vn,ve kh,về kh,1.0000
vn,ve kha,về khả,1.0000
vn,ve khai,về khai,0.9259
vn,ve khao,về khảo,1.0000
vn,ve khieu,về khiếu,1.0000
vn,ve khoa,về khoa,0.9748
vn,ve khu,về khu,0.9672
vn,ve khuyen,về khuyến,1.0000
vn,ve kiem,về kiểm,1.0000
vn,ve kien,về kiến,1.0000
vn,ve kinh,về kinh,0.9929
vn,ve la,vệ là,1.0000
vn,ve lai,về lãi,0.9333
vn,ve lao,về lao,1.0000
vn,ve lap,về lập,0.9439
vn,ve lich,về lịch,1.0000
vn,ve linh,về lĩnh,1.0000
vn,ve loai,về loại,0.9811
vn,ve lua,về lựa,1.0000
vn,ve luu,về lưu,0.9529
vn,ve ly,về lý,1.0000
vn,ve minh,về minh,1.0000
vn,ve mot,về một,0.9870
vn,ve mua,về mua,1.0000
vn,ve nang,về năng,0.9480
vn,ve ngan,về ngân,0.9871
vn,ve nganh,về ngành,1.0000
vn,ve ngay,về ngày,1.0000
vn,ve nghia,về nghĩa,1.0000
vn,ve nghiep,về nghiệp,1.0000
vn,ve ngoai,về ngoại,1.0000
vn,ve nguy,về nguy,1.0000
vn,ve nguyen,về nguyên,0.9080
vn,ve nha,về nhà,0.9592
vn,ve nhap,về nhập,1.0000
vn,ve nhiem,về nhiệm,1.0000
vn,ve nhu,về nhu,0.9000
vn,ve nhung,về những,0.9873
vn,ve no,về nợ,1.0000
vn,ve noi,về nội,0.9085
vn,ve nong,về nông,1.0000
vn,ve nuoi,về nuôi,1.0000
vn,ve pha,về phá,1.0000
vn,ve phap,về pháp,0.9417
vn,ve phat,về phát,0.9342
vn,ve phe,về phê,1.0000
vn,ve phi,về phí,1.0000
vn,ve pho,về phổ,1.0000
vn,ve phong,về phòng,0.9761
vn,ve phu,vệ phù,0.9000
vn,ve phuong,về phương,0.9810
vn,ve qua,về quá,0.9394
vn,ve quan,về quản,0.9719
vn,ve quoc,về quốc,1.0000
vn,ve quyet,về quyết,0.9683
vn,ve rua,về rửa,1.0000
vn,ve rui,về rủi,1.0000
vn,ve san,về sản,1.0000
vn,ve sap,về sắp,1.0000
vn,ve sieu,về siêu,1.0000
vn,ve sinh,vệ sinh,0.9595
vn,ve sua,về sửa,0.9200
vn,ve tai,về tài,0.9306
vn,ve tan,về tần,0.9412
vn,ve tem,về tem,1.0000
vn,ve ten,về tên,0.9420
vn,ve thay,về thay,1.0000
vn,ve tho,về thổ,1.0000
vn,ve thoi,về thời,0.9817
vn,ve thuat,về thuật,1.0000
vn,ve thuong,về thương,0.9764
vn,ve thuy,về thủy,0.9148
vn,ve tiep,về tiếp,0.9677
vn,ve tieu,về tiêu,0.9929
vn,ve toan,về toàn,0.9333
vn,ve toi,về tội,1.0000
vn,ve toquoc,vệ tổquốc,1.0000
vn,ve trach,về trách,1.0000
vn,ve trao,về trao,1.0000
vn,ve trat,về trật,1.0000
vn,ve tri,về trí,0.9279
vn,ve trich,về trích,1.0000
vn,ve trien,về triển,1.0000
vn,ve trinh,về trình,0.9891
vn,ve tro,về trò,0.9394
vn,ve tthc,về tthc,1.0000
vn,ve tuoi,về tuổi,1.0000
vn,ve ty,về tỷ,1.0000
vn,ve ung,về ứng,0.9753
vn,ve uy,về ủy,0.9310
vn,ve va,vệ và,0.9459
vn,ve vat,về vật,1.0000
vn,ve viec,về việc,0.9989
vn,ve vien,về viễn,0.9778
vn,ve viet,về việt,1.0000
vn,ve von,về vốn,1.0000
vn,ve vu,về vụ,1.0000
vn,ve xa,về xã,1.0000
vn,ve xac,về xác,0.9605
vn,ve xay,về xây,0.9969
vn,ve xu,về xử,1.0000
vn,ve xuat,về xuất,1.0000
vn,ve yeu,về yêu,0.9655
vn,vechedothong tin,vềchếđộthông tin,1.0000
vn,vecong suc,vềcông sức,1.0000
vn,vecong tac,vềcông tác,1.0000
vn,velai nganh,vềlại ngành,1.0000
vn,vemoi mat,vềmọi mặt,1.0000
vn,vemoi truong,vệmôi trường,1.0000
vn,ven bien,ven biển,1.0000
vn,ven cua,vẹn của,1.0000
vn,ven du,vẹn dữ,1.0000
vn,ven lanh,vẹn lãnh,1.0000
vn,ven noi,vẹn nội,1.0000
vn,ven thong,vẹn thông,1.0000
vn,ven tinh,vẹn tính,1.0000
vn,ven va,vẹn và,1.0000
vn,ven ve,vẹn về,1.0000
vn,venang suat,vềnăng suất,1.0000
vn,vengan hang,vềngân hàng,1.0000
vn,venguoi va,vềngười và,1.0000
vn,vetoquoc viet,vệtổquốc việt,1.0000
vn,vetruoc can,vềtrước cán,1.0000
vn,vetu van,vềtư vấn,1.0000
vn,vevat chat,vềvật chất,1.0000
vn,veviec cung,vềviệc cung,1.0000
vn,veviec denghikhen,vềviệc đềnghịkhen,1.0000
vn,vi 01,vị 01,1.0000
vn,vi 2,vị 2,0.9630
vn,vi 3,vị 3,0.9444
vn,vi 4,vị 4,0.9259
vn,vi 5,vị 5,0.9333
vn,vi anh,vi ảnh,1.0000
vn,vi b,vị b,1.0000
vn,vi chap,vị chấp,0.9940
vn,vi chiem,vi chiếm,1.0000
vn,vi chiu,vị chịu,1.0000
vn,vi chu,vị chủ,0.9960
vn,vi dan,vi dân,0.9929
vn,vi dien,ví điện,0.9216
vn,vi dieu,vi điều,0.9921
vn,vi doanh,vị doanh,1.0000
vn,vi duoc,vị được,0.9117
vn,vi duoi,vi dưới,0.9286
vn,vi e,vi ệ,0.9600
vn,vi gay,vi gây,1.0000
vn,vi giam,vị giám,1.0000
vn,vi gom,vị gồm,0.9333
vn,vi han,vi hạn,0.9412
vn,vi hanh,vị hành,0.9598
vn,vi hoat,vi hoạt,0.9130
vn,vi khach,vị khách,1.0000
vn,vi khoi,vị khởi,0.9738
vn,vi khong,vi không,0.9102
vn,vi lan,vi lấn,1.0000
vn,vi lien,vị liên,0.9653
vn,vi luc,vị lực,1.0000
vn,vi ly,vì lý,0.9608
vn,vi mm,vị mm,1.0000
vn,vi neu,vị nếu,0.9404
vn,vi ngan,vị ngân,0.9627
vn,vi nghiep,vị nghiệp,1.0000
vn,vi ngoai,vị ngoài,0.9545
vn,vi nhan,vị nhận,0.9498
vn,vi nhiem,vi nhiệm,0.9469
vn,vi niem,vi niêm,1.0000
vn,vi pha,vi phá,1.0000
vn,vi phai,vị phải,0.9360
vn,vi pham,vi phạm,1.0000
vn,vi phoi,vị phối,1.0000
vn,vi phuc,vị phục,0.9524
vn,vi phuong,vi phương,1.0000
vn,vi qua,vi quá,0.9444
vn,vi rua,vi rửa,1.0000
vn,vi rui,vị rủi,1.0000
vn,vi rut,vi rút,1.0000
vn,vi sap,vi sắp,1.0000
vn,vi sua,vi sửa,0.9048
vn,vi sunghiep,vì sựnghiệp,0.9333
vn,vi ten,vị tên,1.0000
vn,vi thanh,vị thành,0.9830
vn,vi thuoc,vị thuộc,0.9967
vn,vi tich,vi tích,0.9474
vn,vi tiep,vị tiếp,0.9519
vn,vi toan,vi toàn,1.0000
vn,vi tra,vị trả,0.9211
vn,vi trach,vi trách,1.0000
vn,vi trai,vi trái,1.0000
vn,vi tre,vì trẻ,1.0000
vn,vi tren,vị trên,1.0000
vn,vi tri,vị trí,0.9956
vn,vi trom,vi trộm,1.0000
vn,vi tron,vi trốn,1.0000
vn,vi trong,vị trong,0.9655
vn,vi truc,vị trực,0.9859
vn,vi trucac,vị trừcác,1.0000
vn,vi tuong,vị tương,0.9412
vn,vi v,vị v,1.0000
vn,vi vu,vị vũ,0.9878
vn,vi vutochuc,vị vụtổchức,1.0000
vn,vi xam,vi xâm,1.0000
vn,via doi,vỉa đối,1.0000
vn,vico tylephieu,vịcó tỷlệphiếu,1.0000
vn,viec 1,việc 1,1.0000
vn,viec 2,việc 2,1.0000
vn,viec 3,việc 3,1.0000
vn,viec 4,việc 4,1.0000
vn,viec a,việc a,1.0000
vn,viec ap,việc áp,1.0000
vn,viec b,việc b,1.0000
vn,viec bau,việc bầu,1.0000
vn,viec bi,việc bị,1.0000
vn,viec boi,việc bồi,1.0000
vn,viec c,việc c,1.0000
vn,viec cac,việc các,1.0000
vn,viec chap,việc chấp,1.0000
vn,viec chia,việc chia,1.0000
vn,viec cho,việc cho,0.9916
vn,viec chu,việc chủ,0.9231
vn,viec chua,việc chưa,1.0000
vn,viec chung,việc chứng,0.9245
vn,viec chuyen,việc chuyển,0.9489
vn,viec cong,việc công,0.9932
vn,viec cua,việc của,1.0000
vn,viec cung,việc cung,1.0000
vn,viec cuoi,việc cuối,1.0000
vn,viec da,việc đã,1.0000
vn,viec dam,việc đảm,0.9375
vn,viec dang,việc đăng,0.9290
vn,viec danh,việc đánh,1.0000
vn,viec dao,việc đào,1.0000
vn,viec dap,việc đáp,1.0000
vn,viec den,việc đền,1.0000
vn,viec dich,việc dịch,1.0000
vn,viec dieu,việc điều,1.0000
vn,viec doanh,việc doanh,1.0000
vn,viec dua,việc đưa,1.0000
vn,viec duoc,việc được,1.0000
vn,viec duy,việc duy,1.0000
vn,viec ghi,việc ghi,1.0000
vn,viec gia,việc gia,0.9750
vn,viec giai,việc giải,1.0000
vn,viec giao,việc giao,1.0000
vn,viec giu,việc giữ,1.0000
vn,viec gop,việc góp,1.0000
vn,viec gui,việc gửi,1.0000
vn,viec hach,việc hạch,1.0000
vn,viec hinh,việc hình,1.0000
vn,viec hoac,việc hoặc,1.0000
vn,viec hoan,việc hoàn,0.9883
vn,viec hoat,việc hoạt,1.0000
vn,viec hoc,việc học,1.0000
vn,viec huong,việc hướng,0.9286
vn,viec i,việc i,1.0000
vn,viec in,việc in,1.0000
vn,viec ke,việc kể,0.9402
vn,viec keo,việc kéo,1.0000
vn,viec ket,việc kết,1.0000
vn,viec khach,việc khách,1.0000
vn,viec khai,việc khai,1.0000
vn,viec khi,việc khi,1.0000
vn,viec khieu,việc khiếu,1.0000
vn,viec khong,việc không,1.0000
vn,viec kiem,việc kiểm,1.0000
vn,viec kinh,việc kinh,1.0000
vn,viec ky,việc ký,0.9077
vn,viec lam,việc làm,1.0000
vn,viec lanh,việc lãnh,1.0000
vn,viec lap,việc lập,0.9399
vn,viec lay,việc lấy,1.0000
vn,viec lua,việc lựa,0.9950
vn,viec luu,việc lưu,1.0000
vn,viec mat,việc mất,1.0000
vn,viec mien,việc miễn,1.0000
vn,viec mo,việc mở,0.9926
vn,viec mua,việc mua,1.0000
vn,viec nang,việc nâng,0.9688
vn,viec nap,việc nạp,1.0000
vn,viec nghi,việc nghỉ,1.0000
vn,viec nghien,việc nghiên,1.0000
vn,viec ngung,việc ngừng,1.0000
vn,viec nguoi,việc người,1.0000
vn,viec nha,việc nhà,1.0000
vn,viec nhan,việc nhận,0.9416
vn,viec nhap,việc nhập,1.0000
vn,viec nhu,việc như,0.9649
vn,viec nhuong,việc nhượng,1.0000
vn,viec niem,việc niêm,1.0000
vn,viec noi,việc nội,0.9375
vn,viec nop,việc nộp,1.0000
vn,viec o,việc ở,1.0000
vn,viec pha,việc phá,1.0000
vn,viec phai,việc phải,1.0000
vn,viec pham,việc phạm,1.0000
vn,viec phan,việc phân,0.9908
vn,viec phat,việc phát,0.9914
vn,viec phe,việc phê,1.0000
vn,viec phoi,việc phối,1.0000
vn,viec quan,việc quản,0.9908
vn,viec quy,việc quy,0.9670
vn,viec quyet,việc quyết,1.0000
vn,viec rut,việc rút,1.0000
vn,viec sao,việc sao,1.0000
vn,viec sap,việc sắp,0.9524
vn,viec sau,việc sau,1.0000
vn,viec su,việc sử,0.9776
vn,viec sua,việc sửa,1.0000
vn,viec tam,việc tạm,1.0000
vn,viec tao,việc tạo,1.0000
vn,viec tap,việc tập,1.0000
vn,viec thau,việc thấu,1.0000
vn,viec thay,việc thay,1.0000
vn,viec theo,việc theo,1.0000
vn,viec thiet,việc thiết,1.0000
vn,viec thu,việc thu,0.9572
vn,viec thua,việc thừa,1.0000
vn,viec thuc,việc thực,0.9971
vn,viec thue,việc thuê,1.0000
vn,viec thuoc,việc thuộc,1.0000
vn,viec tich,việc tích,1.0000
vn,viec tien,việc tiến,1.0000
vn,viec tiep,việc tiếp,0.9963
vn,viec tieu,việc tiêu,1.0000
vn,viec tim,việc tìm,1.0000
vn,viec to,việc tổ,0.9699
vn,viec tong,việc tổng,1.0000
vn,viec trang,việc trang,1.0000
vn,viec trao,việc trao,1.0000
vn,viec tren,việc trên,1.0000
vn,viec tri,việc trì,1.0000
vn,viec trich,việc trích,1.0000
vn,viec trien,việc triển,1.0000
vn,viec trinh,việc trình,1.0000
vn,viec trong,việc trong,0.9946
vn,viec tru,việc trừ,1.0000
vn,viec trung,việc trưng,0.9737
vn,viec truoc,việc trước,1.0000
vn,viec truong,việc trường,1.0000
vn,viec truy,việc truy,1.0000
vn,viec truyen,việc truyền,1.0000
vn,viec tuan,việc tuân,1.0000
vn,viec ung,việc ứng,1.0000
vn,viec uy,việc ủy,0.9697
vn,viec va,việc và,1.0000
vn,viec vay,việc vay,1.0000
vn,viec vi,việc vi,0.9474
vn,viec voi,việc với,1.0000
vn,viec xac,việc xác,1.0000
vn,viec xay,việc xây,0.9834
vn,viec xe,việc xe,1.0000
vn,viec xem,việc xem,1.0000
vn,viec xep,việc xếp,1.0000
vn,viec xet,việc xét,1.0000
vn,viec xu,việc xử,1.0000
vn,viec xuat,việc xuất,1.0000
vn,viec yeu,việc yêu,1.0000
vn,vien 2,viên 2,0.9664
vn,vien 3,viên 3,1.0000
vn,vien 4,viên 4,0.9756
vn,vien 5,viên 5,0.9600
vn,vien 6,viên 6,1.0000
vn,vien 7,viên 7,1.0000
vn,vien 8,viên 8,0.9091
vn,vien a,viên a,1.0000
vn,vien b,viên b,1.0000
vn,vien ban,viên ban,0.9934
vn,vien bi,viên bị,0.9492
vn,vien bien,viên biên,0.9474
vn,vien biet,viên biết,1.0000
vn,vien c,viên c,1.0000
vn,vien cac,viên các,0.9672
vn,vien can,viên cán,0.9000
vn,vien canh,viên cảnh,0.9333
vn,vien cao,viên cao,1.0000
vn,vien chap,viên chấp,1.0000
vn,vien chiu,viên chịu,1.0000
vn,vien cho,viên cho,1.0000
vn,vien chu,viên chủ,0.9917
vn,vien chuc,viên chức,0.9943
vn,vien cua,viên của,0.9923
vn,vien da,viên đã,1.0000
vn,vien dam,viên đảm,1.0000
vn,vien dan,viện dẫn,0.9589
vn,vien dich,viên dịch,0.9773
vn,vien dieu,viên điều,1.0000
vn,vien doan,viên đoàn,1.0000
vn,vien doanh,viên doanh,1.0000
vn,vien doc,viên độc,0.9583
vn,vien doi,viên đối,0.9167
vn,vien don,viên đơn,1.0000
vn,vien duoc,viên được,1.0000
vn,vien e,viên e,0.9286
vn,vien gap,viên gặp,1.0000
vn,vien gia,viên gia,1.0000
vn,vien gian,viên gián,1.0000
vn,vien gom,viên gồm,1.0000
vn,vien gop,viên góp,1.0000
vn,vien gui,viên gửi,1.0000
vn,vien hang,viên hạng,0.9362
vn,vien hanh,viên hành,0.9683
vn,vien he,viên hệ,1.0000
vn,vien hoac,viên hoặc,0.9820
vn,vien hoc,viên học,1.0000
vn,vien hoi,viên hội,0.9987
vn,vien hop,viên hợp,0.9608
vn,vien huong,viên hướng,1.0000
vn,vien khac,viên khác,0.9884
vn,vien khi,viên khi,1.0000
vn,vien khoa,viện khoa,1.0000
vn,vien khong,viên không,0.9779
vn,vien kiem,viện kiểm,0.9124
vn,vien la,viên là,1.0000
vn,vien lam,viên làm,0.9444
vn,vien lap,viên lập,1.0000
vn,vien lien,viên liên,1.0000
vn,vien linh,viên lĩnh,1.0000
vn,vien mang,viên mạng,1.0000
vn,vien nay,viên này,0.9000
vn,vien neu,viên nếu,0.9412
vn,vien nghien,viện nghiên,0.9286
vn,vien nguoi,viên người,1.0000
vn,vien nha,viên nhà,0.9286
vn,vien noi,viên nội,1.0000
vn,vien none,viền none,1.0000
vn,vien phai,viên phải,1.0000
vn,vien phan,viên phản,1.0000
vn,vien phap,viện pháp,1.0000
vn,vien quy,viên quy,0.9655
vn,vien quyet,viên quyết,1.0000
vn,vien rgb,viền rgb,1.0000
vn,vien sau,viên sau,1.0000
vn,vien su,viên sử,1.0000
vn,vien tham,viên tham,0.9545
vn,vien thanh,viên thành,0.9053
vn,vien thay,viên thay,0.9000
vn,vien theo,viên theo,0.9775
vn,vien thieu,viên thiếu,0.9667
vn,vien thong,viễn thông,0.9970
vn,vien thuc,viên thực,1.0000
vn,vien thuoc,viên thuộc,0.9286
vn,vien thuong,viên thường,1.0000
vn,vien to,viên tổ,0.9877
vn,vien toa,viên tòa,1.0000
vn,vien toi,viên tối,1.0000
vn,vien tong,viên tổng,1.0000
vn,vien tot,viên tốt,1.0000
vn,vien tren,viên trên,1.0000
vn,vien trong,viên trong,0.9777
vn,vien uy,viên ủy,1.0000
vn,vien va,viên và,0.9759
vn,vien vang,viên vắng,1.0000
vn,vien ve,viên về,0.9792
vn,vien von,viên vốn,1.0000
vn,vien yeu,viên yêu,0.9167
vn,viet bang,viết bằng,1.0000
vn,viet chu,viết chữ,0.9000
vn,viet chung,viết chung,0.9091
vn,viet cua,việt của,0.9000
vn,viet gon,viết gọn,1.0000
vn,viet ma,việt mã,1.0000
vn,viet nam,việt nam,0.9998
vn,viet neu,việt nếu,1.0000
vn,viet tat,viết tắt,0.9902
vn,viet ten,việt tên,1.0000
vn,viet tieng,việt tiếng,1.0000
vn,viet tin,viết tin,0.9000
vn,viet truong,việt trường,1.0000
vn,vigui hoso,vịgửi hồsơ,1.0000
vn,vihoac cum,vịhoặc cụm,1.0000
vn,vihoac truong,vịhoặc trưởng,1.0000
vn,vii cua,vii của,1.0000
vn,vii doi,vii đối,1.0000
vn,vii mau,vii mẫu,1.0000
vn,viii doi,viii đối,1.0000
vn,viii mau,viii mẫu,1.0000
vn,vikem danh,vịkèm danh,1.0000
vn,vikem theo,vịkèm theo,1.0000
vn,vilien quan,vịliên quan,1.0000
vn,vinh long,vĩnh long,1.0000
vn,vinh phu,vĩnh phú,1.0000
vn,vinh phuc,vĩnh phúc,1.0000
vn,vinh vien,vĩnh viễn,1.0000
vn,vinoi quan,vịnơi quản,1.0000
vn,viphai co,vịphải có,1.0000
vn,viquyet thang,vịquyết thắng,1.0000
vn,vitang thuong,vịtặng thưởng,1.0000
vn,vithuc hien,vịthực hiện,1.0000
vn,vithuoc ngan,vịthuộc ngân,1.0000
vn,vitrinh co,vịtrình có,1.0000
vn,vitrinh khen,vịtrình khen,1.0000
vn,vitruoc khi,vịtrước khi,1.0000
vn,viva dat,vịvà đạt,1.0000
vn,viva dia,vịvà địa,1.0000
vn,vn dang,vn đang,1.0000
vn,vn duoc,vn được,1.0000
vn,vn hoac,vn hoặc,1.0000
vn,vn ten,vn tên,1.0000
vn,vn va,vn và,1.0000
vn,vneid hoac,vneid hoặc,1.0000
vn,vneid va,vneid và,1.0000
vn,vo chong,vợ chồng,1.0000
vn,vo chu,vô chủ,1.0000
vn,vo danh,vô danh,1.0000
vn,vo hieu,vô hiệu,1.0000
vn,vo hinh,vô hình,1.0000
vn,vo hoac,vợ hoặc,0.9259
vn,vo tu,vô tư,1.0000
vn,vo tuyen,vô tuyến,0.9988
vn,voi 1,với 1,1.0000
vn,voi a,với a,1.0000
vn,voi b,với b,1.0000
vn,voi bat,với bất,1.0000
vn,voi ben,với bên,0.9877
vn,voi bo,với bộ,0.9973
vn,voi c,với c,1.0000
vn,voi ca,với cá,0.9891
vn,voi cac,với các,0.9988
vn,voi cach,với cách,1.0000
vn,voi can,với cán,0.9859
vn,voi cap,với cấp,0.9861
vn,voi cat,với cát,1.0000
vn,voi che,với chế,1.0000
vn,voi chi,với chi,0.9444
vn,voi chien,với chiến,1.0000
vn,voi chinh,với chính,1.0000
vn,voi chuc,với chức,1.0000
vn,voi chung,với chứng,0.9626
vn,voi chuong,với chương,1.0000
vn,voi cic,với cic,1.0000
vn,voi co,với cơ,0.9957
vn,voi cuc,với cục,1.0000
vn,voi cuoc,với cuộc,1.0000
vn,voi dac,với đặc,0.9811
vn,voi dang,với đăng,0.9375
vn,voi danh,với danh,0.9070
vn,voi dat,với đất,0.9994
vn,voi de,với đề,1.0000
vn,voi di,với di,1.0000
vn,voi dia,với địa,1.0000
vn,voi dich,với dịch,1.0000
vn,voi diem,với điểm,1.0000
vn,voi dien,với diện,0.9423
vn,voi dieu,với điều,0.9892
vn,voi dinh,với định,1.0000
vn,voi doanh,với doanh,1.0000
vn,voi doi,với đối,0.9449
vn,voi don,với đơn,1.0000
vn,voi duong,với đường,1.0000
vn,voi dvcnt,với đvcnt,0.9524
vn,voi dvcntt,với đvcntt,1.0000
vn,voi gia,với giá,0.9712
vn,voi giam,với giám,1.0000
vn,voi giao,với giao,0.9857
vn,voi giay,với giấy,1.0000
vn,voi goi,với gói,1.0000
vn,voi ha,với hạ,1.0000
vn,voi han,với hạn,1.0000
vn,voi hanh,với hành,1.0000
vn,voi he,với hệ,1.0000
vn,voi hien,với hiện,1.0000
vn,voi hinh,với hình,1.0000
vn,voi hoat,với hoạt,1.0000
vn,voi hoc,với học,1.0000
vn,voi hoi,với hội,1.0000
vn,voi hop,với hợp,1.0000
vn,voi i,với i,1.0000
vn,voi it,với ít,1.0000
vn,voi kbnn,với kbnn,1.0000
vn,voi ke,với kế,1.0000
vn,voi ket,với kết,1.0000
vn,voi kha,với khả,1.0000
vn,voi khach,với khách,1.0000
vn,voi khai,với khai,1.0000
vn,voi khen,với khen,1.0000
vn,voi kho,với kho,1.0000
vn,voi khoa,với khóa,0.9318
vn,voi khoan,với khoản,0.9124
vn,voi khoang,với khoáng,0.9726
vn,voi khoi,với khối,1.0000
vn,voi khu,với khu,1.0000
vn,voi kich,với kích,0.9167
vn,voi kiem,với kiểm,1.0000
vn,voi kieu,với kiểu,1.0000
vn,voi kinh,với kinh,1.0000
vn,voi ky,với kỳ,0.9211
vn,voi lai,với lãi,1.0000
vn,voi lan,với lần,1.0000
vn,voi lenh,với lệnh,1.0000
vn,voi lien,với liên,1.0000
vn,voi loai,với loại,0.9808
vn,voi loi,với lợi,1.0000
vn,voi luat,với luật,1.0000
vn,voi luc,với lực,1.0000
vn,voi luu,với lưu,1.0000
vn,voi ma,với mã,1.0000
vn,voi mang,với mạng,1.0000
vn,voi mat,với mặt,0.9074
vn,voi mau,với mẫu,0.9600
vn,voi may,với máy,1.0000
vn,voi mot,với một,1.0000
vn,voi nang,với năng,1.0000
vn,voi nen,với nền,1.0000
vn,voi ngan,với ngân,1.0000
vn,voi nganh,với ngành,1.0000
vn,voi ngay,với ngày,1.0000
vn,voi nghi,với nghị,1.0000
vn,voi ngoai,với ngoại,1.0000
vn,voi nguoi,với người,1.0000
vn,voi nguon,với nguồn,1.0000
vn,voi nha,với nhà,1.0000
vn,voi nhan,với nhân,0.9200
vn,voi nhau,với nhau,1.0000
vn,voi nhiem,với nhiệm,1.0000
vn,voi nhu,với nhu,1.0000
vn,voi nhung,với những,1.0000
vn,voi noi,với nội,0.9425
vn,voi nu,với nữ,1.0000
vn,voi nuoc,với nước,1.0000
vn,voi pham,với phạm,1.0000
vn,voi phan,với phần,0.9777
vn,voi phap,với pháp,1.0000
vn,voi phien,với phiên,1.0000
vn,voi phuong,với phương,0.9912
vn,voi qua,với quá,0.9375
vn,voi quan,với quản,0.9310
vn,voi quoc,với quốc,1.0000
vn,voi quy,với quy,0.9425
vn,voi quyen,với quyền,1.0000
vn,voi quyet,với quyết,1.0000
vn,voi rui,với rủi,1.0000
vn,voi san,với sản,0.9945
vn,voi su,với sự,1.0000
vn,voi sunghiep,với sựnghiệp,1.0000
vn,voi tai,với tài,0.9975
vn,voi tan,với tần,1.0000
vn,voi tap,với tập,0.9759
vn,voi tat,với tất,1.0000
vn,voi tau,với tàu,1.0000
vn,voi tcpht,với tcpht,1.0000
vn,voi tctqt,với tctqt,1.0000
vn,voi tcttt,với tcttt,1.0000
vn,voi ten,với tên,1.0000
vn,voi than,với thân,0.9130
vn,voi thang,với tháng,1.0000
vn,voi the,với thẻ,1.0000
vn,voi thi,với thị,1.0000
vn,voi thiet,với thiết,0.9779
vn,voi thoa,với thỏa,1.0000
vn,voi thoi,với thời,1.0000
vn,voi thong,với thông,0.9400
vn,voi thua,với thửa,1.0000
vn,voi thuat,với thuật,1.0000
vn,voi thuc,với thực,0.9667
vn,voi thuong,với thương,1.0000
vn,voi tien,với tiền,0.9186
vn,voi tieu,với tiêu,1.0000
vn,voi to,với tổ,0.9950
vn,voi toan,với toàn,1.0000
vn,voi tong,với tổng,1.0000
vn,voi toquoc,với tổquốc,1.0000
vn,voi trach,với trách,1.0000
vn,voi tre,với trẻ,1.0000
vn,voi tru,với trụ,0.9773
vn,voi trung,với trung,1.0000
vn,voi truong,với trường,0.9975
vn,voi tu,với tư,0.9886
vn,voi tung,với từng,1.0000
vn,voi tuyen,với tuyến,1.0000
vn,voi ty,với tỷ,1.0000
vn,voi ung,với ứng,1.0000
vn,voi uy,với ủy,0.9254
vn,voi van,với văn,0.9403
vn,voi vat,với vật,1.0000
vn,voi viec,với việc,0.9976
vn,voi viet,với việt,1.0000
vn,voi von,với vốn,1.0000
vn,voi vu,với vụ,0.9342
vn,voi x,với x,1.0000
vn,voi xe,với xe,1.0000
vn,voi xet,với xét,1.0000
vn,voi xuat,với xuất,1.0000
vn,voi y,với ý,1.0000
vn,voi yeu,với yêu,0.9587
vn,von 1,vốn 1,1.0000
vn,von 2,vốn 2,1.0000
vn,von 3,vốn 3,1.0000
vn,von 4,vốn 4,1.0000
vn,von b,vốn b,1.0000
vn,von bang,vốn bằng,1.0000
vn,von c,vốn c,1.0000
vn,von cac,vốn các,1.0000
vn,von can,vốn cần,0.9167
vn,von cho,vốn cho,1.0000
vn,von chu,vốn chủ,0.9911
vn,von chuyen,vốn chuyển,1.0000
vn,von cua,vốn của,1.0000
vn,von dau,vốn đầu,0.9982
vn,von de,vốn để,0.9837
vn,von dieu,vốn điều,0.9989
vn,von do,vốn do,0.9512
vn,von doanh,vốn doanh,1.0000
vn,von doi,vốn đối,1.0000
vn,von du,vốn dự,0.9524
vn,von duoc,vốn được,1.0000
vn,von duoi,vốn dưới,1.0000
vn,von gop,vốn góp,1.0000
vn,von ho,vốn hỗ,1.0000
vn,von hoac,vốn hoặc,1.0000
vn,von hoat,vốn hoạt,1.0000
vn,von hop,vốn hợp,0.9730
vn,von huy,vốn huy,1.0000
vn,von ke,vốn kế,1.0000
vn,von khac,vốn khác,1.0000
vn,von khi,vốn khi,1.0000
vn,von khong,vốn không,1.0000
vn,von kinh,vốn kinh,1.0000
vn,von la,vốn là,1.0000
vn,von lai,vốn lãi,1.0000
vn,von lien,vốn liên,1.0000
vn,von loi,vốn lợi,1.0000
vn,von ma,vốn mà,1.0000
vn,von mua,vốn mua,0.9919
vn,von ngan,vốn ngân,0.9268
vn,von ngoai,vốn ngoài,1.0000
vn,von nha,vốn nhà,0.9995
vn,von nuoc,vốn nước,1.0000
vn,von oda,vốn oda,1.0000
vn,von phai,vốn phải,1.0000
vn,von phap,vốn pháp,1.0000
vn,von phat,vốn phát,1.0000
vn,von quyet,vốn quyết,1.0000
vn,von ra,vốn ra,1.0000
vn,von sau,vốn sau,1.0000
vn,von the,vốn thế,1.0000
vn,von theo,vốn theo,1.0000
vn,von thi,vốn thì,1.0000
vn,von thuc,vốn thực,1.0000
vn,von thuoc,vốn thuộc,1.0000
vn,von tin,vốn tín,1.0000
vn,von to,vốn tổ,1.0000
vn,von toi,vốn tối,0.9500
vn,von tren,vốn trên,1.0000
vn,von trong,vốn trong,1.0000
vn,von va,vốn và,1.0000
vn,von vao,vốn vào,1.0000
vn,von vay,vốn vay,1.0000
vn,vong 01,vòng 01,1.0000
vn,vong 02,vòng 02,1.0000
vn,vong 03,vòng 03,1.0000
vn,vong 05,vòng 05,1.0000
vn,vong 06,vòng 06,1.0000
vn,vong 07,vòng 07,1.0000
vn,vong 10,vòng 10,1.0000
vn,vong 12,vòng 12,1.0000
vn,vong 120,vòng 120,1.0000
vn,vong 15,vòng 15,1.0000
vn,vong 24,vòng 24,1.0000
vn,vong 30,vòng 30,1.0000
vn,vong 60,vòng 60,1.0000
vn,vong 90,vòng 90,1.0000
vn,vong chap,vòng chấp,1.0000
vn,vong dau,vòng đấu,1.0000
vn,vong doi,vòng đời,0.9828
vn,vong nghi,vọng nghỉ,1.0000
vn,vong tu,vòng từ,1.0000
vn,vot bao,vớt bảo,0.9412
vn,vot duoc,vớt được,1.0000
vn,vot tai,vớt tài,0.9930
vn,vot va,vớt và,1.0000
vn,vot xu,vớt xử,1.0000
vn,vpcp de,vpcp để,1.0000
vn,vpcp dephoi,vpcp đểphối,1.0000
vn,vt ho,vt hồ,1.0000
vn,vtd cu,vtđ cự,1.0000
vn,vu 1,vụ 1,0.9884
vn,vu 2,vụ 2,0.9789
vn,vu 3,vụ 3,0.9907
vn,vu 4,vụ 4,0.9844
vn,vu 5,vụ 5,1.0000
vn,vu 6,vụ 6,1.0000
vn,vu 7,vụ 7,1.0000
vn,vu a,vụ a,1.0000
vn,vu ap,vụ áp,1.0000
vn,vu atm,vụ atm,1.0000
vn,vu b,vụ b,1.0000
vn,vu bang,vụ bằng,0.9649
vn,vu ben,vụ bên,1.0000
vn,vu bi,vụ bị,1.0000
vn,vu bo,vụ bộ,0.9091
vn,vu boi,vụ bồi,1.0000
vn,vu bu,vụ bù,1.0000
vn,vu buu,vụ bưu,1.0000
vn,vu c,vụ c,1.0000
vn,vu cac,vụ các,1.0000
vn,vu cai,vụ cải,0.9811
vn,vu canh,vụ cảnh,1.0000
vn,vu chia,vụ chia,1.0000
vn,vu chinh,vụ chính,1.0000
vn,vu cho,vụ cho,0.9985
vn,vu chua,vụ chưa,1.0000
vn,vu chuc,vụ chức,1.0000
vn,vu chung,vụ chứng,0.9964
vn,vu cong,vụ công,0.9805
vn,vu cot,vụ cột,0.9091
vn,vu cu,vụ cụ,0.9663
vn,vu cua,vụ của,1.0000
vn,vu cuc,vụ cục,1.0000
vn,vu cung,vụ cung,0.9593
vn,vu da,vụ đã,1.0000
vn,vu dac,vụ đặc,1.0000
vn,vu dai,vụ đại,1.0000
vn,vu dam,vụ đảm,0.9556
vn,vu dan,vụ dân,0.9600
vn,vu dao,vụ đào,1.0000
vn,vu dap,vụ đáp,1.0000
vn,vu dat,vụ đặt,0.9508
vn,vu dau,vụ đấu,0.9412
vn,vu den,vụ đến,0.9286
vn,vu di,vụ di,0.9714
vn,vu dia,vụ địa,1.0000
vn,vu dich,vụ dịch,0.9516
vn,vu dien,vụ điện,1.0000
vn,vu dieu,vụ điều,1.0000
vn,vu dinh,vụ định,0.9444
vn,vu doanh,vụ doanh,1.0000
vn,vu don,vụ đơn,0.9286
vn,vu duoc,vụ được,1.0000
vn,vu duong,vụ đường,1.0000
vn,vu duy,vụ duy,1.0000
vn,vu e,vụ e,1.0000
vn,vu g,vụ g,1.0000
vn,vu ghi,vụ ghi,1.0000
vn,vu giai,vụ giải,1.0000
vn,vu giam,vụ giám,1.0000
vn,vu giao,vụ giao,0.9902
vn,vu giua,vụ giữa,1.0000
vn,vu goi,vụ gọi,1.0000
vn,vu gom,vụ gồm,1.0000
vn,vu gui,vụ gửi,1.0000
vn,vu h,vụ h,1.0000
vn,vu hang,vụ hàng,0.9485
vn,vu hanh,vụ hành,1.0000
vn,vu he,vụ hệ,1.0000
vn,vu ho,vụ hỗ,0.9024
vn,vu hoac,vụ hoặc,0.9944
vn,vu hoat,vụ hoạt,1.0000
vn,vu hop,vụ hợp,0.9600
vn,vu huong,vụ hướng,1.0000
vn,vu huyen,vụ huyện,1.0000
vn,vu i,vụ i,1.0000
vn,vu ii,vụ ii,1.0000
vn,vu internet,vụ internet,1.0000
vn,vu karaoke,vụ karaoke,1.0000
vn,vu kbnn,vụ kbnn,1.0000
vn,vu ket,vụ kết,0.9908
vn,vu kh,vụ kh,1.0000
vn,vu khac,vụ khác,1.0000
vn,vu khach,vụ khách,1.0000
vn,vu khai,vụ khai,1.0000
vn,vu khan,vụ khẩn,1.0000
vn,vu khao,vụ khảo,1.0000
vn,vu khoa,vụ khoa,1.0000
vn,vu khoi,vụ khôi,0.9167
vn,vu khuyen,vụ khuyến,1.0000
vn,vu kiem,vụ kiểm,0.9956
vn,vu kinh,vụ kinh,0.9737
vn,vu la,vụ là,1.0000
vn,vu lam,vụ làm,1.0000
vn,vu lanh,vụ lãnh,1.0000
vn,vu lap,vụ lập,0.9296
vn,vu lay,vụ lấy,1.0000
vn,vu lien,vụ liên,1.0000
vn,vu logistics,vụ logistics,1.0000
vn,vu loi,vụ lợi,0.9800
vn,vu luu,vụ lưu,1.0000
vn,vu mang,vụ mạng,0.9070
vn,vu mat,vụ mật,1.0000
vn,vu mua,vụ mua,1.0000
vn,vu nay,vụ này,0.9737
vn,vu ngan,vụ ngân,0.9938
vn,vu nghien,vụ nghiên,1.0000
vn,vu nguoi,vụ người,1.0000
vn,vu nha,vụ nhà,1.0000
vn,vu nham,vụ nhằm,1.0000
vn,vu nhiem,vụ nhiệm,1.0000
vn,vu noi,vụ nội,0.9524
vn,vu nop,vụ nộp,1.0000
vn,vu nuoc,vụ nước,1.0000
vn,vu online,vụ online,1.0000
vn,vu pc,vụ pc,1.0000
vn,vu phai,vụ phải,1.0000
vn,vu phap,vụ pháp,1.0000
vn,vu phat,vụ phát,0.9960
vn,vu phoi,vụ phối,1.0000
vn,vu phong,vụ phòng,1.0000
vn,vu phuc,vụ phục,1.0000
vn,vu phuong,vụ phương,1.0000
vn,vu quan,vụ quản,0.9727
vn,vu quang,vụ quảng,1.0000
vn,vu quoc,vụ quốc,1.0000
vn,vu quy,vụ quy,0.9852
vn,vu quyen,vụ quyền,1.0000
vn,vu quyet,vụ quyết,1.0000
vn,vu sau,vụ sau,1.0000
vn,vu sinh,vụ sinh,1.0000
vn,vu so,vụ số,0.9259
vn,vu sua,vụ sửa,1.0000
vn,vu t,vụ t,1.0000
vn,vu tem,vụ tem,1.0000
vn,vu thanh,vụ thanh,0.9863
vn,vu the,vụ thẻ,1.0000
vn,vu theo,vụ theo,1.0000
vn,vu thiet,vụ thiết,1.0000
vn,vu thoi,vụ thời,1.0000
vn,vu thong,vụ thông,0.9801
vn,vu thuc,vụ thực,1.0000
vn,vu thuoc,vụ thuộc,0.9938
vn,vu thuy,vụ thủy,1.0000
vn,vu tien,vụ tiền,0.9521
vn,vu tiep,vụ tiếp,1.0000
vn,vu tieu,vụ tiêu,1.0000
vn,vu tin,vụ tin,0.9310
vn,vu to,vụ tổ,0.9925
vn,vu tong,vụ tổng,1.0000
vn,vu tra,vụ trả,0.9615
vn,vu trach,vụ trách,1.0000
vn,vu trang,vũ trang,0.9787
vn,vu trao,vụ trao,1.0000
vn,vu tren,vụ trên,1.0000
vn,vu tri,vụ trí,0.9737
vn,vu trien,vụ triển,1.0000
vn,vu trinh,vụ trình,1.0000
vn,vu trong,vụ trong,0.9558
vn,vu truc,vụ trực,0.9637
vn,vu trung,vụ trung,1.0000
vn,vu truoc,vụ trước,1.0000
vn,vu truong,vụ trưởng,0.9371
vn,vu truy,vụ truy,1.0000
vn,vu truyen,vụ truyền,1.0000
vn,vu tuan,vụ tuân,1.0000
vn,vu tuong,vụ tương,0.9667
vn,vu ung,vụ ứng,1.0000
vn,vu va,vụ và,0.9990
vn,vu ve,vụ về,0.9814
vn,vu vi,vụ ví,0.9146
vn,vu viec,vụ việc,0.9987
vn,vu vien,vụ viễn,1.0000
vn,vu voi,vụ với,1.0000
vn,vu xac,vụ xác,1.0000
vn,vu xay,vụ xây,1.0000
vn,vu xu,vụ xử,1.0000
vn,vu yeu,vụ yêu,1.0000
vn,vua co,vừa có,1.0000
vn,vua thuoc,vừa thuộc,1.0000
vn,vua va,vừa và,0.9167
vn,vua vay,vừa vay,1.0000
vn,vuan hinh,vụán hình,1.0000
vn,vubuu chinh,vụbưu chính,1.0000
vn,vuc 1,vực 1,1.0000
vn,vuc 2,vực 2,1.0000
vn,vuc 3,vực 3,1.0000
vn,vuc an,vực an,1.0000
vn,vuc bi,vực bị,1.0000
vn,vuc buu,vực bưu,1.0000
vn,vuc cam,vực cấm,1.0000
vn,vuc chinh,vực chính,1.0000
vn,vuc chong,vực chống,0.9286
vn,vuc chua,vực chưa,1.0000
vn,vuc chuyen,vực chuyên,0.9492
vn,vuc cong,vực công,0.9752
vn,vuc cu,vực cụ,0.9444
vn,vuc cung,vực cung,0.9000
vn,vuc da,vực đã,1.0000
vn,vuc dat,vực đất,0.9623
vn,vuc denghi,vực đềnghị,1.0000
vn,vuc dia,vực địa,1.0000
vn,vuc dieu,vực điều,1.0000
vn,vuc doi,vực đối,0.9167
vn,vuc don,vực đơn,1.0000
vn,vuc du,vực dự,0.9760
vn,vuc duoc,vực được,1.0000
vn,vuc giam,vực giám,1.0000
vn,vuc hai,vực hải,1.0000
vn,vuc han,vực hạn,1.0000
vn,vuc hang,vực hàng,0.9167
vn,vuc hanh,vực hành,1.0000
vn,vuc hoa,vực hóa,1.0000
vn,vuc hoac,vực hoặc,1.0000
vn,vuc hoat,vực hoạt,1.0000
vn,vuc ii,vực ii,1.0000
vn,vuc in,vực in,1.0000
vn,vuc kbnn,vực kbnn,1.0000
vn,vuc ke,vực kế,1.0000
vn,vuc ket,vực kết,1.0000
vn,vuc khac,vực khác,1.0000
vn,vuc khai,vực khai,1.0000
vn,vuc khi,vực khí,0.9032
vn,vuc khoa,vực khoa,1.0000
vn,vuc khoang,vực khoáng,1.0000
vn,vuc khong,vực không,1.0000
vn,vuc kiem,vực kiểm,1.0000
vn,vuc kinh,vực kinh,1.0000
vn,vuc lien,vực liên,1.0000
vn,vuc mat,vực mật,0.9756
vn,vuc nay,vực này,1.0000
vn,vuc ngan,vực ngân,1.0000
vn,vuc nghien,vực nghiên,1.0000
vn,vuc ngoai,vực ngoài,0.9655
vn,vuc nha,vực nhà,1.0000
vn,vuc noi,vực nơi,0.9595
vn,vuc nong,vực nông,1.0000
vn,vuc phai,vực phải,1.0000
vn,vuc quoc,vực quốc,1.0000
vn,vuc quy,vực quy,1.0000
vn,vuc sau,vực sau,1.0000
vn,vuc tai,vực tài,0.9289
vn,vuc tham,vực thăm,0.9000
vn,vuc theo,vực theo,1.0000
vn,vuc thiet,vực thiết,1.0000
vn,vuc thoi,vực thời,1.0000
vn,vuc thong,vực thông,1.0000
vn,vuc thuc,vực thực,0.9444
vn,vuc thue,vực thuế,0.9268
vn,vuc thuoc,vực thuộc,1.0000
vn,vuc thuong,vực thương,0.9667
vn,vuc tien,vực tiền,0.9815
vn,vuc tong,vực tổng,1.0000
vn,vuc tren,vực trên,1.0000
vn,vuc tri,vực trí,1.0000
vn,vuc va,vực và,1.0000
vn,vuc ve,vực về,1.0000
vn,vuc vien,vực viễn,0.9660
vn,vuc xem,vực xem,1.0000
vn,vuc xuat,vực xuất,1.0000
vn,vuc y,vực y,1.0000
vn,vuchien dau,vụchiến đấu,1.0000
vn,vuchung thu,vụchứng thư,1.0000
vn,vudang uy,vụđảng ủy,1.0000
vn,vudecac tap,vụđểcác tập,1.0000
vn,vuduoc giao,vụđược giao,1.0000
vn,vuduoc xac,vụđược xác,1.0000
vn,vuhoac dat,vụhoặc đạt,1.0000
vn,vui choi,vui chơi,1.0000
vn,vui lap,vùi lấp,1.0000
vn,vukhac duoc,vụkhác được,1.0000
vn,vun loai,vụn loại,1.0000
vn,vung bai,vùng bãi,1.0000
vn,vung bi,vùng bị,1.0000
vn,vung bien,vùng biển,0.9579
vn,vung ca,vùng cả,1.0000
vn,vung canh,vùng cảnh,1.0000
vn,vung cua,vững của,0.9000
vn,vung dac,vùng đặc,1.0000
vn,vung dat,vùng đất,0.9091
vn,vung dia,vùng địa,1.0000
vn,vung doi,vững đối,0.9412
vn,vung dong,vùng đồng,1.0000
vn,vung gia,vùng giá,1.0000
vn,vung gm,vùng gm,1.0000
vn,vung hoat,vùng hoạt,1.0000
vn,vung ke,vùng kế,1.0000
vn,vung kho,vùng khó,1.0000
vn,vung kinh,vùng kinh,1.0000
vn,vung lanh,vùng lãnh,1.0000
vn,vung lien,vùng liên,1.0000
vn,vung luu,vùng lưu,1.0000
vn,vung mang,vùng mạng,1.0000
vn,vung manh,vững mạnh,1.0000
vn,vung nuoc,vùng nước,1.0000
vn,vung quy,vùng quy,1.0000
vn,vung sau,vùng sâu,1.0000
vn,vung tai,vùng tài,0.9091
vn,vung tau,vũng tàu,1.0000
vn,vung ten,vùng tên,1.0000
vn,vung troi,vùng trời,1.0000
vn,vung xa,vùng xa,1.0000
vn,vuon cay,vườn cây,1.0000
vn,vuong goc,vuông góc,1.0000
vn,vuong mac,vướng mắc,1.0000
vn,vuong quoc,vương quốc,1.0000
vn,vuot cac,vượt các,1.0000
vn,vuot cong,vượt công,1.0000
vn,vuot dinh,vượt định,1.0000
vn,vuot duoc,vượt được,1.0000
vn,vuot duoi,vượt dưới,1.0000
vn,vuot gioi,vượt giới,1.0000
vn,vuot han,vượt hạn,1.0000
vn,vuot kho,vượt khó,1.0000
vn,vuot khung,vượt khung,1.0000
vn,vuot muc,vượt mức,1.0000
vn,vuot qua,vượt quá,0.9934
vn,vuot ra,vượt ra,1.0000
vn,vuot tham,vượt thẩm,1.0000
vn,vuot tieu,vượt tiêu,1.0000
vn,vuot tu,vượt từ,1.0000
vn,vutochuc can,vụtổchức cán,1.0000
vn,vutruong vutochuc,vụtrưởng vụtổchức,1.0000
vn,website co,website có,0.9375
vn,website cua,website của,1.0000
vn,website thuong,website thương,1.0000
vn,x da,x đa,0.9351
vn,x doi,x đối,1.0000
vn,x gia,x giá,0.9737
vn,x ky,x kỳ,1.0000
vn,x ma,x mã,0.9550
vn,x mau,x mẫu,1.0000
vn,x mo,x mô,1.0000
vn,x nam,x năm,1.0000
vn,x ngay,x ngày,1.0000
vn,x nguyen,x nguyên,1.0000
vn,x so,x số,1.0000
vn,x u,x ử,1.0000
vn,x vao,x vào,1.0000
vn,x voi,x với,1.0000
vn,xa 1,xã 1,0.9000
vn,xa a,xã a,1.0000
vn,xa an,xã an,0.9167
vn,xa b,xã b,1.0000
vn,xa bi,xã bị,1.0000
vn,xa c,xã c,0.9167
vn,xa cap,xã cấp,1.0000
vn,xa chinh,xạ chính,1.0000
vn,xa cong,xã công,1.0000
vn,xa dac,xã đặc,1.0000
vn,xa gia,xạ giả,1.0000
vn,xa giao,xã giao,1.0000
vn,xa hoi,xã hội,0.9991
vn,xa khong,xã không,0.9643
vn,xa khu,xã khu,1.0000
vn,xa la,xã là,1.0000
vn,xa lam,xã lâm,1.0000
vn,xa lien,xã liên,1.0000
vn,xa luu,xả lưu,0.9848
vn,xa madvhcxa,xã madvhcxa,1.0000
vn,xa mat,xã mất,0.9000
vn,xa noi,xã nơi,0.9703
vn,xa nuoc,xả nước,0.9955
vn,xa phai,xã phải,0.9130
vn,xa phuong,xã phường,1.0000
vn,xa quan,xã quản,1.0000
vn,xa quyet,xã quyết,1.0000
vn,xa sau,xã sau,0.9444
vn,xa thanh,xã thành,1.0000
vn,xa theo,xã theo,0.9565
vn,xa thuc,xã thực,1.0000
vn,xa thuoc,xã thuộc,1.0000
vn,xa to,xã tổ,0.9355
vn,xa tro,xã trở,1.0000
vn,xa uy,xã ủy,1.0000
vn,xa ve,xã về,1.0000
vn,xa viet,xã việt,1.0000
vn,xa xac,xã xác,1.0000
vn,xac an,xác an,1.0000
vn,xac b,xác b,1.0000
vn,xac cac,xác các,1.0000
vn,xac cho,xác cho,1.0000
vn,xac cua,xác của,1.0000
vn,xac day,xác đầy,1.0000
vn,xac de,xác để,0.9000
vn,xac dinh,xác định,1.0000
vn,xac doi,xác đối,1.0000
vn,xac duoc,xác được,1.0000
vn,xac hoac,xác hoặc,1.0000
vn,xac hop,xác hợp,1.0000
vn,xac khach,xác khách,1.0000
vn,xac khong,xác không,1.0000
vn,xac kip,xác kịp,1.0000
vn,xac la,xác là,1.0000
vn,xac lap,xác lập,1.0000
vn,xac minh,xác minh,1.0000
vn,xac nhan,xác nhận,1.0000
vn,xac ro,xác rõ,1.0000
vn,xac theo,xác theo,1.0000
vn,xac thi,xác thì,1.0000
vn,xac thuc,xác thực,1.0000
vn,xac trung,xác trung,1.0000
vn,xac va,xác và,1.0000
vn,xac ve,xác về,0.9750
vn,xach tay,xách tay,1.0000
vn,xam hai,xâm hại,1.0000
vn,xam lan,xâm lấn,1.0000
vn,xam nhap,xâm nhập,1.0000
vn,xam pham,xâm phạm,1.0000
vn,xang dau,xăng dầu,1.0000
vn,xau cua,xấu của,1.0000
vn,xau da,xấu đã,1.0000
vn,xau den,xấu đến,1.0000
vn,xau duoc,xấu được,1.0000
vn,xau theo,xấu theo,1.0000
vn,xau va,xấu và,1.0000
vn,xay dung,xây dựng,0.9994
vn,xay lap,xây lắp,1.0000
vn,xay ra,xảy ra,0.9871
vn,xe chung,xe chứng,0.9474
vn,xe chuyen,xe chuyên,1.0000
vn,xe dang,xe đăng,1.0000
vn,xe de,xe để,0.9231
vn,xe hoac,xe hoặc,1.0000
vn,xe may,xe máy,1.0000
vn,xe mo,xe mô,1.0000
vn,xe o,xe ô,1.0000
vn,xe oto,xe ôtô,1.0000
vn,xe san,xe sản,0.9474
vn,xe so,xe số,1.0000
vn,xe su,xe sử,1.0000
vn,xe tai,xe tải,0.9091
vn,xe toi,xe tối,1.0000
vn,xe tuong,xe tương,1.0000
vn,xem la,xem là,1.0000
vn,xem tai,xem tài,0.9286
vn,xem xet,xem xét,1.0000
vn,xep doi,xếp đổi,1.0000
vn,xep hang,xếp hạng,0.9800
vn,xep lai,xếp lại,1.0000
vn,xep loai,xếp loại,1.0000
vn,xep luong,xếp lương,1.0000
vn,xep theo,xếp theo,1.0000
vn,xep thu,xếp thứ,1.0000
vn,xep to,xếp tổ,1.0000
vn,xep va,xếp và,1.0000
vn,xet ap,xét áp,1.0000
vn,xet ban,xét ban,1.0000
vn,xet bao,xét báo,1.0000
vn,xet cac,xét các,1.0000
vn,xet can,xét căn,0.9474
vn,xet cap,xét cấp,0.9814
vn,xet chap,xét chấp,1.0000
vn,xet cho,xét cho,0.9600
vn,xet chon,xét chọn,1.0000
vn,xet co,xét có,1.0000
vn,xet cong,xét công,1.0000
vn,xet cua,xét của,1.0000
vn,xet dac,xét đặc,1.0000
vn,xet danh,xét đánh,1.0000
vn,xet day,xét đầy,1.0000
vn,xet de,xét đề,0.9167
vn,xet dieu,xét điều,1.0000
vn,xet dua,xét đưa,1.0000
vn,xet dung,xét dừng,1.0000
vn,xet duyet,xét duyệt,1.0000
vn,xet gia,xét gia,1.0000
vn,xet giai,xét giải,1.0000
vn,xet giao,xét giao,1.0000
vn,xet hanh,xét hành,1.0000
vn,xet kha,xét khả,1.0000
vn,xet khen,xét khen,1.0000
vn,xet kiem,xét kiểm,1.0000
vn,xet kyluat,xét kỷluật,1.0000
vn,xet lai,xét lại,1.0000
vn,xet lap,xét lập,1.0000
vn,xet lua,xét lựa,1.0000
vn,xet mien,xét miễn,1.0000
vn,xet nghiem,xét nghiệm,1.0000
vn,xet phe,xét phê,1.0000
vn,xet quyet,xét quyết,1.0000
vn,xet sua,xét sửa,1.0000
vn,xet tam,xét tạm,1.0000
vn,xet tang,xét tặng,0.9951
vn,xet thang,xét thăng,1.0000
vn,xet thay,xét thấy,0.9744
vn,xet theo,xét theo,1.0000
vn,xet thuc,xét thực,1.0000
vn,xet tiep,xét tiếp,1.0000
vn,xet tinh,xét tính,0.9625
vn,xet tong,xét tổng,1.0000
vn,xet trach,xét trách,1.0000
vn,xet trinh,xét trình,1.0000
vn,xet trong,xét trong,1.0000
vn,xet truoc,xét trước,1.0000
vn,xet uu,xét ưu,1.0000
vn,xet va,xét và,1.0000
vn,xet viec,xét việc,1.0000
vn,xet xep,xét xếp,1.0000
vn,xet xu,xét xử,1.0000
vn,xet yeu,xét yêu,1.0000
vn,xi doi,xi đối,1.0000
vn,xi mang,xi măng,1.0000
vn,xi mau,xi mẫu,1.0000
vn,xi nghiep,xí nghiệp,1.0000
vn,xi pyrit,xỉ pyrít,1.0000
vn,xi thu,xỉ thu,0.9000
vn,xii mau,xii mẫu,1.0000
vn,xiii mau,xiii mẫu,1.0000
vn,xin cap,xin cấp,1.0000
vn,xin chiu,xin chịu,1.0000
vn,xin phep,xin phép,1.0000
vn,xin y,xin ý,1.0000
vn,xit quang,xit quảng,1.0000
vn,xiv mau,xiv mẫu,1.0000
vn,xml hoac,xml hoặc,1.0000
vn,xo so,xổ số,0.9688
vn,xoa bo,xóa bỏ,0.9362
vn,xoa cho,xóa cho,1.0000
vn,xoa dang,xóa đăng,0.9107
vn,xoa du,xóa dữ,0.9667
vn,xoa huy,xóa hủy,0.9718
vn,xoi mon,xói mòn,1.0000
vn,xoimon chuoi,xoimon chuỗi,1.0000
vn,xong quyet,xong quyết,1.0000
vn,xong tai,xong tài,1.0000
vn,xong thi,xong thì,1.0000
vn,xto ray,xtơ rây,1.0000
vn,xu giam,xử giám,1.0000
vn,xu giua,xử giữa,1.0000
vn,xu huong,xu hướng,1.0000
vn,xu ly,xử lý,0.9999
vn,xu phat,xử phạt,1.0000
vn,xu phu,xứ phù,1.0000
vn,xu the,xu thế,1.0000
vn,xu tuong,xứ tương,1.0000
vn,xu ve,xử về,1.0000
vn,xu viet,xứ việt,1.0000
vn,xuan phuc,xuân phúc,1.0000
vn,xuat b,xuất b,1.0000
vn,xuat ban,xuất bản,0.9825
vn,xuat bang,xuất bằng,1.0000
vn,xuat bien,xuất biện,0.9630
vn,xuat buon,xuất buôn,1.0000
vn,xuat c,xuất c,1.0000
vn,xuat cac,xuất các,1.0000
vn,xuat canh,xuất cảnh,1.0000
vn,xuat cap,xuất cấp,0.9920
vn,xuat cho,xuất cho,1.0000
vn,xuat chu,xuất chủ,1.0000
vn,xuat cong,xuất công,1.0000
vn,xuat cu,xuất cụ,0.9091
vn,xuat cua,xuất của,1.0000
vn,xuat cung,xuất cung,1.0000
vn,xuat do,xuất do,0.9375
vn,xuat don,xuất đơn,1.0000
vn,xuat duoc,xuất được,1.0000
vn,xuat gia,xuất gia,0.9076
vn,xuat giai,xuất giải,1.0000
vn,xuat hang,xuất hàng,1.0000
vn,xuat hien,xuất hiện,1.0000
vn,xuat hoa,xuất hóa,0.9706
vn,xuat hoac,xuất hoặc,1.0000
vn,xuat ke,xuất kế,1.0000
vn,xuat ket,xuất kết,1.0000
vn,xuat khac,xuất khác,1.0000
vn,xuat khai,xuất khai,1.0000
vn,xuat khau,xuất khẩu,0.9986
vn,xuat khi,xuất khi,1.0000
vn,xuat khoa,xuất khóa,1.0000
vn,xuat khoi,xuất khỏi,0.9167
vn,xuat khu,xuất khu,1.0000
vn,xuat kiem,xuất kiểm,1.0000
vn,xuat kien,xuất kiến,0.9836
vn,xuat kinh,xuất kinh,1.0000
vn,xuat la,xuất là,1.0000
vn,xuat lap,xuất lắp,0.9810
vn,xuat mau,xuất mẫu,1.0000
vn,xuat moi,xuất mới,0.9000
vn,xuat muoi,xuất muối,1.0000
vn,xuat neu,xuất nếu,0.9524
vn,xuat ngan,xuất ngân,1.0000
vn,xuat ngay,xuất ngay,0.9828
vn,xuat nguon,xuất nguồn,1.0000
vn,xuat nham,xuất nhằm,1.0000
vn,xuat nhap,xuất nhập,1.0000
vn,xuat nong,xuất nông,1.0000
vn,xuat phat,xuất phát,0.9655
vn,xuat phi,xuất phi,0.9231
vn,xuat phuong,xuất phương,1.0000
vn,xuat quan,xuất quản,0.9286
vn,xuat ra,xuất ra,1.0000
vn,xuat sac,xuất sắc,1.0000
vn,xuat san,xuất sản,1.0000
vn,xuat sua,xuất sửa,1.0000
vn,xuat theo,xuất theo,1.0000
vn,xuat thiet,xuất thiết,1.0000
vn,xuat thu,xuất thử,0.9341
vn,xuat tien,xuất tiền,0.9333
vn,xuat tieu,xuất tiêu,1.0000
vn,xuat tinh,xuất tình,0.9048
vn,xuat toan,xuất toán,1.0000
vn,xuat tren,xuất trên,1.0000
vn,xuat trinh,xuất trình,1.0000
vn,xuat truong,xuất trưởng,1.0000
vn,xuat tu,xuất từ,0.9474
vn,xuat va,xuất và,1.0000
vn,xuat vang,xuất vàng,1.0000
vn,xuat ve,xuất về,1.0000
vn,xuat viec,xuất việc,1.0000
vn,xuat voi,xuất với,0.9565
vn,xuat vung,xuất vùng,1.0000
vn,xuat xay,xuất xây,0.9091
vn,xuat xu,xuất xứ,0.9329
vn,xuat xuong,xuất xưởng,1.0000
vn,xuc pham,xúc phạm,1.0000
vn,xuc tien,xúc tiến,0.9744
vn,xuc truc,xúc trực,1.0000
vn,xui giuc,xúi giục,1.0000
vn,xuly giai,xửlý giải,1.0000
vn,xung dot,xung đột,1.0000
vn,xung duoc,xứng được,1.0000
vn,xung phai,xứng phải,1.0000
vn,xung va,xứng và,1.0000
vn,xuong 4407,xuống 4407,1.0000
vn,xuong cap,xuống cấp,1.0000
vn,xuong chieu,xuống chiều,1.0000
vn,xuong khoang,xưởng khoảng,1.0000
vn,xuong loai,xuống loại,1.0000
vn,xuong trong,xưởng trong,0.9333
vn,xuyen bien,xuyên biên,1.0000
vn,xuyen chi,xuyên chi,1.0000
vn,xuyen cho,xuyên cho,1.0000
vn,xuyen cong,xuyên công,1.0000
vn,xuyen cua,xuyên của,1.0000
vn,xuyen de,xuyên để,1.0000
vn,xuyen dot,xuyên đột,1.0000
vn,xuyen duoc,xuyên được,1.0000
vn,xuyen hoac,xuyên hoặc,1.0000
vn,xuyen khac,xuyên khác,1.0000
vn,xuyen khong,xuyên không,1.0000
vn,xuyen kiem,xuyên kiểm,1.0000
vn,xuyen lien,xuyên liên,1.0000
vn,xuyen ngan,xuyên ngân,1.0000
vn,xuyen quoc,xuyên quốc,1.0000
vn,xuyen ra,xuyên rà,1.0000
vn,xuyen suot,xuyên suốt,1.0000
vn,xuyen tac,xuyên tạc,1.0000
vn,xuyen thai,xuyên thái,1.0000
vn,xuyen theo,xuyên theo,1.0000
vn,xuyen thuc,xuyên thực,1.0000
vn,xuyen trong,xuyên trong,1.0000
vn,xuyen truc,xuyên trực,1.0000
vn,xuyen va,xuyên và,1.0000
vn,xv mau,xv mẫu,1.0000
vn,xvi mau,xvi mẫu,1.0000
vn,y bang,ý bằng,1.0000
vn,y cho,ý cho,1.0000
vn,y cua,ý của,0.9593
vn,y cung,ý cung,1.0000
vn,y do,ý đồ,0.9412
vn,y duoc,y dược,1.0000
vn,y hoac,ý hoặc,0.9231
vn,y hoc,y học,1.0000
vn,y hoi,ý hỏi,1.0000
vn,y kien,ý kiến,0.9996
vn,y lam,ý làm,1.0000
vn,y muon,ý muốn,1.0000
vn,y nghia,ý nghĩa,1.0000
vn,y nhan,ý nhận,0.9231
vn,y te,y tế,0.9942
vn,y thi,ý thì,1.0000
vn,y thuc,ý thức,1.0000
vn,y truoc,ý trước,0.9091
vn,y vao,ý vào,1.0000
vn,y voi,ý với,1.0000
vn,yen bai,yên bái,1.0000
vn,yet bang,yết bảng,0.9167
vn,yet co,yết cổ,0.9375
vn,yet cong,yết công,1.0000
vn,yet gia,yết giá,1.0000
vn,yet hoac,yết hoặc,1.0000
vn,yet huong,yết hướng,1.0000
vn,yet khong,yết không,1.0000
vn,yet quang,yết quảng,1.0000
vn,yet tai,yết tại,0.9000
vn,yet thong,yết thông,1.0000
vn,yet tren,yết trên,1.0000
vn,yet va,yết và,1.0000
vn,yet viec,yết việc,1.0000
vn,yeu cau,yêu cầu,0.9995
vn,yeu chinh,yếu chính,1.0000
vn,yeu cho,yếu cho,1.0000
vn,yeu cua,yếu của,1.0000
vn,yeu de,yếu để,0.9286
vn,yeu doanh,yếu doanh,1.0000
vn,yeu doi,yếu đối,1.0000
vn,yeu duoc,yếu được,1.0000
vn,yeu hoac,yếu hoặc,1.0000
vn,yeu khac,yếu khác,1.0000
vn,yeu khong,yếu không,1.0000
vn,yeu la,yếu là,1.0000
vn,yeu lo,yếu lỗ,1.0000
vn,yeu ly,yếu lý,1.0000
vn,yeu sau,yếu sau,1.0000
vn,yeu theo,yếu theo,1.0000
vn,yeu thuoc,yếu thuộc,1.0000
vn,yeu to,yếu tố,0.9976
vn,yeu trang,yếu trang,1.0000
vn,yeu trong,yếu trong,0.9167
vn,yeu truc,yếu trực,1.0000
vn,yeu va,yếu và,1.0000
vn,yeu ve,yếu về,1.0000
